certificate_no,application_no,issue_date,file_number,company_name,equipment,source_pdf,source_url,source_type,extraction_method,manual_verified,model_series,brand,manufacturer,approval_mark,instrument_type,accuracy_class,raw_capacity,max_capacity,capacity_unit,raw_min_capacity,min_capacity,raw_scale_interval,verification_scale_interval,display_type,working_principle,load_cell_make,load_cell_model,load_cell_class,load_cell_capacity,software_version,checksum,sealing_details,approval_coverage,n_value,e_value,extraction_confidence
1,23611,2026-01-01,I-21/371/2025-W&M Section,GOONJ COMMUNICATION & ELECTRONIC SCALE CO.,Any other Weight or Measure,1.pdf,https://lm.doca.gov.in/ModelApproval/Certificates/2026/1.pdf,DOCA_MODEL_APPROVAL,PDF_TEXT,False,TB-01,GOONJ,"M/s Goonj Communication & Electronic Scale Co., B-39 T/2, B-Block",IND/09/26/,Mechanical Hanging Scale (Tubular Balance),Class III,20kg,20.0,kg,2kg,2.0,200g,200.0,Analogue Display with graduated scale and pointer,Spring and Lever based,Standard Strain Gauge,,C3,,Ver-1.0,,Sealing is done by passing the sealing wire through the spring.  A lead seal is put at  the end of the wire for stamping purpose (Sealing diagram to prevent the fraudulent practices  of the model is given above as Figure 2).,"shall also cover the weighing instruments of  similar make, accuracy and performance of same series with capacity up to 500kg with  number of verification scale interval (n)  in the range of 100 to 1000 for ‘e’ value of 5g or  more with ‘e’ value of 1x10k, 2x10k or  5x10k, where  k is a positive or negative whole number  or equal to zero manufactured by the same manufacturer in accordance with the same  principle, design and with the same materials with which, the said approved model has been",100 to 1000,5g or,100.0
2,23672,2026-01-01,I-21/1/2026-W&M,NILKANTH DIGITAL SCALE CO.,Non-automatic weighing instrument,2.pdf,https://lm.doca.gov.in/ModelApproval/Certificates/2026/2.pdf,DOCA_MODEL_APPROVAL,PDF_TEXT,False,NKTT,N K SCALE,"the same manufacturer in accordance with the same 
principle, design and with the same materials with which, the said approved model has been",IND/09/26/02,Electronic Table top type,Class III,30kg,30.0,kg,100g,0.1,5g,5.0,LED,Strain Gauge type load cell based,based  Load Cell,,C3,,mothercard_firmware_v1.5.0.hex,e24a8d3c12b7f5a89e1b2f7c0d95e6f3b7c3d2f9ale0b,Sealing is done by passing the sealing wire through the holes provided on the body of  machine. A lead seal is put at the end of the wire for stamping purpose (sealing diagram and  photograph to prevent the fraudulent practices of the model is given above as Figure 2). A dip  switch has also been provided in mother board/PCB to disable access to external calibration.,"shall also cover the weighing instruments of  similar make, accuracy and performance of same series with capacity up to 50kg with number  of verification scale interval (n) in the range of 500 to 10000 for ‘e’ value of 5g or more and  with number of verification scale interval (n) in the range of 100 to 10000 for ‘e’ value of 100mg to 2g with ‘e’ value of 1x10k, 2x10k or  5x10k, where  k is a positive or negative whole  number or equal to zero manufactured by the same manufacturer in accordance with the same",500 to 10000,5g or more and,100.0
3,23676,2026-01-01,I-21/1/2026-W&M,NILKANTH DIGITAL SCALE CO.,Non-automatic weighing instrument,3.pdf,https://lm.doca.gov.in/ModelApproval/Certificates/2026/3.pdf,DOCA_MODEL_APPROVAL,PDF_TEXT,False,NKPF,N K SCALE,"the same manufacturer in accordance with the same 
principle, design and with the same materials with which, the said approved model has been",IND/09/26/03,Electronic Platform Scale,Class III,200kg,200.0,kg,400g,0.4,20g,20.0,LED,Strain Gauge type load cell based,based  Load Cell,,C3,,mothercard_firmware_v1.5.0.hex,e24a8d3c12b7f5a89e1b2f7c0d95e6f3b7c3d2f9a1e0b5c4d,Sealing is done by passing the sealing wire through the holes provided on the body of  machine. A lead seal is put at the end of the wire for stamping purpose (sealing diagram and  photograph to prevent the fraudulent practices of the model is given above as Figure 2). A dip  switch has also been provided in mother board/PCB to disable access to external calibration.,"shall also cover the weighing instruments of  similar make, accuracy and performance of same series with capacity above 50kg and 5000kg with number of verification scale interval (n) in the range of 500 to 10000 for ‘e’ value of 5g or more with ‘e’ value of 1x10k, 2x10k or  5x10k, where  k is a positive or negative whole  number or equal to zero manufactured by the same manufacturer in accordance with the same  principle, design and with the same materials with which, the said approved model has been",500 to 10000,5g,100.0
5,23585,2026-01-07,I-21/5/2026-W&M Section,MAKITA POWER TOOLS INDIA PRIVATE LIMITED,Measuring tape,5.pdf,https://lm.doca.gov.in/ModelApproval/Certificates/2026/5.pdf,DOCA_MODEL_APPROVAL,PDF_TEXT,False,B-57146,MAKITA,MAKITA POWER TOOLS INDIA PRIVATE LIMITED,IND/09/26/05,Measuring tape,Class II,30 kg,30.0,kg,100 g,0.1,5 g,5.0,Digital LED/LCD,Strain Gauge type load cell based,Standard Strain Gauge,,C3,,Ver-1.0,,Standard lead seal with wire passing through chassis holes.,,500 to 10000,5g or more,100.0
6,15364,2026-01-07,I-21/380/2025-W&M Section,Minebea Intec India Private Limited.,Any other Weight or Measure,6.pdf,https://lm.doca.gov.in/ModelApproval/Certificates/2026/6.pdf,DOCA_MODEL_APPROVAL,PDF_TEXT,False,IEB,Minebea Intec,"M/s Minebea Intec India Private Limited, 26-D, Phase-II",IND/09/26/,Continuous totalizing automatic weighing instrument (Belt Weigher),"1 of series “IEB” and with brand name "" Minebea Intec "" ( hereafter in this notification referred to as the said",30 kg,30.0,kg,100 g,0.1,(dt),5.0,TFT Colour,Load cell and electronics based,and electronics based  Accuracy class,,C3,,02.27.02,DCFAF958,Standard lead seal with wire passing through chassis holes.,"shall also cover the weighing instruments of similar make, accuracy and performance of  same series with capacities upto  18000 t/h with belt speed from 0.5m/s to 4m/s manufactured by the same  manufacturer in accordance with the same principle, design and with the same materials with which, the said  approved model has been manufactured.                                                                                                [F.No. I-21/380/2025-W&M Section]",500 to 10000,5g or more,100.0
7,23486,2026-01-07,I-21/346/2025-W&M Section,MADURAI METRIC WORKS,Non-automatic weighing instrument,7.pdf,https://lm.doca.gov.in/ModelApproval/Certificates/2026/7.pdf,DOCA_MODEL_APPROVAL,PDF_TEXT,False,RC,RANGA,"M/s MADURAI METRIC WORKS, 22-A, Thirumalai Rayar Padithurai",IND/09/26/,Electronic Table top type,Class I,3200g,3.2,kg,1g,0.001,10mg,10.0,LCD,EMFC,Standard Strain Gauge,,C3,,FU Ver 101 15,0x16E1C658,Sealing is done by passing the sealing wire through the holes provided on the body of  machine. A lead seal is put at the end of the wire for stamping purpose (Sealing diagram and  photograph to prevent the fraudulent practices of the model is given above as Figure 2). A dip  switch has also been provided in mother board/PCB to disable access to external calibration.,"shall also cover the weighing instruments of  similar make, accuracy and performance of same series with capacity up to 20kg with number  of verification scale interval (n)  50000 or more for ‘e’ value of 1mg or more with ‘e’ value  of 1x10k, 2x10k or  5x10k, where  k is a positive or negative whole number or equal to zero  manufactured by the same manufacturer in accordance with the same principle, design and  with the same materials with which, the said approved model has been manufactured.",500 to 10000,1mg or more with ‘e’ value,100.0
8,23487,2026-01-07,I-21/346/2025-W&M Section,MADURAI METRIC WORKS,Non-automatic weighing instrument,8.pdf,https://lm.doca.gov.in/ModelApproval/Certificates/2026/8.pdf,DOCA_MODEL_APPROVAL,PDF_TEXT,False,RE,RANGA,"M/s MADURAI METRIC WORKS, 22-A, Thirumalai Rayar Padithurai",IND/09/26/08,Electronic Table top (Price Computing),Class III,30kg,30.0,kg,100g,0.1,5g,5.0,LCD,Strain Gauge Load Cell Based,Based   Software Version,,C3,,V 14.10,34559a18232bc0c6c417410234688a26482b82192c9,Sealing is done by passing the sealing wire through the holes provided on the body of  machine. A lead seal is put at the end of the wire for stamping purpose (Sealing diagram and  photograph to prevent the fraudulent practices of the model is given above as Figure 2). A dip  switch has also been provided in mother board/PCB to disable access to external calibration.,"shall also cover the weighing instruments of  similar make, accuracy and performance of same series with capacity up to 50kg with number  of verification scale interval (n)  in the range of 500 to 10000 for ‘e’ value of 5g or more and  with number of verification scale interval (n) in the range of 100 to 10000 for ‘e’ value of  100mg to 2g with ‘e’ value of 1x10k, 2x10k or  5x10k, where  k is a positive or negative whole  number or equal to zero manufactured by the same manufacturer in accordance with the same",500 to 10000,5g or more and,100.0
9,23511,2026-01-07,I-21/372/2025-W&M Section,AXPERT ENTERPRISE,Non-automatic weighing instrument,9.pdf,https://lm.doca.gov.in/ModelApproval/Certificates/2026/9.pdf,DOCA_MODEL_APPROVAL,PDF_TEXT,False,MISP,AXPERT,"M/s Axpert Enterprise, E-149, 150",IND/09/26/09,Electronic Platform type (Multi-Interval),Class III,100kg/200kg/300kg,300.0,kg,200g,0.2,10g/20g/50g,50.0,LED,Strain Gauge type load cell based,based  Load Cell,,C3,,Ver-1.00,CRC-32-5D9458E1,Sealing is done by passing the sealing wire through the holes provided on the body of  machine. A lead seal is put at the end of the wire for stamping purpose (a typical schematic  diagram of sealing provision to prevent the fraudulent practices of the model is given above  as Figure 2). A dip switch has also been provided in mother board/PCB to disable access to  external calibration.,"shall also cover the weighing instruments of  similar make, accuracy and performance of same series with capacity above 50kg and up to  5000kg with number of verification scale interval (n)  in the range of 500 to 10000 for ‘e’  value of 5g or more with ‘e’ value of 1x10k, 2x10k or  5x10k, where  k is a positive or negative  whole number or equal to zero manufactured by the same manufacturer in accordance with  the same principle, design and with the same materials with which, the said approved model",500 to 10000,5g or more with ‘e’ value of 1x10k,100.0
10,23512,2026-01-07,I-21/372/2025-W&M Section,AXPERT ENTERPRISE,Non-automatic weighing instrument,10.pdf,https://lm.doca.gov.in/ModelApproval/Certificates/2026/10.pdf,DOCA_MODEL_APPROVAL,PDF_TEXT,False,MISP,AXPERT,"M/s Axpert Enterprise, E-149, 150",IND/09/26/10,Electronic Bench type (Multi-Interval),Class III,100kg/200kg/300kg,300.0,kg,200g,0.2,10g/20g/50g,50.0,LED,Strain Gauge type load cell based,based  Load Cell,,C3,,Ver-1.00,CRC-32-5D9458E1,Sealing is done by passing the sealing wire through the holes provided on the body of  machine. A lead seal is put at the end of the wire for stamping purpose (a typical schematic  diagram of sealing provision to prevent the fraudulent practices of the model is given above  as Figure 2). A dip switch has also been provided in mother board/PCB to disable access to  external calibration.,"shall also cover the weighing instruments of  similar make, accuracy and performance of same series with capacity above 50kg and up to  1000kg with number of verification scale interval (n)  in the range of 500 to 10000 for ‘e’  value of 5g or more with ‘e’ value of 1x10k, 2x10k or  5x10k, where  k is a positive or negative  whole number or equal to zero manufactured by the same manufacturer in accordance with  the same principle, design and with the same materials with which, the said approved model",500 to 10000,5g or more with ‘e’ value of 1x10k,100.0
11,23523,2026-01-07,I-21/372/2025-W&M Section,AXPERT ENTERPRISE,Non-automatic weighing instrument,11.pdf,https://lm.doca.gov.in/ModelApproval/Certificates/2026/11.pdf,DOCA_MODEL_APPROVAL,PDF_TEXT,False,MISPC,AXPERT,"M/s Axpert 
Enterprise, E-149, 150",IND/09/26/11,Electronic Table top type (Multi Interval Price Computing),Class III,10kg/20kg/30kg,30.0,kg,20g,0.02,1g/2g/5g,5.0,LED,Strain Gauge type load cell based,based  Load Cell,,C3,,Ver-1.00,CRC-32-5054D3B6,Sealing is done by passing the sealing wire through the holes provided on the body of  machine. A lead seal is put at the end of the wire for stamping purpose (a typical schematic  diagram of sealing provision to prevent the fraudulent practices of the model is given above as  Figure 2). A dip switch has also been provided in mother board/PCB to disable access to external  calibration.,"shall also cover the weighing instruments of similar make, accuracy  and performance of same series with capacity up to 50kg with number of verification scale  interval (n)  in the range of 500 to 10000 for ‘e’ value of 5g or more and with number of  verification scale interval (n) in the range of 100 to 10000 for ‘e’ value of 100mg to 2g with ‘e’  value of 1x10k, 2x10k or  5x10k, where  k is a positive or negative whole number or equal to zero  manufactured by the same manufacturer in accordance with the same principle, design and with",500 to 10000,5g or more and with number of,100.0
12,23524,2026-01-07,I-21/372/2025-W&M Section,AXPERT ENTERPRISE,Non-automatic weighing instrument,12.pdf,https://lm.doca.gov.in/ModelApproval/Certificates/2026/12.pdf,DOCA_MODEL_APPROVAL,PDF_TEXT,False,MISP-PC,AXPERT,"M/s Axpert Enterprise, E-149, 150",IND/09/26/12,Electronic Platform type (Multi-Interval Price Computing),Class III,100kg/200kg/300kg,300.0,kg,200g,0.2,10g/20g/50g,50.0,LED,Strain Gauge type load cell based,based  Load Cell,,C3,,Ver-1.00,CRC-32-5054D3B6,Sealing is done by passing the sealing wire through the holes provided on the body of  machine. A lead seal is put at the end of the wire for stamping purpose (a typical schematic  diagram of sealing provision to prevent the fraudulent practices of the model is given above  as Figure 2). A dip switch has also been provided in mother board/PCB to disable access to  external calibration.,"shall also cover the weighing instruments of  similar make, accuracy and performance of same series with capacity above 50kg and up to  5000kg with number of verification scale interval (n)  in the range of 500 to 10000 for ‘e’  value of 5g or more with ‘e’ value of 1x10k, 2x10k or  5x10k, where  k is a positive or negative  whole number or equal to zero manufactured by the same manufacturer in accordance with  the same principle, design and with the same materials with which, the said approved model",500 to 10000,5g or more with ‘e’ value of 1x10k,100.0
13,23488,2026-01-07,I-21/352/2025-W&M Section,VAIGAI ELECTRONICS,Non-automatic weighing instrument,13.pdf,https://lm.doca.gov.in/ModelApproval/Certificates/2026/13.pdf,DOCA_MODEL_APPROVAL,PDF_TEXT,False,VG,VAIGAI,"M/s Vaigai Electronic, # No 6, P.T. Rajan 2nd Street",IND/09/26/,Electronic Table top type,Class I,3200g,3.2,kg,1g,0.001,10mg,10.0,LCD,EMFC,Standard Strain Gauge,,C3,,FU Ver 101 15,0x16E1C658,Sealing is done by passing the sealing wire through the holes provided on the body of  machine. A lead seal is put at the end of the wire for stamping purpose (Sealing diagram and  photograph to prevent the fraudulent practices of the model is given above as Figure 2). A dip  switch has also been provided in mother board/PCB to disable access to external calibration.,"shall also cover the weighing instruments of  similar make, accuracy and performance of same series with capacity up to 20kg with number  of verification scale interval (n)  50000 or more for ‘e’ value of 1mg or more with ‘e’ value  of 1x10k, 2x10k or  5x10k, where  k is a positive or negative whole number or equal to zero  manufactured by the same manufacturer in accordance with the same principle, design and  with the same materials with which, the said approved model has been manufactured.",500 to 10000,1mg or more with ‘e’ value,100.0
14,22078,2026-01-07,I-21/361/2025-W&M Section,PESER AUTOMATION AND DIGITAL SYSTEMS (OPC) PRIVATE LIMITED,Any other Weight or Measure,14.pdf,https://lm.doca.gov.in/ModelApproval/Certificates/2026/14.pdf,DOCA_MODEL_APPROVAL,PDF_TEXT,False,PA/WB,PESER WB SERIES,"M/s. PESER AUTOMATION AND DIGITAL SYSTEMS (OPC) 
PRIVATE LIMITED, GROUND FLOOR, NO.63",IND/09/26/,Electronic Weighbridge type,Class III,30t,30.0,tonne,200kg,200.0,10kg,10000.0,LED,Strain Gauge type load cell based,based  Load Cell,,C3,,6.01,0x0010 EA29,Sealing is done by passing the sealing wire through the holes provided on the body of  machine. A lead seal is put at the end of the wire for stamping purpose (a typical schematic  diagram of sealing provision to prevent the fraudulent practices of the model is given above  as Figure 2). A dip switch has also been provided in mother board/PCB to disable access to  external calibration.,"shall also cover the weighing instruments of  similar make, accuracy and performance of same series with capacity above 5t and up to 100t  with number of verification scale interval (n)  in the range of 500 to 10000 for ‘e’ value of 5g  or more  with ‘e’ value of 1x10k, 2x10k or  5x10k, where  k is a positive or negative whole  number or equal to zero manufactured by the same manufacturer in accordance with the same  principle, design and with the same materials with which, the said approved model has been",500 to 10000,5g,100.0
15,17297,2026-01-07,I-21/381/2025-W&M Section,ESSAE DIGITRONICS PRIVATE LIMITED,Automatic Gravimetric Filling Instrument,15.pdf,https://lm.doca.gov.in/ModelApproval/Certificates/2026/15.pdf,DOCA_MODEL_APPROVAL,PDF_TEXT,False,EMULATOR,Essae,"M/s. ESSAE DIGITRONICS PRIVATE LIMITED # 34 & 35, 
Bommasandra Industrial Area, BENGALURU",IND/09/26/,Automatic gravimetric filling instrument,"X(x), where x=1 of series “EMULATOR” and with brand name “Essae” (hereinafter",30 kg,30.0,kg,100 g,0.1,20 kg,20000.0,TFT LCD,Strain gauge type load cell based,based  Accuracy class,,C3,,2.0.0.0,2AE7CB48AE5CF619D606680FCB97524F1400C28974B084BCF8E6B2C35,Standard lead seal with wire passing through chassis holes.,,500 to 10000,5g or more,100.0
16,22131,2026-01-08,I-21/313/2025-W&M Section,PRAYAS ENGINEERING LIMITED,Any other Weight or Measure,16.pdf,https://lm.doca.gov.in/ModelApproval/Certificates/2026/16.pdf,DOCA_MODEL_APPROVAL,PDF_TEXT,False,PELWEIGH,PRAYAS ENGINEERING,"M/s 
Prayas Engineering Limited, 24/B Savli Industrial Estate, Manjusar",IND/09/26/,Continuous Totalizing Automatic Weighing Instrument,0.5 of series “PELWEIGH” and,1000 kg each,1000.0,kg,of the weighing module,0.1,(dt),5.0,/Indication,Electronics and load cell based,based  Max. Capacity of weighing module,,C3,of weighing module,Ver-1.0,1091,Standard lead seal with wire passing through chassis holes.,,500 to 10000,5g or more,100.0
17,23494,2026-01-08,I-21/6/2026-W&M Section,GIYANA INDUSTRIES PRIVATE LIMITED,Measuring tape,17.pdf,https://lm.doca.gov.in/ModelApproval/Certificates/2026/17.pdf,DOCA_MODEL_APPROVAL,PDF_TEXT,False,INCHITAPE 03,INCHITAPE,"M/s Giyana 
Industries Private Limited, Khasra No. 15/24,25",IND/09/26/,Measuring tape,Class II,30 kg,30.0,kg,100 g,0.1,5 g,5.0,Digital LED/LCD,Strain Gauge type load cell based,Standard Strain Gauge,,C3,,Ver-1.0,,Standard lead seal with wire passing through chassis holes.,,500 to 10000,5g or more,100.0
18,23653,2026-01-08,I-21/3/2026-W&M Section,NIVI TECHNOLOGIES,Non-automatic weighing instrument,18.pdf,https://lm.doca.gov.in/ModelApproval/Certificates/2026/18.pdf,DOCA_MODEL_APPROVAL,PDF_TEXT,False,NIVI-TT-PRC,NIVI,"M/s NIVI Technologies, #7-77/6, Boduppal",IND/09/26/18,Electronic Table top type (Price Computing),Class III,30kg,30.0,kg,100g,0.1,5g,5.0,LED,Strain Gauge type load cell based,based  Load Cell,,C3,,Fw03.1,0f6277cf3cda3435a48ad010b2b467094ee884f3,Sealing is done by passing the sealing wire through the holes provided on the body of  machine. A lead seal is put at the end of the wire for stamping purpose (a typical schematic  diagram of sealing provision to prevent the fraudulent practices of the model is given above  as Figure 2). A dip switch has also been provided in mother board/PCB to disable access to  external calibration.,"shall also cover the weighing instruments of  similar make, accuracy and performance of same series with capacity up to 50kg with number  of verification scale interval (n)  in the range of 500 to 10000 for ‘e’ value of 5g or more and  with number of verification scale interval (n) in the range of 100 to 10000 for ‘e’ value of  100mg to 2g with ‘e’ value of 1x10k, 2x10k or  5x10k, where  k is a positive or negative whole  number or equal to zero manufactured by the same manufacturer in accordance with the same",500 to 10000,5g or more and,100.0
19,23652,2026-01-08,I-21/3/2026-W&M Section,NIVI TECHNOLOGIES,Non-automatic weighing instrument,19.pdf,https://lm.doca.gov.in/ModelApproval/Certificates/2026/19.pdf,DOCA_MODEL_APPROVAL,PDF_TEXT,False,NIVI-TT,NIVI,"M/s NIVI Technologies, #7-77/6, Boduppal",IND/09/26/,Electronic Table top type,Class III,30kg,30.0,kg,100g,0.1,5g,5.0,LED,Strain Gauge type load cell based,based  Load Cell,,C3,,V_A_01.1,0f6672090c949fdd55dc0edbc190a78da3453647,Sealing is done by passing the sealing wire through the holes provided on the body of  machine. A lead seal is put at the end of the wire for stamping purpose (a typical schematic  diagram of sealing provision to prevent the fraudulent practices of the model is given above  as Figure 2). A dip switch has also been provided in mother board/PCB to disable access to  external calibration.,"shall also cover the weighing instruments of  similar make, accuracy and performance of same series with capacity up to 50kg with number  of verification scale interval (n)  in the range of 500 to 10000 for ‘e’ value of 5g or more and  with number of verification scale interval (n) in the range of 100 to 10000 for ‘e’ value of  100mg to 2g with ‘e’ value of 1x10k, 2x10k or  5x10k, where  k is a positive or negative whole  number or equal to zero manufactured by the same manufacturer in accordance with the same",500 to 10000,5g or more and,100.0
20,23654,2026-01-08,I-21/3/2026-W&M Section,NIVI TECHNOLOGIES,Non-automatic weighing instrument,20.pdf,https://lm.doca.gov.in/ModelApproval/Certificates/2026/20.pdf,DOCA_MODEL_APPROVAL,PDF_TEXT,False,NIVI-PF,NIVI,"M/s NIVI Technologies, #7-77/6, Boduppal",IND/09/26/,Electronic Platform type,Class III,300kg,300.0,kg,1000g,1.0,50g,50.0,LED,Strain Gauge type load cell based,based  Load Cell,,C3,,V_A_01.1,0f6672090c949fdd55dc0edbc190a78da3453647,Sealing is done by passing the sealing wire through the holes provided on the body of  machine. A lead seal is put at the end of the wire for stamping purpose (a typical schematic  diagram of sealing provision to prevent the fraudulent practices of the model is given above  as Figure 2). A dip switch has also been provided in mother board/PCB to disable access to  external calibration.,"shall also cover the weighing instruments of  similar make, accuracy and performance of same series with capacity above 50kg and up to  5000kg with number of verification scale interval (n)  in the range of 500 to 10000 for ‘e’  value of 5g or more with ‘e’ value of 1x10k, 2x10k or  5x10k, where  k is a positive or negative  whole number or equal to zero manufactured by the same manufacturer in accordance with  the same principle, design and with the same materials with which, the said approved model",500 to 10000,5g or more with ‘e’ value of 1x10k,100.0
21,22075,2026-01-08,I-21/370/2025-W&M Section,SHREE BALAJI ELECTRONIC,Non-automatic weighing instrument,21.pdf,https://lm.doca.gov.in/ModelApproval/Certificates/2026/21.pdf,DOCA_MODEL_APPROVAL,PDF_TEXT,False,SBE-WВ,EXPORTWAY,"M/s Shree Balaji 
Electronic, Harni Mahadev Road, Near Hanuman Temple",IND/09/25/,Electronic Weighbridge type,Class III,40t,40.0,tonne,200kg,200.0,10kg,10000.0,LED Display indicates the weighing result and LCD is for,Strain Gauge type load cell based,based  Load Cell,,C3,,rev.1.6,00422a33,"Sealing is done by passing the sealing wire through the holes provided on the body of machine.  A lead seal is put at the end of the wire for stamping purpose (a typical schematic diagram of sealing  provision to prevent the fraudulent practices of the model is given above as Figure 2). A dip switch  has also been provided in mother board/PCB to disable access to external calibration.  Further, in exercise of the power conferred by sub-rule (9) of rule 8 of the Legal Metrology","shall also cover the weighing instruments of similar make, accuracy and  performance of same series with capacity above 5t and up to 150t with number of verification scale  interval (n)  in the range of 500 to 10000 for ‘e’ value of 5g or more  with ‘e’ value of 1x10k, 2x10k or   5x10k, where  k is a positive or negative whole number or equal to zero manufactured by the same  manufacturer in accordance with the same principle, design and with the same materials with which,  the said approved model has been manufactured.",500 to 10000,5g or more  with ‘e’ value of 1x10k,100.0
22,23810,2026-01-08,I-21/8/2026-W&M Section,GILBARCO VEEDER ROOT INDIA PRIVATE LIMITED,Measuring Systems for Liquids Other than Water,22.pdf,https://lm.doca.gov.in/ModelApproval/Certificates/2026/22.pdf,DOCA_MODEL_APPROVAL,PDF_TEXT,False,described,GILBARCO,"M/s Gilbarco Veeder Root India Pvt 
Ltd, PDP Manufacturing Facility, SF No. 628/2 & 627/2",IND/09/26/,Measuring Systems for Liquids Other than Water,"0.5 (hereinafter referred to as the said model), manufactured by M/s Gilbarco Veeder Root India Pvt",30 kg,30.0,kg,100 g,0.1,5 g,5.0,ed as A31101),Strain Gauge type load cell based,Standard Strain Gauge,,C3,,and checksum of the calculating /indicating device type Apollo-II,of the calculating /indicating device type Apollo-II,Standard lead seal with wire passing through chassis holes.,,500 to 10000,5g or more,100.0
23,23662,2026-01-09,I-21/4/2026-W&M Section,MANGAL MURTI WEIGHING SOLUTIONS,Non-automatic weighing instrument,23.pdf,https://lm.doca.gov.in/ModelApproval/Certificates/2026/23.pdf,DOCA_MODEL_APPROVAL,PDF_TEXT,False,MMTT,MAHESHWARI SCALES,"M/s Mangal Murti Weighing Solutions, 464/133B, Madhowadi",IND/09/26/,Electronic Table top Type,Class II,30kg,30.0,kg,100g,0.1,2g,2.0,Seven Segment LED,Strain Gauge type load cell based,based  Load Cell,,C3,,mothercard firmware v1.5.0.hex,e24a8d3c12b7f5a89e1b2f7c0d95e6f3b7c3d2f9a1e0b5c,Sealing is done by passing the sealing wire through the holes provided on the body of  machine. A lead seal is put at the end of the wire for stamping purpose (Sealing diagram and  photograph to prevent the fraudulent practices of the model is given above as Figure 2). A dip  switch has also been provided in mother board/PCB to disable access to external calibration.,"shall also cover the weighing instruments of  similar make, accuracy and performance of same series with capacity up to 50kg with number  of verification scale interval (n)  in the range of 5000 to 60000 for ‘e’ value of 100mg or more  and with number of verification scale interval (n) in the range of 100 to 60000 for ‘e’ value  of 1mg to 50mg with ‘e’ value of 1x10k, 2x10k or  5x10k, where  k is a positive or negative  whole number or equal to zero manufactured by the same manufacturer in accordance with",5000 to 60000,100mg or more,100.0
24,23663,2026-01-09,I-21/4/2026-W&M Section,MANGAL MURTI WEIGHING SOLUTIONS,Non-automatic weighing instrument,24.pdf,https://lm.doca.gov.in/ModelApproval/Certificates/2026/24.pdf,DOCA_MODEL_APPROVAL,PDF_TEXT,False,MMEP,MAHESHWARI SCALES,"M/s Mangal Murti Weighing Solutions, 464/133B, Madhowadi",IND/09/26/,Electronic Platform Type,Class III,300kg,300.0,kg,1kg,1.0,50g,50.0,Seven Segment LED,Strain Gauge type load cell based,based  Load Cell,,C3,,mothercard firmware v1.5.0.hex,e24a8d3c12b7f5a89e1b2f7c0d95e6f3b7c3d2f9a1e0b5c,Sealing is done by passing the sealing wire through the holes provided on the body of  machine. A lead seal is put at the end of the wire for stamping purpose (Sealing diagram and  photograph to prevent the fraudulent practices of the model is given above as Figure 2). A dip  switch has also been provided in mother board/PCB to disable access to external calibration.,"shall also cover the weighing instruments of  similar make, accuracy and performance of same series with capacity above 50kg and up to  5000kg with number of verification scale interval (n)  in the range of 500 to 10000 for ‘e’  value of 5g or more with ‘e’ value of 1x10k, 2x10k or  5x10k, where  k is a positive or negative  whole number or equal to zero manufactured by the same manufacturer in accordance with  the same principle, design and with the same materials with which, the said approved model",500 to 10000,5g or more with ‘e’ value of 1x10k,100.0
25,23464,2026-01-09,I-21/7/2026-W&M Section,RHINO SERVICES PRIVATE LIMITED,CNG Dispenser,25.pdf,https://lm.doca.gov.in/ModelApproval/Certificates/2026/25.pdf,DOCA_MODEL_APPROVAL,PDF_TEXT,False,with brand name “RHINO,RHINO,"M/s.  Rhino Services Pvt. Ltd., 112, Millennium Plaza",IND/09/26/,CNG Dispenser,"1.5 of “RH.02.EH/EM” series with brand name “RHINO” (hereinafter  referred to as the said model),",30 kg,30.0,kg,100 g,0.1,5 g,5.0,Type,based on corioilis mass flowmeter,Standard Strain Gauge,,C3,,RH.01.01,CRC16,Standard lead seal with wire passing through chassis holes.,,500 to 10000,5g or more,100.0
26,23468,2026-01-09,I-21/377/2025-W&M Section,CONCRAFT TECHNOLOGIES PRIVATE LIMITED,Discontinuous Totalizing Automatic Weighing Instrument (Hopper weigher),26.pdf,https://lm.doca.gov.in/ModelApproval/Certificates/2026/26.pdf,DOCA_MODEL_APPROVAL,PDF_TEXT,False,CCP,CONCRAFT TECHNOLOGIES PRIVATE LIMITED,"M/s. CONCRAFT TECHNOLOGIES PRIVATE LIMITED, Plot No.S-47(B1)B, S47A",IND/09/26/,Discontinuous Totalizing Automatic Weighing Instrument (Hopper weigher),1 of series “CCP” and with brand name,30 kg,30.0,kg,100 g,0.1,(dt),5.0,LCD,Strain gauge type load cell based,based  Max. Capacity,,C3,acity,IDS Edge V1,2b54f1414f6e1a83f89fba88185bd0ae2fbbd0cf2d019d77150b3bcb2c,"Sealing is done by passing the sealing wire through the holes provided (a typical schematic diagram  and photograph of sealing provision to prevent the fraudulent practices of the model is given above as  Figure 2).A dip switch has also been provided in mother board/PCB to disable access to external calibration.  Further, in exercise of the power conferred by sub-rule (9) of rule 8 of the Legal Metrology  (Approval of Models) Rules, 2011, the Central Government hereby declares that this certificate of approval","shall also cover the weighing instruments of similar make, accuracy and performance of  same series with capacity upto 250m3/hr manufactured by the same manufacturer in accordance with the  same principle, design and with the same materials with which, the said approved model has been  manufactured                                                                                 [F.No. I-21/377/2025-W&M Section]",500 to 10000,5g or more,100.0
27,23457,2026-01-14,I-21/9/2026-W&M Section,ESSAE -TERAOKA PRIVATE LIMITED,Non-automatic weighing instrument,27.pdf,https://lm.doca.gov.in/ModelApproval/Certificates/2026/27.pdf,DOCA_MODEL_APPROVAL,PDF_TEXT,False,DS,Essae,"M/s. ESSAE -TERAOKA PRIVATE LIMITED, # 410, 100ft Road 4th Block",IND/09/26/,Crane Scale Type,Class III,1000kg,1000.0,kg,10kg,10.0,500g,500.0,LED,Strain Gauge type load cell based,based  Load Cell,,C3,,V50Pxx (where is xx is number from 00 to 99),6ba619f8,Sealing is done by passing the sealing wire through the holes provided on the body of  machine. A lead seal is put at the end of the wire for stamping purpose (a typical schematic  diagram of sealing provision to prevent the fraudulent practices of the model is given above  as Figure 2). A dip switch has also been provided in mother board/PCB to disable access to  external calibration.,"shall also cover the weighing instruments of  similar make, accuracy and performance of same series with capacity above 50kg and up to  5000kg with number of verification scale interval (n)  in the range of 500 to 10000 for ‘e’  value of 5g or more  with ‘e’ value of 1x10k, 2x10k or  5x10k, where  k is a positive or negative  whole number or equal to zero manufactured by the same manufacturer in accordance with  the same principle, design and with the same materials with which, the said approved model",500 to 10000,5g or more  with ‘e’ value of 1x10k,100.0
28,23615,2026-01-15,I-21/10/2026-W&M Section,EVERYMANS INSTRUMENTS CO,Non-automatic weighing instrument,28.pdf,https://lm.doca.gov.in/ModelApproval/Certificates/2026/28.pdf,DOCA_MODEL_APPROVAL,PDF_TEXT,False,EAT,EVERYMAN’S AKAI,"M/s Everyman’s Instruments Co., Chhapakhana Bari, Vill",IND/09/26/,Electronic Table top (Multi Interval) Type,Class III,10kg/30kg,30.0,kg,20g,0.02,1g/5g,5.0,LED,Strain Gauge type load cell based,based  Load Cell,,C3,,mothercard firmware v1.5.0.hex,89e1b2f7cod95e6f3b7c3d2fqa1eob5cd6a7b8c9doe1f,Sealing is done by passing the sealing wire through the holes provided on the body of  machine. A lead seal is put at the end of the wire for stamping purpose (Sealing diagram and  photograph to prevent the fraudulent practices of the model is given above as Figure 2). A dip  switch has also been provided in mother board/PCB to disable access to external calibration.,"shall also cover the weighing instruments of  similar make, accuracy and performance of same series with capacity up to 50kg with number  of verification scale interval (n)  in the range of 500 to 10000 for ‘e’ value of 5g or more and  with number of verification scale interval (n) in the range of 100 to 10000 for ‘e’ value of  100mg to 2g with ‘e’ value of 1x10k, 2x10k or  5x10k, where  k is a positive or negative whole  number or equal to zero manufactured by the same manufacturer in accordance with the same",500 to 10000,5g or more and,100.0
29,23616,2026-01-15,I-21/10/2026-W&M Section,EVERYMANS INSTRUMENTS CO,Non-automatic weighing instrument,29.pdf,https://lm.doca.gov.in/ModelApproval/Certificates/2026/29.pdf,DOCA_MODEL_APPROVAL,PDF_TEXT,False,EAP,EVERYMAN’S AKAI,"M/s Everyman’s Instruments Co., Chhapakhana Bari, Vill",IND/09/26/,Electronic Platform (Multi-Interval) Type,Class III,100kg/200kg,200.0,kg,200g,0.2,10g/20g,20.0,LED,Strain Gauge type load cell based,based  Load Cell,,C3,,mothercard firmware v1.5.0.hex,89e1b2f7cod95e6f3b7c3d2fqa1eob5cd6a7b8c9doe1f,Sealing is done by passing the sealing wire through the holes provided on the body of  machine. A lead seal is put at the end of the wire for stamping purpose (Sealing diagram and  photograph to prevent the fraudulent practices of the model is given above as Figure 2). A dip  switch has also been provided in mother board/PCB to disable access to external calibration.,"shall also cover the weighing instruments of  similar make, accuracy and performance of same series with capacity above 50kg and up to  5000kg with number of verification scale interval (n)  in the range of 500 to 10000 for ‘e’  value of 5g or more with ‘e’ value of 1x10k, 2x10k or  5x10k, where  k is a positive or negative  whole number or equal to zero manufactured by the same manufacturer in accordance with  the same principle, design and with the same materials with which, the said approved model",500 to 10000,5g or more with ‘e’ value of 1x10k,100.0
30,23510,2026-01-15,I-21/372/2025-W&M Section,AXPERT ENTERPRISE,Non-automatic weighing instrument,30.pdf,https://lm.doca.gov.in/ModelApproval/Certificates/2026/30.pdf,DOCA_MODEL_APPROVAL,PDF_TEXT,False,MIS,AXPERT,"M/s Axpert Enterprise, E-149, 150",IND/09/26/,Electronic Table top type (Multi Interval),Class III,10kg/20kg/30kg,30.0,kg,20g,0.02,1g/2g/5g,5.0,LED,Strain Gauge type load cell based,based  Load Cell,,C3,,Ver-1.00,CRC-32-5D9458E1,Sealing is done by passing the sealing wire through the holes provided on the body of  machine. A lead seal is put at the end of the wire for stamping purpose (a typical schematic  diagram of sealing provision to prevent the fraudulent practices of the model is given above  as Figure 2). A dip switch has also been provided in mother board/PCB to disable access to  external calibration.,"shall also cover the weighing instruments of  similar make, accuracy and performance of same series with capacity up to 50kg with number  of verification scale interval (n)  in the range of 500 to 10000 for ‘e’ value of 5g or more and  with number of verification scale interval (n) in the range of 100 to 10000 for ‘e’ value of  100mg to 2g with ‘e’ value of 1x10k, 2x10k or  5x10k, where  k is a positive or negative whole  number or equal to zero manufactured by the same manufacturer in accordance with the same",500 to 10000,5g or more and,100.0
31,23787,2026-01-16,I-21/14/2026-W&M Section,ORBIT WEIGHING SYSTEM,Non-automatic weighing instrument,31.pdf,https://lm.doca.gov.in/ModelApproval/Certificates/2026/31.pdf,DOCA_MODEL_APPROVAL,PDF_TEXT,False,OWS-16,ORBIT WEIGHING SYSTEM,"M/s Orbit Weighing System, 16, Shri Ji Dham",IND/09/26/,Electronic Platform type Weighing Machine,Class III,300kg,300.0,kg,1kg,1.0,50g,50.0,LCD,Strain Gauge type load cell based,based  Load Cell,,C3,,mothercard_firmware_v1.0.0.hex,ced18e165e4d9a19a032d2baBa1366dedd42231cac,Sealing is done by passing the sealing wire through the holes provided on the body of  machine. A lead seal is put at the end of the wire for stamping purpose (Sealing diagram and  photograph to prevent the fraudulent practices of the model is given above as Figure 2). A dip  switch has also been provided in mother board/PCB to disable access to external calibration.,"shall also cover the weighing instruments of  similar make, accuracy and performance of same series with capacity above 50kg and up to  5000kg with number of verification scale interval (n)  in the range of 500 to 10000 for ‘e’  value of 5g or more with ‘e’ value of 1x10k, 2x10k or  5x10k, where  k is a positive or negative  whole number or equal to zero manufactured by the same manufacturer in accordance with  the same principle, design and with the same materials with which, the said approved model",500 to 10000,5g or more with ‘e’ value of 1x10k,100.0
32,23789,2026-01-16,I-21/13/2026-W&M Section,M*TECH INSTRUMENTS,Non-automatic weighing instrument,32.pdf,https://lm.doca.gov.in/ModelApproval/Certificates/2026/32.pdf,DOCA_MODEL_APPROVAL,PDF_TEXT,False,MTI-TT,M*TECH,"M/s M*TECH Instruments, D. No: 14-04-272, Gunturivari Thota",IND/09/26/,Table top Type,Class II,30kg,30.0,kg,100g,0.1,2g,2.0,LED,Strain Gauge type load cell based,based  Load Cell,,C3,,V1.01,111111-999999,Sealing is done by passing the sealing wire through the holes provided on the body of  machine. A lead seal is put at the end of the wire for stamping purpose (Sealing diagram and  photograph to prevent the fraudulent practices of the model is given above as Figure 2). A dip  switch has also been provided in mother board/PCB to disable access to external calibration.,"shall also cover the weighing instruments of  similar make, accuracy and performance of same series with capacity up to 50kg with number  of verification scale interval (n)  in the range of 5000 to 60000 for ‘e’ value of 100mg or more  and with number of verification scale interval (n) in the range of 100 to 60000 for ‘e’ value  of 1mg to 50mg with ‘e’ value of 1x10k, 2x10k or  5x10k, where  k is a positive or negative  whole number or equal to zero manufactured by the same manufacturer in accordance with",5000 to 60000,100mg or more,100.0
33,23790,2026-01-16,I-21/13/2026-W&M Section,M*TECH INSTRUMENTS,Non-automatic weighing instrument,33.pdf,https://lm.doca.gov.in/ModelApproval/Certificates/2026/33.pdf,DOCA_MODEL_APPROVAL,PDF_TEXT,False,MTI-PF,M*TECH,"M/s M*TECH Instruments, D. No: 14-04-272, Gunturivari Thota",IND/09/26/,Platform Type,Class III,300kg,300.0,kg,1kg,1.0,50g,50.0,LED,Strain Gauge type load cell based,based  Load Cell,,C3,,V1.01,111111-999999,Sealing is done by passing the sealing wire through the holes provided on the body of  machine. A lead seal is put at the end of the wire for stamping purpose (Sealing diagram and  photograph to prevent the fraudulent practices of the model is given above as Figure 2). A dip  switch has also been provided in mother board/PCB to disable access to external calibration.,"shall also cover the weighing instruments of  similar make, accuracy and performance of same series with capacity above 50kg and up to  5000kg with number of verification scale interval (n)  in the range of 500 to 10000 for ‘e’  value of 5g or more with ‘e’ value of 1x10k, 2x10k or  5x10k, where  k is a positive or negative  whole number or equal to zero manufactured by the same manufacturer in accordance with  the same principle, design and with the same materials with which, the said approved model",500 to 10000,5g or more with ‘e’ value of 1x10k,100.0
34,23791,2026-01-16,I-21/13/2026-W&M Section,M*TECH INSTRUMENTS,Non-automatic weighing instrument,34.pdf,https://lm.doca.gov.in/ModelApproval/Certificates/2026/34.pdf,DOCA_MODEL_APPROVAL,PDF_TEXT,False,MTI-BS,M*TECH,"M/s M*TECH Instruments, D. No: 14-04-272, Gunturivari Thota",IND/09/26/,Bench Scale Type,Class III,100kg,100.0,kg,500g,0.5,10g,10.0,LED,Strain Gauge type load cell based,based  Load Cell,,C3,,V1.01,111111-999999,Sealing is done by passing the sealing wire through the holes provided on the body of  machine. A lead seal is put at the end of the wire for stamping purpose (Sealing diagram and  photograph to prevent the fraudulent practices of the model is given above as Figure 2). A dip  switch has also been provided in mother board/PCB to disable access to external calibration.,"shall also cover the weighing instruments of  similar make, accuracy and performance of same series with capacity above 50kg and up to  200kg with number of verification scale interval (n)  in the range of 5000 to 60000 for ‘e’  value of 100mg or more and with number of verification scale interval (n) in the range of 100  to 60000 for ‘e’ value of 1mg to 50mg with ‘e’ value of 1x10k, 2x10k or  5x10k, where  k is a  positive or negative whole number or equal to zero manufactured by the same manufacturer",5000 to 60000,100mg or more and with number of verification scale interval (n) in the range of 100,100.0
35,23805,2026-01-23,I-21/16/2026-W&M Section,GIYANA INDUSTRIES PRIVATE LIMITED,Measuring tape,35.pdf,https://lm.doca.gov.in/ModelApproval/Certificates/2026/35.pdf,DOCA_MODEL_APPROVAL,PDF_TEXT,False,INCHITAPE 10,INCHITAPE,"M/s Giyana 
Industries Private Limited, Khasra No. 15/24,25",IND/09/26/,Measuring tape,Class II,30 kg,30.0,kg,100 g,0.1,5 g,5.0,Digital LED/LCD,Strain Gauge type load cell based,Standard Strain Gauge,,C3,,Ver-1.0,,Standard lead seal with wire passing through chassis holes.,,500 to 10000,5g or more,100.0
37,23673,2026-01-27,I-21/15/2026-W&M Section,SINGHA SCALES,Non-automatic weighing instrument,37.pdf,https://lm.doca.gov.in/ModelApproval/Certificates/2026/37.pdf,DOCA_MODEL_APPROVAL,PDF_TEXT,False,SSPT,SINGHA SCALES,"M/s Singha Scales,Vill- West Howdavita,P.O.&P.S-Kharibari",IND/09/26/37,Electronic Platform (Multi-Interval) Type,Class III,100kg/200kg/300kg,300.0,kg,200g,0.2,10g/20g/50g,50.0,LED,Strain Gauge type load cell based,based  Load Cell,,C3,,mothercard firmware v1.5.0.hex,e24a8d3c12b7f5a89e1b2f7c0d95e6f3b7c3d2f9a1e0b5,Sealing is done by passing the sealing wire through the holes provided on the body of  machine. A lead seal is put at the end of the wire for stamping purpose (Sealing diagram and  photograph to prevent the fraudulent practices of the model is given above as Figure 2). A dip  switch has also been provided in mother board/PCB to disable access to external calibration.,"shall also cover the weighing instruments of  similar make, accuracy and performance of same series with capacity above 50kg and up to  5000kg with number of verification scale interval (n)  in the range of 500 to 10000 for ‘e’  value of 5g or more with ‘e’ value of 1x10k, 2x10k or  5x10k, where  k is a positive or negative  whole number or equal to zero manufactured by the same manufacturer in accordance with  the same principle, design and with the same materials with which, the said approved model",500 to 10000,5g or more with ‘e’ value of 1x10k,100.0
38,23548,2026-01-27,I-21/18/2026-W&M Section,KALLAPPA PIRGONDA KOLI,Non-automatic weighing instrument,38.pdf,https://lm.doca.gov.in/ModelApproval/Certificates/2026/38.pdf,DOCA_MODEL_APPROVAL,PDF_TEXT,False,KA-WB-III,Scale Solution,"M/s Koli Agency, C.S. No. 3882/A, Shivparvati Complex Co-op.",IND/09/26/38,Electronic Weighbridge type,Class III,30t,30.0,tonne,200kg,200.0,10kg,10000.0,LED & LCD,Strain Gauge type load cell based,based  Load Cell,,C3,,motherboard_firmware_v1.0.0,50c89dadaa36acc5f94e5d33b53312897e4ab63d57ffad83,Sealing is done by passing the sealing wire through the holes provided on the body of  machine. A lead seal is put at the end of the wire for stamping purpose (a typical schematic  diagram of sealing provision to prevent the fraudulent practices of the model is given above  as Figure 2). A dip switch has also been provided in mother board/PCB to disable access to  external calibration.,"shall also cover the weighing instruments of  similar make, accuracy and performance of same series with capacity above 5t and up to 100t  with number of verification scale interval (n)  in the range of 500 to 10000 for ‘e’ value of 5g  or more  with ‘e’ value of 1x10k, 2x10k or  5x10k, where  k is a positive or negative whole  number or equal to zero manufactured by the same manufacturer in accordance with the same  principle, design and with the same materials with which, the said approved model has been",500 to 10000,5g,100.0
39,23327,2026-01-27,I-21/330/2025-W&M Section,ENDEAVOUR INSTRUMENT PRIVATE LIMITED,Catch Weighing Instrument (Check Weigher),39.pdf,https://lm.doca.gov.in/ModelApproval/Certificates/2026/39.pdf,DOCA_MODEL_APPROVAL,PDF_TEXT,False,END XR-500g-200mm,ENDEAVOUR,"M/s 
Endeavour Instruments Private Limited , 45/3, Changodar Industrial Estate",IND/09/26/,Automatic Catch Weighing Instrument(Check Weigher),Class III,500g,0.5,kg,10g,0.01,0.2g,0.2,Touch Screen Liquid Crystal Display (LCD),Electronics and load cell based,based  Accuracy class,,C3,,EipICW_V001.01,JYJ204,Standard lead seal with wire passing through chassis holes.,"shall also cover the weighing instruments of similar make, accuracy and  performance of same series with capacity up to 5kg with number of verification scale interval (n)  in  the range of 500 to 10000 for ‘e’ value of 5g or more and with number of verification scale interval (n)  in the range of 100 to 10000 for ‘e’ value of 100mg to 2g with ‘e’ value of 1x10k, 2x10k or  5x10k,  where  k is a positive or negative whole number or equal to zero manufactured by the same  manufacturer in accordance with the same principle, design and with the same materials with which,",500 to 10000,5g or more and with number of verification scale interval (n),100.0
40,23613,2026-01-28,I-21/12/2026-W&M Section,ABINASH DIGITAL SCALES,Non-automatic weighing instrument,40.pdf,https://lm.doca.gov.in/ModelApproval/Certificates/2026/40.pdf,DOCA_MODEL_APPROVAL,PDF_TEXT,False,ADSTT,ABINASH,"M/s Abinash Digital Scales, L.K.B. Road, Amulapatty",IND/09/26/40,Table top Type,Class III,15kg,15.0,kg,40g,0.04,2g,2.0,LED,Strain Gauge type load cell based,based  Load Cell,,C3,,mothercard firmware v1.5.0.hex,e24a8d3c12b7f5a89e1b2f7c0d95e6f3b7c3d2f9ale0b5,Sealing is done by passing the sealing wire through the holes provided on the body of  machine. A lead seal is put at the end of the wire for stamping purpose (Sealing diagram and  photograph to prevent the fraudulent practices of the model is given above as Figure 2). A dip  switch has also been provided in mother board/PCB to disable access to external calibration.,"shall also cover the weighing instruments of  similar make, accuracy and performance of same series with capacity up to 50kg with number  of verification scale interval (n)  in the range of 500 to 10000 for ‘e’ value of 5g or more and  with number of verification scale interval (n) in the range of 100 to 10000 for ‘e’ value of  100mg to 2g with ‘e’ value of 1x10k, 2x10k or  5x10k, where  k is a positive or negative whole  number or equal to zero manufactured by the same manufacturer in accordance with the same",500 to 10000,5g or more and,100.0
42,23674,2026-01-28,I-21/20/2026-W&M Section,VIGNESH ENGINEERING SYSTEMS,Non-automatic weighing instrument,42.pdf,https://lm.doca.gov.in/ModelApproval/Certificates/2026/42.pdf,DOCA_MODEL_APPROVAL,PDF_TEXT,False,MJA,MILLICUBE,"M/s Vignesh Engineering Systems, 90, Nava India Road",IND/09/26/42,Table top type,Class I,600g,0.6,kg,100mg,100.0,1mg,1.0,LCD,EMFC,Standard Strain Gauge,,C3,,mothercard_firmware_v1.5.0.heх,e24a8d3c12b7f5a89e1b2f7c0d95e6f3b7c3d2f9a1e0b5,Sealing is done by passing the sealing wire through the holes provided on the body of  machine. A lead seal is put at the end of the wire for stamping purpose (Sealing diagram and  photograph to prevent the fraudulent practices of the model is given above as Figure 2). A dip  switch has also been provided in mother board/PCB to disable access to external calibration.,"shall also cover the weighing instruments of  similar make, accuracy and performance of same series with capacity up to 20kg with number  of verification scale interval (n)  50000 or more for ‘e’ value of 1mg or more with ‘e’ value  of 1x10k, 2x10k or  5x10k, where  k is a positive or negative whole number or equal to zero  manufactured by the same manufacturer in accordance with the same principle, design and  with the same materials with which, the said approved model has been manufactured.",500 to 10000,1mg or more with ‘e’ value,100.0
43,23493,2026-01-29,I-21/24/2026-W&M Section,CELTRONIC AUTOMATION PRIVATE LIMITED,Non-automatic weighing instrument,43.pdf,https://lm.doca.gov.in/ModelApproval/Certificates/2026/43.pdf,DOCA_MODEL_APPROVAL,PDF_TEXT,False,1717,celtronic,"M/s. CELTRONIC AUTOMATION PRIVATE LIMITED,602, Selva",IND/09/26/43,Table top Type,Class III,30kg,30.0,kg,100g,0.1,5g,5.0,LED,Strain Gauge type load cell based,based  Load Cell,,C3,,CF-2H5,PA2024F700-44,Sealing is done by passing the sealing wire through the holes provided on the body of  machine. A lead seal is put at the end of the wire for stamping purpose (Sealing diagram and  photograph to prevent the fraudulent practices of the model is given above as Figure 2). A dip  switch has also been provided in mother board/PCB to disable access to external calibration.,"shall also cover the weighing instruments of  similar make, accuracy and performance of same series with capacity up to 50kg with number  of verification scale interval (n)  in the range of 500 to 10000 for ‘e’ value of 5g or more and  with number of verification scale interval (n) in the range of 100 to 10000 for ‘e’ value of  100mg to 2g with ‘e’ value of 1x10k, 2x10k or  5x10k, where  k is a positive or negative whole  number or equal to zero manufactured by the same manufacturer in accordance with the same",500 to 10000,5g or more and,100.0
44,23813,2026-01-29,I-21/25/2026-W&M Section,MAHADEV ENGINEERING WORKS SALES AND SERVICE,Non-automatic weighing instrument,44.pdf,https://lm.doca.gov.in/ModelApproval/Certificates/2026/44.pdf,DOCA_MODEL_APPROVAL,PDF_TEXT,False,RTT,ROYAL,"M/s Mahadev Engineering Works Sales and Service, Nasirpur, Ganeshpuri",IND/09/26/44,Electronic Table top Type,Class III,30kg,30.0,kg,100g,0.1,5g,5.0,LED,Strain Gauge type load cell based,based  Load Cell,,C3,,V.2.0,0f6672090c949fdd55dc0edbc190a78da3453647,Sealing is done by passing the sealing wire through the holes provided on the body of  machine. A lead seal is put at the end of the wire for stamping purpose (Sealing diagram and  photograph to prevent the fraudulent practices of the model is given above as Figure 2). A dip  switch has also been provided in mother board/PCB to disable access to external calibration.,"shall also cover the weighing instruments of  similar make, accuracy and performance of same series with capacity up to 50kg with number  of verification scale interval (n)  in the range of 500 to 10000 for ‘e’ value of 5g or more and  with number of verification scale interval (n) in the range of 100 to 10000 for ‘e’ value of  100mg to 2g with ‘e’ value of 1x10k, 2x10k or  5x10k, where  k is a positive or negative whole  number or equal to zero manufactured by the same manufacturer in accordance with the same",500 to 10000,5g or more and,100.0
45,23814,2026-01-29,I-21/25/2026-W&M Section,MAHADEV ENGINEERING WORKS SALES AND SERVICE,Non-automatic weighing instrument,45.pdf,https://lm.doca.gov.in/ModelApproval/Certificates/2026/45.pdf,DOCA_MODEL_APPROVAL,PDF_TEXT,False,RPF,ROYAL,"M/s Mahadev Engineering Works Sales and Service, Nasirpur, Ganeshpuri",IND/09/26/45,Electronic Platform Type,Class III,300kg,300.0,kg,1kg,1.0,50g,50.0,LED,Strain Gauge type load cell based,based  Load Cell,,C3,,V.2.0,0f6672090c949fdd55dc0edbc190a78da3453647,Sealing is done by passing the sealing wire through the holes provided on the body of  machine. A lead seal is put at the end of the wire for stamping purpose (Sealing diagram and  photograph to prevent the fraudulent practices of the model is given above as Figure 2). A dip  switch has also been provided in mother board/PCB to disable access to external calibration.,"shall also cover the weighing instruments of  similar make, accuracy and performance of same series with capacity above 50kg and up to  5000kg with number of verification scale interval (n)  in the range of 500 to 10000 for ‘e’  value of 5g or more with ‘e’ value of 1x10k, 2x10k or  5x10k, where  k is a positive or negative  whole number or equal to zero manufactured by the same manufacturer in accordance with  the same principle, design and with the same materials with which, the said approved model",500 to 10000,5g or more with ‘e’ value of 1x10k,100.0
46,23823,2026-01-29,I-21/26/2026-W&M Section,TRU-BALANCE INDUSTRY,Non-automatic weighing instrument,46.pdf,https://lm.doca.gov.in/ModelApproval/Certificates/2026/46.pdf,DOCA_MODEL_APPROVAL,PDF_TEXT,False,TB/MQ-11,MARQ,"M/s Tru-Balance Industry, Office NO. - 03, Hanumante Tower",IND/09/26/,Electronic Table top (Multi Interval) Type,Class III,10kg/20kg/30kg,30.0,kg,20g,0.02,1g/2g/5g,5.0,LED,Strain Gauge type load cell based,based  Load Cell,,C3,,mothercard firmware v1.5.0.hex,e24a8d3c12b7f5a89e1b2f7c0d95e6f3b7c3d2f9a1e0b5,Sealing is done by passing the sealing wire through the holes provided on the body of  machine. A lead seal is put at the end of the wire for stamping purpose (Sealing diagram and  photograph to prevent the fraudulent practices of the model is given above as Figure 2). A dip  switch has also been provided in mother board/PCB to disable access to external calibration.,"shall also cover the weighing instruments of  similar make, accuracy and performance of same series with capacity up to 50kg with number  of verification scale interval (n)  in the range of 500 to 10000 for ‘e’ value of 5g or more and  with number of verification scale interval (n) in the range of 100 to 10000 for ‘e’ value of  100mg to 2g with ‘e’ value of 1x10k, 2x10k or  5x10k, where  k is a positive or negative whole  number or equal to zero manufactured by the same manufacturer in accordance with the same",500 to 10000,5g or more and,100.0
47,23824,2026-01-29,I-21/26/2026-W&M Section,TRU-BALANCE INDUSTRY,Non-automatic weighing instrument,47.pdf,https://lm.doca.gov.in/ModelApproval/Certificates/2026/47.pdf,DOCA_MODEL_APPROVAL,PDF_TEXT,False,TB/MQ-22,MARQ,"M/s Tru-Balance Industry, Office NO. - 03, Hanumante Tower",IND/09/26/47,Electronic Platform (Multi-Interval) Type,Class III,100kg/200kg/300kg,300.0,kg,200g,0.2,10g/20g/50g,50.0,LED,Strain Gauge type load cell based,based  Load Cell,,C3,,mothercard firmware v1.5.0.hex,e24a8d3c12b7f5a89e1b2f7c0d95e6f3b7c3d2f9a1e0b5,Sealing is done by passing the sealing wire through the holes provided on the body of  machine. A lead seal is put at the end of the wire for stamping purpose (Sealing diagram and  photograph to prevent the fraudulent practices of the model is given above as Figure 2). A dip  switch has also been provided in mother board/PCB to disable access to external calibration.,"shall also cover the weighing instruments of  similar make, accuracy and performance of same series with capacity above 50kg and up to  5000kg with number of verification scale interval (n)  in the range of 500 to 10000 for ‘e’  value of 5g or more with ‘e’ value of 1x10k, 2x10k or  5x10k, where  k is a positive or negative  whole number or equal to zero manufactured by the same manufacturer in accordance with  the same principle, design and with the same materials with which, the said approved model",500 to 10000,5g or more with ‘e’ value of 1x10k,100.0
48,23832,2026-01-30,[I-21/29/2026-W&M Section],FLSMIDTH CEMENT INDIA LLP,Automatic Gravimetric Filling Instrument,48.pdf,https://lm.doca.gov.in/ModelApproval/Certificates/2026/48.pdf,DOCA_MODEL_APPROVAL,PDF_TEXT,False,F800-E,VENTOMATIC,"M/s. FLSmidth Cement India LLP,358/3, Ekhu Nagar",IND/09/26/48,Automatic gravimetric filling instrument,"X(x), where x=1 of series “F800-E” and with brand name “VENTOMATIC” (hereinafter",200,200.0,kg,100 g,0.1,20 g,20.0,LCD,Electronics and Load cell based,based   Accuracy class,,C3,,F800-E Series,,Standard lead seal with wire passing through chassis holes.,,500 to 10000,5g or more,100.0
49,23774,2026-01-30,[I-21/28/2026-W&M Section],GEN X INTERNATIONAL,Non-automatic weighing instrument,49.pdf,https://lm.doca.gov.in/ModelApproval/Certificates/2026/49.pdf,DOCA_MODEL_APPROVAL,PDF_TEXT,False,GX-I-JW,GEN-X,"M/s Gen-X International, 369, Bagajatin",IND/09/26/49,Electronic Table top type,Class I,220g,0.22,kg,100mg,100.0,1mg,1.0,LCD,EMFC,Standard Strain Gauge,,C3,,220.3,0x232F,Sealing is done by passing the sealing wire through the holes provided on the body of  machine. A lead seal is put at the end of the wire for stamping purpose (Sealing diagram and  photograph to prevent the fraudulent practices of the model is given above as Figure 2). A dip  switch has also been provided in mother board/PCB to disable access to external calibration.,"shall also cover the weighing instruments of  similar make, accuracy and performance of same series with capacity up to 10kg with number  of verification scale interval (n)  50000 or more for ‘e’ value of 1mg or more with ‘e’ value  of 1x10k, 2x10k or  5x10k, where  k is a positive or negative whole number or equal to zero  manufactured by the same manufacturer in accordance with the same principle, design and  with the same materials with which, the said approved model has been manufactured.",500 to 10000,1mg or more with ‘e’ value,100.0
50,23641,2026-01-30,[I-21/21/2026-W&M Section],CHUGH SCALES PRIVATE LIMITED,Non-automatic weighing instrument,50.pdf,https://lm.doca.gov.in/ModelApproval/Certificates/2026/50.pdf,DOCA_MODEL_APPROVAL,PDF_TEXT,False,LB-CSPL,CHUGH,"M/s Chugh Scales Private Limited, Shop No. 11-15 NH 05, NIT Faridabad",IND/09/26/50,Table top Type,Class II,600g,0.6,kg,0.2g,0.0002,10mg,10.0,LED,Strain Gauge type load cell based,based  Load Cell,,C3,,"Eagle, J400",0B6A,Sealing is done by passing the sealing wire through the holes provided on the body of  machine. A lead seal is put at the end of the wire for stamping purpose (Sealing diagram and  photograph to prevent the fraudulent practices of the model is given above as Figure 2). A dip  switch has also been provided in mother board/PCB to disable access to external calibration.,"shall also cover the weighing instruments of  similar make, accuracy and performance of same series with capacity up to 3kg with number  of verification scale interval (n)  in the range of 5000 to 60000 for ‘e’ value of 100mg or more  and with number of verification scale interval (n) in the range of 100 to 60000 for ‘e’ value  of 1mg to 50mg with ‘e’ value of 1x10k, 2x10k or  5x10k, where  k is a positive or negative  whole number or equal to zero manufactured by the same manufacturer in accordance with",5000 to 60000,100mg or more,100.0
51,23815,2026-02-03,I-21/30/2026-W&M Section,ACCURATE ELECTRONICS,Non-automatic weighing instrument,51.pdf,https://lm.doca.gov.in/ModelApproval/Certificates/2026/51.pdf,DOCA_MODEL_APPROVAL,PDF_TEXT,False,ATA,ACCURATE,"M/s. ACCURATE ELECTRONICS, 13/2, MJ Sargunam Colony",IND/09/26/51,Table top type,Class I,320g,0.32,kg,100mg,100.0,1mg,1.0,LCD,EMFC,Standard Strain Gauge,,C3,,R1.1.8.0,cf7e0d4f6cf2aaf2266bef3753118a89eb9f838fd,Sealing is done by passing the sealing wire through the holes provided on the body of  machine. A lead seal is put at the end of the wire for stamping purpose (Sealing diagram and  photograph to prevent the fraudulent practices of the model is given above as Figure 2). A dip  switch has also been provided in mother board/PCB to disable access to external calibration.,"shall also cover the weighing instruments of  similar make, accuracy and performance of same series with capacity up to 50kg with number  of verification scale interval (n)  50000 or more for ‘e’ value of 1mg or more with ‘e’ value  of 1x10k, 2x10k or  5x10k, where  k is a positive or negative whole number or equal to zero  manufactured by the same manufacturer in accordance with the same principle, design and  with the same materials with which, the said approved model has been manufactured.",500 to 10000,1mg or more with ‘e’ value,100.0
52,23816,2026-02-03,I-21/30/2026-W&M Section,ACCURATE ELECTRONICS,Non-automatic weighing instrument,52.pdf,https://lm.doca.gov.in/ModelApproval/Certificates/2026/52.pdf,DOCA_MODEL_APPROVAL,PDF_TEXT,False,ALC,ACCURATE,"M/s. ACCURATE ELECTRONICS, 13/2, MJ Sargunam Colony",IND/09/26/52,Table top type with price computing,Class III,30kg,30.0,kg,100g,0.1,5g,5.0,LED,Strain Gauge type load cell based,based  Load Cell Details,,C3,,1.10,16ffce399547174aedda762dcd7bdbd58274f9424,Sealing is done by passing the sealing wire through the holes provided on the body of  machine. A lead seal is put at the end of the wire for stamping purpose (Sealing diagram and  photograph to prevent the fraudulent practices of the model is given above as Figure 2). A dip  switch has also been provided in mother board/PCB to disable access to external calibration.,"shall also cover the weighing instruments of  similar make, accuracy and performance of same series with capacity up to 50kg with number  of verification scale interval (n)  in the range of 500 to 10000 for ‘e’ value of 5g or more and  with number of verification scale interval (n) in the range of 100 to 10000 for ‘e’ value of  100mg to 2g with ‘e’ value of 1x10k, 2x10k or  5x10k, where  k is a positive or negative whole  number or equal to zero manufactured by the same manufacturer in accordance with the same",500 to 10000,5g or more and,100.0
53,23462,2026-02-03,I-21/356/2025-W&M Section,METTLER-TOLEDO INDIA PRIVATE LIMITED,Non-automatic weighing instrument,53.pdf,https://lm.doca.gov.in/ModelApproval/Certificates/2026/53.pdf,DOCA_MODEL_APPROVAL,PDF_TEXT,False,IND246,METTLER TOLEDO,"M/s. METTLER-TOLEDO INDIA PRIVATE LIMITED, Amar Hill, 
Sakhi Vihar Road",IND/09/26/53,Weighbridge type,Class III,60t,60.0,tonne,200kg,200.0,10kg,10000.0,Dot graphic LCD with backlight,Strain Gauge type load cell based,based  Load Cell,,C3,,RainBow V1.61.xx (The last characters (xx) are variable and,02D51B51,Sealing is done by passing the sealing wire through the holes provided on the body of  machine. A lead seal is put at the end of the wire for stamping purpose (a typical schematic  diagram of sealing provision to prevent the fraudulent practices of the model is given above  as Figure 2). A dip switch has also been provided in mother board/PCB to disable access to  external calibration.,"shall also cover the weighing instruments of  similar make, accuracy and performance of same series with capacity above 5t and up to 200t  with number of verification scale interval (n)  in the range of 500 to 10000 for ‘e’ value of 5g  or more  with ‘e’ value of 1x10k, 2x10k or  5x10k, where  k is a positive or negative whole  number or equal to zero manufactured by the same manufacturer in accordance with the same  principle, design and with the same materials with which, the said approved model has been",500 to 10000,5g,100.0
54,23453,2026-02-03,I-21/31/2026-W&M Section,RADIANT ELECTRONICS,Non-automatic weighing instrument,54.pdf,https://lm.doca.gov.in/ModelApproval/Certificates/2026/54.pdf,DOCA_MODEL_APPROVAL,PDF_TEXT,False,R-300WP,RADIANT,"M/s. RADIANT ELECTRONICS, # 56, Akshaya Towers",IND/09/26/54,Table top Type,Class III,10kg,10.0,kg,40g,0.04,2g,2.0,LcD,Strain Gauge type load cell based,based  Load Cell,,C3,,ZH-J3143,63037,Sealing is done by passing the sealing wire through the holes provided on the body of  machine. A lead seal is put at the end of the wire for stamping purpose (Sealing diagram and  photograph to prevent the fraudulent practices of the model is given above as Figure 2). A dip  switch has also been provided in mother board/PCB to disable access to external calibration.,"shall also cover the weighing instruments of  similar make, accuracy and performance of same series with capacity up to 50kg with number  of verification scale interval (n)  in the range of 500 to 10000 for ‘e’ value of 5g or more and  with number of verification scale interval (n) in the range of 100 to 10000 for ‘e’ value of  100mg to 2g with ‘e’ value of 1x10k, 2x10k or  5x10k, where  k is a positive or negative whole  number or equal to zero manufactured by the same manufacturer in accordance with the same",500 to 10000,5g or more and,100.0
55,23625,2026-02-03,I-21/31/2026-W&M Section,RADIANT ELECTRONICS,Non-automatic weighing instrument,55.pdf,https://lm.doca.gov.in/ModelApproval/Certificates/2026/55.pdf,DOCA_MODEL_APPROVAL,PDF_TEXT,False,ADSPF,ABINASH,"M/s. RADIANT ELECTRONICS, # 56, Akshaya Towers",IND/09/26/55,Platform Type,Class III,300kg,300.0,kg,1kg,1.0,50g,50.0,LED,Strain Gauge type load cell based,based  Load Cell,,C3,,Ib0.09,65a6,Sealing is done by passing the sealing wire through the holes provided on the body of  machine. A lead seal is put at the end of the wire for stamping purpose (Sealing diagram and  photograph to prevent the fraudulent practices of the model is given above as Figure 2). A dip  switch has also been provided in mother board/PCB to disable access to external calibration.,"shall also cover the weighing instruments of  similar make, accuracy and performance of same series with capacity above 50kg and up to  1000kg with number of verification scale interval (n)  in the range of 500 to 10000 for ‘e’  value of 5g or more with ‘e’ value of 1x10k, 2x10k or  5x10k, where  k is a positive or negative  whole number or equal to zero manufactured by the same manufacturer in accordance with  the same principle, design and with the same materials with which, the said approved model",500 to 10000,5g or more with ‘e’ value of 1x10k,100.0
56,23838,2026-02-06,I-21/33/2026-W&M Section,THAMES SIDE SENSORS INDIA PRIVATE LIMITED,Non-automatic weighing instrument,56.pdf,https://lm.doca.gov.in/ModelApproval/Certificates/2026/56.pdf,DOCA_MODEL_APPROVAL,PDF_TEXT,False,XT 3000,THAMES,"M/s Thames Side 
Sensors LTD, Unit 10,io Trade Centre",IND/09/26/,Non-automatic weighing instrument,Class III,30 kg,30.0,kg,100 g,0.1,s,5.0,Digital LED/LCD,Strain Gauge type load cell based,Accuracy class  III or IIII,,III,,Ver-1.0,,Standard lead seal with wire passing through chassis holes.,,500 to 10000,5g or more,100.0
57,23664,2026-02-09,I-21/34/2026-W&M Section,OMRON HEALTHCARE INDIA PRIVATE LIMITED,Sphygmomanometer (Blood Pressure Meter),57.pdf,https://lm.doca.gov.in/ModelApproval/Certificates/2026/57.pdf,DOCA_MODEL_APPROVAL,PDF_TEXT,False,HBP-1350,Omron,"M/s Omron Healthcare Co.Ltd.,53 Kunotsubo, Terado",IND/09/26/,Sphygmomanometer (Blood Pressure Meter),Class III,30 kg,30.0,kg,100 g,0.1,1mmHg. A LCD display indicates the results of the measurement and the instrument,1.0,indicates the results of the measurement and the instrument,Strain Gauge type load cell based,Standard Strain Gauge,,C3,,of the model is 01.06 and checksum is CCF9.,is CCF9.,Standard lead seal with wire passing through chassis holes.,,500 to 10000,5g or more,100.0
58,23547,2026-02-09,I-21/368/2025-W&M Section,INTERVET INDIA PRIVATE LIMITED,Non-automatic weighing instrument,58.pdf,https://lm.doca.gov.in/ModelApproval/Certificates/2026/58.pdf,DOCA_MODEL_APPROVAL,PDF_TEXT,False,MERAV 4000,SCR Engineers Ltd,"M/s. SCR Engineers LTD 18th Hamelacha St. Poleg Industrial 
Park, 4250440 Netanya, Israel and imported and marketed in India without any alteration",IND/09/26/58,Non-automatic Weighing Instrument (Platform Type),Class III,1500kg,1500.0,kg,20kg,20.0,1kg,1000.0,LCD,Strain Gauge type load cell based,based  Load Cell,,C3,,10923,87b51e71db8dd3133170,Sealing is done by passing the sealing wire through the holes provided on the body of  machine. A lead seal is put at the end of the wire for stamping purpose (a typical schematic  diagram of sealing provision to prevent the fraudulent practices of the model is given above  as Figure 2). A dip switch has also been provided in mother board/PCB to disable access to  external calibration.,"shall also cover the weighing instruments of  similar make, accuracy and performance of same series with capacity upto 1500kg with  number of verification scale interval (n)  in the range of 500 to 10000 for ‘e’ value of 5g or  more  with ‘e’ value of 1x10k, 2x10k or  5x10k, where  k is a positive or negative whole number  or equal to zero manufactured by the same manufacturer in accordance with the same  principle, design and with the same materials with which, the said approved model has been",500 to 10000,5g or,100.0
59,23782,2026-02-10,I-21/35/2026-W&M Section,H.P.S INDUSTRIES,Non-automatic weighing instrument,59.pdf,https://lm.doca.gov.in/ModelApproval/Certificates/2026/59.pdf,DOCA_MODEL_APPROVAL,PDF_TEXT,False,KTT,KING TECH HPS,"M/s 
H.P.S. Industries, Ground Floor, Plot No. 1663/5344",IND/09/26/59,Table top Type,Class III,30kg,30.0,kg,100g,0.1,5g,5.0,LED,Strain Gauge type load cell based,based  Load Cell,,C3,,1,1,Sealing is done by passing the sealing wire through the holes provided on the body of  machine. A lead seal is put at the end of the wire for stamping purpose (Sealing diagram and  photograph to prevent the fraudulent practices of the model is given above as Figure 2). A dip  switch has also been provided in mother board/PCB to disable access to external calibration.,"shall also cover the weighing instruments of similar make, accuracy  and performance of same series with capacity up to 50kg with number of verification scale  interval (n)  in the range of 500 to 10000 for ‘e’ value of 5g or more and with number of  verification scale interval (n) in the range of 100 to 10000 for ‘e’ value of 100mg to 2g with ‘e’  value of 1x10k, 2x10k or  5x10k, where  k is a positive or negative whole number or equal to zero  manufactured by the same manufacturer in accordance with the same principle, design and with",500 to 10000,5g or more and with number of,100.0
60,23783,2026-02-10,I-21/35/2026-W&M Section,H.P.S INDUSTRIES,Non-automatic weighing instrument,60.pdf,https://lm.doca.gov.in/ModelApproval/Certificates/2026/60.pdf,DOCA_MODEL_APPROVAL,PDF_TEXT,False,KTP,KING TECH HPS,"M/s H.P.S. Industries, Ground Floor, Plot No. 1663/5344",IND/09/26/60,Platform Type,Class III,300kg,300.0,kg,1kg,1.0,50g,50.0,LED,Strain Gauge type load cell based,based  Load Cell,,C3,,1,1,Sealing is done by passing the sealing wire through the holes provided on the body of  machine. A lead seal is put at the end of the wire for stamping purpose (Sealing diagram and  photograph to prevent the fraudulent practices of the model is given above as Figure 2). A dip  switch has also been provided in mother board/PCB to disable access to external calibration.,"shall also cover the weighing instruments of  similar make, accuracy and performance of same series with capacity above 50kg and up to  5000kg with number of verification scale interval (n)  in the range of 500 to 10000 for ‘e’  value of 5g or more with ‘e’ value of 1x10k, 2x10k or  5x10k, where  k is a positive or negative  whole number or equal to zero manufactured by the same manufacturer in accordance with  the same principle, design and with the same materials with which, the said approved model",500 to 10000,5g or more with ‘e’ value of 1x10k,100.0
61,23812,2026-02-11,I-21/37/2026-W&M Section,INDUS WEIGHING SYSTEMS PRIVATE LIMITED,Non-automatic weighing instrument,61.pdf,https://lm.doca.gov.in/ModelApproval/Certificates/2026/61.pdf,DOCA_MODEL_APPROVAL,PDF_TEXT,False,ICS,INDUS,"M/s Indus Weighing Systems Private Limited, 14/10-F, Sitra - Kalapatty",IND/09/26/61,Electronic Crane Scale Type,Class III,300kg,300.0,kg,1kg,1.0,50g,50.0,LED,Strain Gauge type load cell based,based  Load Cell,,C3,,WSCR-01,B3FF,Sealing is done by passing the sealing wire through the holes provided on the body of  machine. A lead seal is put at the end of the wire for stamping purpose (Sealing diagram and  photograph to prevent the fraudulent practices of the model is given above as Figure 2). A dip  switch has also been provided in mother board/PCB to disable access to external calibration.,"shall also cover the weighing instruments of  similar make, accuracy and performance of same series with capacity above 50kg and up to  5000kg with number of verification scale interval (n)  in the range of 500 to 10000 for ‘e’  value of 5g or more with ‘e’ value of 1x10k, 2x10k or  5x10k, where  k is a positive or negative  whole number or equal to zero manufactured by the same manufacturer in accordance with  the same principle, design and with the same materials with which, the said approved model",500 to 10000,5g or more with ‘e’ value of 1x10k,100.0
62,23799,2026-02-12,I-21/11/2026-W&M Section,VISHWAKARMA SERVICES,Non-automatic weighing instrument,62.pdf,https://lm.doca.gov.in/ModelApproval/Certificates/2026/62.pdf,DOCA_MODEL_APPROVAL,PDF_TEXT,False,VKS-TT,VKS,"M/s Vishwakarma Services, I. No. - 8-1-379/4, Kranthi Nagar colony",IND/09/26/,Electronic Table top type,Class III,30kg,30.0,kg,100g,0.1,5g,5.0,LED,Strain Gauge type load cell based,based  Load Cell,,C3,,v.01,49844ddb33cfed6bfc14c066bf88211a99473d1d25,Sealing is done by passing the sealing wire through the holes provided on the body of  machine. A lead seal is put at the end of the wire for stamping purpose (a typical schematic  diagram of sealing provision to prevent the fraudulent practices of the model is given above  as Figure 2). A dip switch has also been provided in mother board/PCB to disable access to  external calibration.,"shall also cover the weighing instruments of  similar make, accuracy and performance of same series with capacity up to 50kg with number  of verification scale interval (n)  in the range of 500 to 10000 for ‘e’ value of 5g or more and  with number of verification scale interval (n) in the range of 100 to 10000 for ‘e’ value of  100mg to 2g with ‘e’ value of 1x10k, 2x10k or  5x10k, where  k is a positive or negative whole  number or equal to zero manufactured by the same manufacturer in accordance with the same",500 to 10000,5g or more and,100.0
63,23800,2026-02-12,I-21/11/2026-W&M Section,VISHWAKARMA SERVICES,Non-automatic weighing instrument,63.pdf,https://lm.doca.gov.in/ModelApproval/Certificates/2026/63.pdf,DOCA_MODEL_APPROVAL,PDF_TEXT,False,VKS-PF,VKS,"M/s Vishwakarma Services, I. No. - 8-1-379/4, Kranthi Nagar colony",IND/09/26/,Electronic Platform type,Class III,300kg,300.0,kg,1000g,1.0,50g,50.0,LED,Strain Gauge type load cell based,based  Load Cell,,C3,,V.01,49844ddb33cfed6bfc14c066bf88211a99473,Sealing is done by passing the sealing wire through the holes provided on the body of  machine. A lead seal is put at the end of the wire for stamping purpose (a typical schematic  diagram of sealing provision to prevent the fraudulent practices of the model is given above  as Figure 2). A dip switch has also been provided in mother board/PCB to disable access to  external calibration.,"shall also cover the weighing instruments of  similar make, accuracy and performance of same series with capacity above 50kg and up to  5000kg with number of verification scale interval (n)  in the range of 500 to 10000 for ‘e’  value of 5g or more with ‘e’ value of 1x10k, 2x10k or  5x10k, where  k is a positive or negative  whole number or equal to zero manufactured by the same manufacturer in accordance with  the same principle, design and with the same materials with which, the said approved model",500 to 10000,5g or more with ‘e’ value of 1x10k,100.0
64,23779,2026-02-17,I-21/40/2026-W&M Section,"M/S,HILAL SCALE COMPANY",Non-automatic weighing instrument,64.pdf,https://lm.doca.gov.in/ModelApproval/Certificates/2026/64.pdf,DOCA_MODEL_APPROVAL,PDF_TEXT,False,HSCTT-III,HILAL SCALE CO.,"M/s. Hilal Scale Company Vavdi Road, Ram Park-2, Morbi",IND/09/26/,Table top-Multi Interval Type,Class III,10/20/30kg,30.0,kg,20g,0.02,1/2/5g,5.0,LED,Strain Gauge type load cell based,based  Load Cell,,C3,,v3,3F90,Sealing is done by passing the sealing wire through the holes provided on the body of  machine. A lead seal is put at the end of the wire for stamping purpose (Sealing diagram and  photograph to prevent the fraudulent practices of the model is given above as Figure 2). A dip  switch has also been provided in mother board/PCB to disable access to external calibration.,"shall also cover the weighing instruments of  similar make, accuracy and performance of same series with capacity up to 50kg with number  of verification scale interval (n)  in the range of 500 to 10000 for ‘e’ value of 5g or more and  with number of verification scale interval (n) in the range of 100 to 10000 for ‘e’ value of  100mg to 2g with ‘e’ value of 1x10k, 2x10k or  5x10k, where  k is a positive or negative whole  number or equal to zero manufactured by the same manufacturer in accordance with the same",500 to 10000,5g or more and,100.0
65,23780,2026-02-17,I-21/40/2026-W&M Section,"M/S,HILAL SCALE COMPANY",Non-automatic weighing instrument,65.pdf,https://lm.doca.gov.in/ModelApproval/Certificates/2026/65.pdf,DOCA_MODEL_APPROVAL,PDF_TEXT,False,HSCPF-III,HILAL SCALE CO.,"M/s. Hilal Scale Company Vavdi Road, Ram Park-2, Morbi",IND/09/26/65,Platform Multi Interval Type,Class III,100/200/300kg,300.0,kg,200g,0.2,10/20/50g,50.0,LED,Strain Gauge type load cell based,based  Load Cell,,C3,,v3,3F90,Sealing is done by passing the sealing wire through the holes provided on the body of  machine. A lead seal is put at the end of the wire for stamping purpose (Sealing diagram and  photograph to prevent the fraudulent practices of the model is given above as Figure 2). A dip  switch has also been provided in mother board/PCB to disable access to external calibration.,"shall also cover the weighing instruments of  similar make, accuracy and performance of same series with capacity above 50kg and up to  5000kg with number of verification scale interval (n)  in the range of 500 to 10000 for ‘e’  value of 5g or more with ‘e’ value of 1x10k, 2x10k or  5x10k, where  k is a positive or negative  whole number or equal to zero manufactured by the same manufacturer in accordance with  the same principle, design and with the same materials with which, the said approved model",500 to 10000,5g or more with ‘e’ value of 1x10k,100.0
66,23683,2026-02-19,I-21/44/2026-W&M Section,AKAR CONTROLS,Non-automatic weighing instrument,66.pdf,https://lm.doca.gov.in/ModelApproval/Certificates/2026/66.pdf,DOCA_MODEL_APPROVAL,PDF_TEXT,False,ACS-25,ATLAS,"M/s. AKAR CONTROLS 758-B, 65TH STREET, 10TH SECTOR",IND/09/26/66,Crane Scale Type,Class III,1000kg,1000.0,kg,20kg,20.0,1kg,1000.0,LED,Strain Gauge type load cell based,based  Load Cell,,C3,,VER 2405,1002300052120652,Sealing is done by passing the sealing wire through the holes provided on the body of  machine. A lead seal is put at the end of the wire for stamping purpose (Sealing diagram and  photograph to prevent the fraudulent practices of the model is given above as Figure 2). A dip  switch has also been provided in mother board/PCB to disable access to external calibration.,"shall also cover the weighing instruments of  similar make, accuracy and performance of same series with capacity above 50kg and up to  5000kg with number of verification scale interval (n)  in the range of 500 to 10000 for ‘e’  value of 5g or more with ‘e’ value of 1x10k, 2x10k or  5x10k, where  k is a positive or negative  whole number or equal to zero manufactured by the same manufacturer in accordance with  the same principle, design and with the same materials with which, the said approved model",500 to 10000,5g or more with ‘e’ value of 1x10k,100.0
67,23690,2026-02-19,I-21/44/2026-W&M Section,AKAR CONTROLS,Non-automatic weighing instrument,67.pdf,https://lm.doca.gov.in/ModelApproval/Certificates/2026/67.pdf,DOCA_MODEL_APPROVAL,PDF_TEXT,False,ALB-25,ATLAS,"M/s. AKAR CONTROLS 758-B, 65TH STREET, 10TH SECTOR",IND/09/26/,Table top Type,Class I,220g,0.22,kg,100mg,100.0,1mg,1.0,LCD,EMFC,Standard Strain Gauge,,C3,,VERSION 2.0,03001B000204DEFE,Sealing is done by passing the sealing wire through the holes provided on the body of  machine. A lead seal is put at the end of the wire for stamping purpose (Sealing diagram and  photograph to prevent the fraudulent practices of the model is given above as Figure 2). A dip  switch has also been provided in mother board/PCB to disable access to external calibration.,"shall also cover the weighing instruments of  similar make, accuracy and performance of same series with capacity up to 50kg with number  of verification scale interval (n)  50000 or more for ‘e’ value of 1mg or more with ‘e’ value  of 1x10k, 2x10k or  5x10k, where  k is a positive or negative whole number or equal to zero  manufactured by the same manufacturer in accordance with the same principle, design and  with the same materials with which, the said approved model has been manufactured.",500 to 10000,1mg or more with ‘e’ value,100.0
68,23696,2026-02-19,I-21/44/2026-W&M Section,AKAR CONTROLS,Non-automatic weighing instrument,68.pdf,https://lm.doca.gov.in/ModelApproval/Certificates/2026/68.pdf,DOCA_MODEL_APPROVAL,PDF_TEXT,False,APFH-25,ATLAS,"M/s. AKAR CONTROLS 758-B, 65TH STREET, 10TH SECTOR",IND/09/26/68,Platform Type,Class II,300kg,300.0,kg,1kg,1.0,20g,20.0,LED,Strain Gauge type load cell based,based  Load Cell,,C3,,VER 21,0E1F800022740093,Sealing is done by passing the sealing wire through the holes provided on the body of  machine. A lead seal is put at the end of the wire for stamping purpose (Sealing diagram and  photograph to prevent the fraudulent practices of the model is given above as Figure 2). A dip  switch has also been provided in mother board/PCB to disable access to external calibration.,"shall also cover the weighing instruments of similar  make, accuracy and performance of same series with capacity above 50kg and up to 5000kg  with number of verification scale interval (n)  in the range of 5000 to 60000 for ‘e’ value of  100mg or more and with number of verification scale interval (n) in the range of 100 to 60000  for ‘e’ value of 1mg to 50mg with ‘e’ value of 1x10k, 2x10k or  5x10k, where  k is a positive  or negative whole number or equal to zero manufactured by the same manufacturer in",5000 to 60000,100mg or more and with number of verification scale interval (n) in the range of 100 to 60000,100.0
69,23361,2026-02-20,I-21/41/2026-W&M Section,E.G Kantawalla Pvt Ltd,Non-automatic weighing instrument,69.pdf,https://lm.doca.gov.in/ModelApproval/Certificates/2026/69.pdf,DOCA_MODEL_APPROVAL,PDF_TEXT,False,ETSB-UD,EAGLE,"M/s EG Kantawalla Pvt Ltd. Next to Prakash Memorial School , Upper",IND/09/26/69,Electronic Weighbridge type,Class III,40t,40.0,tonne,200kg,200.0,10kg,10000.0,Graphic LCD,Strain Gauge type digital load cell based,based  Load Cell,,C3,,GTB_177_V1.0,43 F8,Sealing is done by passing the sealing wire through the holes provided on the body of  machine. A lead seal is put at the end of the wire for stamping purpose (a typical schematic  diagram of sealing provision to prevent the fraudulent practices of the model is given above  as Figure 2). A dip switch has also been provided in mother board/PCB to disable access to  external calibration.,"shall also cover the weighing instruments of  similar make, accuracy and performance of same series with capacity above 5t and up to 150t  with number of verification scale interval (n)  in the range of 500 to 10000 for ‘e’ value of 5g  or more  with ‘e’ value of 1x10k, 2x10k or  5x10k, where  k is a positive or negative whole  number or equal to zero manufactured by the same manufacturer in accordance with the same  principle, design and with the same materials with which, the said approved model has been",500 to 10000,5g,100.0
70,23904,2026-02-20,I-21/46/2025-W&M Section,DIAMOND SALES,Non-automatic weighing instrument,70.pdf,https://lm.doca.gov.in/ModelApproval/Certificates/2026/70.pdf,DOCA_MODEL_APPROVAL,PDF_TEXT,False,DS-SS,DIAMOND SALES,"M/s, DIAMOND SALES Sant Kabir Main Road, K.D. Complex",IND/09/26/70,Mechanical Spring Balance,Class III,25kg,25.0,kg,1kg,1.0,100g,100.0,Analogue Display with graduated scale and pointer,Spring and Lever based,Standard Strain Gauge,,C3,,Ver-1.0,,"Sealing is done by passing the sealing wire through the spring.  A lead seal is put at  the end of the wire for stamping purpose (Sealing diagram to prevent the fraudulent practices  of the model is given above as Figure 2).    Further, in exercise of the power conferred by sub-rule (9) of rule 8 of the Legal","shall also cover the weighing instruments of  similar make, accuracy and performance of same series with capacity up to 100kg with  number of verification scale interval (n)  in the range of 100 to 1000 for ‘e’ value of 5g or  more with ‘e’ value of 1x10k, 2x10k or  5x10k, where  k is a positive or negative whole number  or equal to zero manufactured by the same manufacturer in accordance with the same  principle, design and with the same materials with which, the said approved model has been",100 to 1000,5g or,100.0
71,23802,2026-02-20,I-21/43/2026-W&M Section,Lars Marketing,Table top Type,71.pdf,https://lm.doca.gov.in/ModelApproval/Certificates/2026/71.pdf,DOCA_MODEL_APPROVAL,PDF_TEXT,False,WFS,WEIGHDOT,"M/s Lars Marketing, 205 Guru Ram Dass Bhawan, A-3",IND/09/26/71,Table top Type,Class III,30kg,30.0,kg,100g,0.1,5g,5.0,LED,Strain Gauge type load cell based,based  Load Cell,,C3,,HE 6.0,0F93F8FD,Sealing is done by passing the sealing wire through the holes provided on the body of  machine. A lead seal is put at the end of the wire for stamping purpose (Sealing diagram and  photograph to prevent the fraudulent practices of the model is given above as Figure 2). A dip  switch has also been provided in mother board/PCB to disable access to external calibration.,"shall also cover the weighing instruments of  similar make, accuracy and performance of same series with capacity up to 50kg with number  of verification scale interval (n)  in the range of 500 to 10000 for ‘e’ value of 5g or more and  with number of verification scale interval (n) in the range of 100 to 10000 for ‘e’ value of  100mg to 2g with ‘e’ value of 1x10k, 2x10k or  5x10k, where  k is a positive or negative whole  number or equal to zero manufactured by the same manufacturer in accordance with the same",500 to 10000,5g or more and,100.0
72,23391,2026-02-24,21/317/2025,APPLE WEIGHINFRA LIMITED,Non-automatic weighing instrument,72.pdf,https://lm.doca.gov.in/ModelApproval/Certificates/2026/72.pdf,DOCA_MODEL_APPROVAL,PDF_TEXT,False,ADMC-180,AWL,"M/s. Apple Weighinfra Limited, I-1, New Madhupura Market",IND/09/26/72,Electronic Personal Weighing Scale,Class III,180kg,180.0,kg,2kg,2.0,100g,100.0,LCD,Strain Gauge Type Load  Cell,GRREN LABEL,CZL-60F,C3,,weight_v2.2.hex,dfb79d15b3ea4081cfd3f86183f7d3be80d4ea88798a4ff24,Sealing is done by passing the sealing wire through the holes provided on the body of  machine. A lead seal is put at the end of the wire for stamping purpose (Sealing diagram and  photograph to prevent the fraudulent practices of the model is given above as Figure 2). A dip  switch has also been provided in mother board/PCB to disable access to external calibration.,"shall also cover the weighing instruments of  similar make, accuracy and performance of same series with capacity up to 200kg with  number of verification scale interval (n)  in the range of 500 to 10000 for ‘e’ value of 5g or  more with ‘e’ value of 1x10k, 2x10k or  5x10k, where  k is a positive or negative whole number  or equal to zero manufactured by the same manufacturer in accordance with the same  principle, design and with the same materials with which, the said approved model has been",500 to 10000,5g or,100.0
73,23645,2026-02-24,21/22/2026,KANIMOZHI WEIGHING INDUSTRIES,Non-automatic weighing instrument,73.pdf,https://lm.doca.gov.in/ModelApproval/Certificates/2026/73.pdf,DOCA_MODEL_APPROVAL,PDF_TEXT,False,KAS,K-SCALE,"M/s. KANIMOZHI WEIGHING INDUSTRIES, 24 Anaikattu Road, 2nd",IND/09/26/73,Table top Type,Class I,320g,0.32,kg,100mg,100.0,1mg,1.0,LCD,EMFC,Standard Strain Gauge,,C3,,2.0,03001B000204DEFE,Sealing is done by passing the sealing wire through the holes provided on the body of  machine. A lead seal is put at the end of the wire for stamping purpose (Sealing diagram and  photograph to prevent the fraudulent practices of the model is given above as Figure 2). A dip  switch has also been provided in mother board/PCB to disable access to external calibration.,"shall also cover the weighing instruments of  similar make, accuracy and performance of same series with capacity up to 50kg with number  of verification scale interval (n) 50000 or more for ‘e’ value of 1mg or more with ‘e’ value of 1x10k, 2x10k or  5x10k, where  k is a positive or negative whole number or equal to zero  manufactured by the same manufacturer in accordance with the same principle, design and  with the same materials with which, the said approved model has been manufactured.",500 to 10000,1mg or more with ‘e’ value,100.0
74,23646,2026-02-24,21/22/2026,KANIMOZHI WEIGHING INDUSTRIES,Non-automatic weighing instrument,74.pdf,https://lm.doca.gov.in/ModelApproval/Certificates/2026/74.pdf,DOCA_MODEL_APPROVAL,PDF_TEXT,False,KTS,K-SCALE,"M/s. KANIMOZHI WEIGHING INDUSTRIES, 24 Anaikattu Road, 2nd",IND/09/26/74,Table top Type (Multi Interval),Class III,12kg/30kg,30.0,kg,40g,0.04,2g/5g,5.0,LED,Strain Gauge type load cell based,based  Load Cell,,C3,,VER 21,0E1F800022740093,Sealing is done by passing the sealing wire through the holes provided on the body of  machine. A lead seal is put at the end of the wire for stamping purpose (Sealing diagram and  photograph to prevent the fraudulent practices of the model is given above as Figure 2). A dip  switch has also been provided in mother board/PCB to disable access to external calibration.,"shall also cover the weighing instruments of  similar make, accuracy and performance of same series with capacity up to 50kg with number  of verification scale interval (n) in the range of 500 to 10000 for ‘e’ value of 5g or more and  with number of verification scale interval (n) in the range of 100 to 10000 for ‘e’ value of 100mg to 2g with ‘e’ value of 1x10k, 2x10k or  5x10k, where  k is a positive or negative whole  number or equal to zero manufactured by the same manufacturer in accordance with the same",500 to 10000,5g or more and,100.0
75,23647,2026-02-24,21/22/2026,KANIMOZHI WEIGHING INDUSTRIES,Non-automatic weighing instrument,75.pdf,https://lm.doca.gov.in/ModelApproval/Certificates/2026/75.pdf,DOCA_MODEL_APPROVAL,PDF_TEXT,False,KCS,K-SCALE,"M/s. KANIMOZHI WEIGHING INDUSTRIES, 24 Anaikattu Road, 2nd",IND/09/26/75,Platform Type (Multi Interval),Class III,120kg/300kg,300.0,kg,400g,0.4,20g/50g,50.0,LED,Strain Gauge type load cell based,based  Load Cell,,C3,,VER 21,0E1F800022740093,Sealing is done by passing the sealing wire through the holes provided on the body of  machine. A lead seal is put at the end of the wire for stamping purpose (Sealing diagram and  photograph to prevent the fraudulent practices of the model is given above as Figure 2). A dip  switch has also been provided in mother board/PCB to disable access to external calibration.,"shall also cover the weighing instruments of  similar make, accuracy and performance of same series with capacity above 50kg and up to  5000kg with number of verification scale interval (n) in the range of 500 to 10000 for ‘e’ value of 5g or more with ‘e’ value of 1x10k, 2x10k or  5x10k, where  k is a positive or negative  whole number or equal to zero manufactured by the same manufacturer in accordance with the same principle, design and with the same materials with which, the said approved model",500 to 10000,5g or more with ‘e’ value of 1x10k,100.0
76,23648,2026-02-24,21/22/2026,KANIMOZHI WEIGHING INDUSTRIES,Non-automatic weighing instrument,76.pdf,https://lm.doca.gov.in/ModelApproval/Certificates/2026/76.pdf,DOCA_MODEL_APPROVAL,PDF_TEXT,False,KPS,K-SCALE,"M/s. KANIMOZHI WEIGHING INDUSTRIES, 24 Anaikattu Road, 2nd",IND/09/26/76,Platform Type,Class III,1000kg,1000.0,kg,4kg,4.0,200g,200.0,LED,Strain Gauge type load cell based,based  Load Cell,,C3,,VER 21,0E1F800022740093,Sealing is done by passing the sealing wire through the holes provided on the body of  machine. A lead seal is put at the end of the wire for stamping purpose (Sealing diagram and  photograph to prevent the fraudulent practices of the model is given above as Figure 2). A dip  switch has also been provided in mother board/PCB to disable access to external calibration.,"shall also cover the weighing instruments of  similar make, accuracy and performance of same series with capacity above 50kg and up to  5000kg with number of verification scale interval (n) in the range of 500 to 10000 for ‘e’ value of 5g or more with ‘e’ value of 1x10k, 2x10k or  5x10k, where  k is a positive or negative  whole number or equal to zero manufactured by the same manufacturer in accordance with  the same principle, design and with the same materials with which, the said approved model",500 to 10000,5g or more with ‘e’ value of 1x10k,100.0
77,23818,2026-02-24,21/47/2026,TRC POWER TECH,Non-automatic weighing instrument,77.pdf,https://lm.doca.gov.in/ModelApproval/Certificates/2026/77.pdf,DOCA_MODEL_APPROVAL,PDF_TEXT,False,TRPF,TRC,"M/s. TRC POWER TECH, Building No. 678/305, Varuna Hobli",IND/09/26/77,Platform Type,Class III,500kg,500.0,kg,2kg,2.0,100g,100.0,LED,Strain Gauge type load cell based,based  Load Cell,,C3,,Ver 3.21,65A6,Sealing is done by passing the sealing wire through the holes provided on the body of  machine. A lead seal is put at the end of the wire for stamping purpose (Sealing diagram and  photograph to prevent the fraudulent practices of the model is given above as Figure 2). A dip  switch has also been provided in mother board/PCB to disable access to external calibration.,"shall also cover the weighing instruments of  similar make, accuracy and performance of same series with capacity above 50kg and up to  5000kg with number of verification scale interval (n)  in the range of 500 to 10000 for ‘e’  value of 5g or more with ‘e’ value of 1x10k, 2x10k or  5x10k, where  k is a positive or negative  whole number or equal to zero manufactured by the same manufacturer in accordance with  the same principle, design and with the same materials with which, the said approved model",500 to 10000,5g or more with ‘e’ value of 1x10k,100.0
78,23636,2026-02-24,21/19/2026,ACCUMET SOLUTIONS,Water Meter,78.pdf,https://lm.doca.gov.in/ModelApproval/Certificates/2026/78.pdf,DOCA_MODEL_APPROVAL,PDF_TEXT,False,ASW-20,ACCUMET,"M/s. ACCUMET SOLUTIONS, H1-622 Sitapura Industrial Area, Jaipur Rajasthan",IND/09/26/78,Water Meter,Class 2,30 kg,30.0,kg,100 g,0.1,0.00001m3,3.0,LCD,Strain Gauge type load cell based,Standard Strain Gauge,,C3,,FU Ver 101 20,0x1720A60D,Standard lead seal with wire passing through chassis holes.,,500 to 10000,5g or more,100.0
79,23635,2026-02-24,21/19/2026,ACCUMET SOLUTIONS,Water Meter,79.pdf,https://lm.doca.gov.in/ModelApproval/Certificates/2026/79.pdf,DOCA_MODEL_APPROVAL,PDF_TEXT,False,ASW-25,ACCUMET,"M/s. ACCUMET SOLUTIONS, H1-622 Sitapura Industrial Area, Jaipur Rajasthan",IND/09/26/79,Water Meter,Class 2,30 kg,30.0,kg,100 g,0.1,0.00001m3,3.0,LCD,Strain Gauge type load cell based,Standard Strain Gauge,,C3,,FU Ver 101 25,0x1718C29A,Standard lead seal with wire passing through chassis holes.,,500 to 10000,5g or more,100.0
80,23796,2026-02-24,21/32/2026,GROZ ENGINEERING TOOLS PRIVATE LIMITED,Measuring Systems for Liquids Other than Water,80.pdf,https://lm.doca.gov.in/ModelApproval/Certificates/2026/80.pdf,DOCA_MODEL_APPROVAL,PDF_TEXT,False,FD/60/220/AC,GROZ,"M/s Groz Engineering Tools Private Limited, Kherki Daula , NH",IND/09/26/80,Measuring Systems for Liquids Other than Water,"0.5 (hereinafter in this notification referred to as the said model) of series ""FD/60/220/AC"" and with brand",30 kg,30.0,kg,100 g,0.1,5 g,5.0,LCD,Strain Gauge type load cell based,Standard Strain Gauge,,C3,,Ver-1.0,J36BCA2B52083172D2525C86A3E2B61A,Standard lead seal with wire passing through chassis holes.,,500 to 10000,5g or more,100.0
81,23455,2026-02-27,I-21/17/2026-W&M Section,LUCKEY ELECTRONIC WEIGHING SCALE,Non-automatic weighing instrument,81.pdf,https://lm.doca.gov.in/ModelApproval/Certificates/2026/81.pdf,DOCA_MODEL_APPROVAL,PDF_TEXT,False,LDWB,LUCKEY DIGITAL,"M/s Luckey Electronic Weighing Scale, Ganeshi Market, Bayana",IND/09/26/81,Electronic Weighbridge type,Class III,40t,40.0,tonne,200kg,200.0,10kg,10000.0,LED Display indicates the weighing result and LCD is,Strain Gauge type load cell based,based  Load Cell,,C3,,02-Jan-2015,e24a8d3c12b7f5a89e1b2f7c0d95e6f3b7c3d,Sealing is done by passing the sealing wire through the holes provided on the body of  machine. A lead seal is put at the end of the wire for stamping purpose (a typical schematic  diagram of sealing provision to prevent the fraudulent practices of the model is given above  as Figure 2). A dip switch has also been provided in mother board/PCB to disable access to  external calibration.,"shall also cover the weighing instruments of  similar make, accuracy and performance of same series with capacity above 5t and up to 150t  with number of verification scale interval (n)  in the range of 500 to 10000 for ‘e’ value of 5g  or more  with ‘e’ value of 1x10k, 2x10k or  5x10k, where  k is a positive or negative whole  number or equal to zero manufactured by the same manufacturer in accordance with the same  principle, design and with the same materials with which, the said approved model has been",500 to 10000,5g,100.0
82,23851,2026-03-02,I-21/54/2026-W&M Section,TEDAE INDUSTRIES,Non-automatic weighing instrument,82.pdf,https://lm.doca.gov.in/ModelApproval/Certificates/2026/82.pdf,DOCA_MODEL_APPROVAL,PDF_TEXT,False,TTB,TEDAE,"M/s TEDAE INDUSTRIES, No. 11, 1st Main Road",IND/09/26/82,Electronic Table top type,Class III,30kg,30.0,kg,100g,0.1,5g,5.0,LED,Strain Gauge type load cell based,based  Load Cell,,C3,,V.2.1,0f6672090c949fdd55dc0edbc190a78da3453647,Sealing is done by passing the sealing wire through the holes provided on the body of  machine. A lead seal is put at the end of the wire for stamping purpose (a typical schematic  diagram of sealing provision to prevent the fraudulent practices of the model is given above  as Figure 2). A dip switch has also been provided in mother board/PCB to disable access to  external calibration.,"shall also cover the weighing instruments of  similar make, accuracy and performance of same series with capacity up to 50kg with number  of verification scale interval (n)  in the range of 500 to 10000 for ‘e’ value of 5g or more and  with number of verification scale interval (n) in the range of 100 to 10000 for ‘e’ value of  100mg to 2g with ‘e’ value of 1x10k, 2x10k or  5x10k, where  k is a positive or negative whole  number or equal to zero manufactured by the same manufacturer in accordance with the same",500 to 10000,5g or more and,100.0
83,23852,2026-03-02,I-21/54/2026-W&M Section,TEDAE INDUSTRIES,Non-automatic weighing instrument,83.pdf,https://lm.doca.gov.in/ModelApproval/Certificates/2026/83.pdf,DOCA_MODEL_APPROVAL,PDF_TEXT,False,CM,TEDAE,"M/s. Weight Pro Instrument, Kapeldhar Goushala Road, Savarkundla",IND/09/26/83,Electronic Bench Weighing type,Class III,300kg,300.0,kg,1000g,1.0,50g,50.0,LED,Strain Gauge type load cell based,based  Load Cell,,C3,,V.2.1,0f6672090c949fdd55dc0edbc190a78da3453647,Sealing is done by passing the sealing wire through the holes provided on the body of  machine. A lead seal is put at the end of the wire for stamping purpose (a typical schematic  diagram of sealing provision to prevent the fraudulent practices of the model is given above  as Figure 2). A dip switch has also been provided in mother board/PCB to disable access to  external calibration.,"shall also cover the weighing instruments of  similar make, accuracy and performance of same series with capacity above 50kg and up to  5000kg with number of verification scale interval (n)  in the range of 500 to 10000 for ‘e’  value of 5g or more with ‘e’ value of 1x10k, 2x10k or  5x10k, where  k is a positive or negative  whole number or equal to zero manufactured by the same manufacturer in accordance with  the same principle, design and with the same materials with which, the said approved model",500 to 10000,5g or more with ‘e’ value of 1x10k,100.0
84,23905,2026-03-02,I-21/53/2026-W&M Section,DIAMOND SALES,Non-automatic weighing instrument,84.pdf,https://lm.doca.gov.in/ModelApproval/Certificates/2026/84.pdf,DOCA_MODEL_APPROVAL,PDF_TEXT,False,DS-IM,DIAMOND SALES,"M/s, Diamond",IND/09/26/,Non-automatic weighing instrument,Class II,30 kg,30.0,kg,100 g,0.1,5 g,5.0,Digital LED/LCD,Strain Gauge type load cell based,Standard Strain Gauge,,C3,,Ver-1.0,,Standard lead seal with wire passing through chassis holes.,,500 to 10000,5g or more,100.0
85,23884,2026-03-03,I-21/51/2026-W&M Section,"M/S, WEIGHT PRO INSTRUMENT",Non-automatic weighing instrument,85.pdf,https://lm.doca.gov.in/ModelApproval/Certificates/2026/85.pdf,DOCA_MODEL_APPROVAL,PDF_TEXT,False,WPT-III,SKYTEL,"M/s. Weight Pro Instrument, Kapeldhar Goushala Road, Savarkundla",IND/09/26/85,Electronic Table top type,Class III,30kg,30.0,kg,100g,0.1,5g,5.0,LED,Strain Gauge type load cell based,based  Load Cell,,C3,,v1.5.0.hex,e24a8d3c12b7f5a89e1b2f7c0d95e6f3b7c3d2f9a1e0b5c4,Sealing is done by passing the sealing wire through the holes provided on the body of  machine. A lead seal is put at the end of the wire for stamping purpose (a typical schematic  diagram of sealing provision to prevent the fraudulent practices of the model is given above  as Figure 2). A dip switch has also been provided in mother board/PCB to disable access to  external calibration.,"shall also cover the weighing instruments of  similar make, accuracy and performance of same series with capacity up to 50kg with number  of verification scale interval (n)  in the range of 500 to 10000 for ‘e’ value of 5g or more and  with number of verification scale interval (n) in the range of 100 to 10000 for ‘e’ value of  100mg to 2g with ‘e’ value of 1x10k, 2x10k or  5x10k, where  k is a positive or negative whole  number or equal to zero manufactured by the same manufacturer in accordance with the same",500 to 10000,5g or more and,100.0
86,23883,2026-03-03,I-21/51/2026-W&M Section,"M/S, WEIGHT PRO INSTRUMENT",Non-automatic weighing instrument,86.pdf,https://lm.doca.gov.in/ModelApproval/Certificates/2026/86.pdf,DOCA_MODEL_APPROVAL,PDF_TEXT,False,WPP-III,SKYTEL,"M/s. Weight Pro Instrument, Kapeldhar Goushala Road, Savarkundla",IND/09/26/86,Electronic Platform type,Class III,300kg,300.0,kg,1000g,1.0,50g,50.0,LED,Strain Gauge type load cell based,based  Load Cell,,C3,,v1.5.0.hex,e24a8d3c12b7f5a89e1b2f7c0d95e6f3b7c3d2f9a1e0b5c4,Sealing is done by passing the sealing wire through the holes provided on the body of  machine. A lead seal is put at the end of the wire for stamping purpose (a typical schematic  diagram of sealing provision to prevent the fraudulent practices of the model is given above  as Figure 2). A dip switch has also been provided in mother board/PCB to disable access to  external calibration.,"shall also cover the weighing instruments of  similar make, accuracy and performance of same series with capacity above 50kg and up to  5000kg with number of verification scale interval (n)  in the range of 500 to 10000 for ‘e’  value of 5g or more with ‘e’ value of 1x10k, 2x10k or  5x10k, where  k is a positive or negative  whole number or equal to zero manufactured by the same manufacturer in accordance with  the same principle, design and with the same materials with which, the said approved model",500 to 10000,5g or more with ‘e’ value of 1x10k,100.0
87,23352,2026-03-03,I-21/56/2026-W&M Section,E.G Kantawalla Pvt Ltd,Non-automatic weighing instrument,87.pdf,https://lm.doca.gov.in/ModelApproval/Certificates/2026/87.pdf,DOCA_MODEL_APPROVAL,PDF_TEXT,False,ECTS-A,EAGLE,"M/s. EG Kantawalla Pvt Ltd. Next to Prakash Memorial School, Upper",IND/09/26/87,Electronic Weigh bridge type,Class III,40t,40.0,tonne,200kg,200.0,10kg,10000.0,Graphic LCD,Strain Gauge type analogue load cell based,based  Load Cell,,C3,,GTB_177_V1.0,43F8,Sealing is done by passing the sealing wire through the holes provided on the body of  machine. A lead seal is put at the end of the wire for stamping purpose (A sealing diagram  and photograph to prevent the fraudulent practices of the model is given above as Figure 2).  A dip switch has also been provided in mother board/PCB to disable access to external  calibration.,"shall also cover the weighing instruments of  similar make, accuracy and performance of same series with capacity above 5tonne and up to  150tonne with number of verification scale interval (n)  in the range of 500 to 10000 for ‘e’  value of 5g or more with ‘e’ value of 1x10k, 2x10k or  5x10k, where  k is a positive or negative  whole number or equal to zero manufactured by the same manufacturer in accordance with  the same principle, design and with the same materials with which, the said approved model",500 to 10000,5g or more with ‘e’ value of 1x10k,100.0
88,23580,2026-03-03,I-21/36/2026-W&M Section,METTLER-TOLEDO INDIA PRIVATE LIMITED,Non-automatic weighing instrument,88.pdf,https://lm.doca.gov.in/ModelApproval/Certificates/2026/88.pdf,DOCA_MODEL_APPROVAL,PDF_TEXT,False,described,METTLER TOLEDO,"M/s Mettler-Toledo AG Im Langacher, 8606 Greifensee, Switzerland",IND/09/26/,Non-automatic weighing instrument,Class II,30 kg,30.0,kg,100 g,0.1,e,5.0,LCD,Strain Gauge type load cell based,Standard Strain Gauge,,C3,,Ver-1.0,,Sealing is done by passing the sealing wire through the holes provided on the body of the  machine. A lead seal is put at the end of the wire for stamping purposes (a typical schematic  diagram of sealing provision to prevent the fraudulent practice of the model is given above as  Figure (2). A dip switch has been provided in the motherboard/PCB to disable access to external  calibration.,,500 to 10000,5g or more,100.0
89,23837,2026-03-03,I-21/60/2026-W&M Section,MEHTA ENTERPRISES,Non-automatic weighing instrument,89.pdf,https://lm.doca.gov.in/ModelApproval/Certificates/2026/89.pdf,DOCA_MODEL_APPROVAL,PDF_TEXT,False,MJ,SHIVOLIC,"M/s MEHTA ENTERPRISES,1st FLOOR,DASHMESH MARKET",IND/09/26/89,Electronic Table top type,Class I,600g,0.6,kg,100mg,100.0,1mg,1.0,LCD,EMFC,Standard Strain Gauge,,C3,,motherboard_firmware_v1.5.0.hex,e24a8d3c12b7f5a89e1b2f7c0d95e6f3b7c3d2f9ale0,Sealing is done by passing the sealing wire through the holes provided on the body of  machine. A lead seal is put at the end of the wire for stamping purpose (Sealing diagram and  photograph to prevent the fraudulent practices of the model is given above as Figure 2). A dip  switch has also been provided in mother board/PCB to disable access to external calibration.,"shall also cover the weighing instruments of  similar make, accuracy and performance of same series with capacity up to 20kg with number  of verification scale interval (n)  50000 or more for ‘e’ value of 1mg or more with ‘e’ value  of 1x10k, 2x10k or  5x10k, where  k is a positive or negative whole number or equal to zero  manufactured by the same manufacturer in accordance with the same principle, design and  with the same materials with which, the said approved model has been manufactured.",500 to 10000,1mg or more with ‘e’ value,100.0
90,23864,2026-03-03,I-21/61/2026-W&M Section,KWALITY WEIGH (INDIA),Non-automatic weighing instrument,90.pdf,https://lm.doca.gov.in/ModelApproval/Certificates/2026/90.pdf,DOCA_MODEL_APPROVAL,PDF_TEXT,False,KWP-II,KWALITY WEIGH,"M/s KWALITY WEIGH (INDIA), Village: Tooran, Amloh Road",IND/09/26/90,Electronic Platform Type,Class II,300kg,300.0,kg,1kg,1.0,20g,20.0,LED,Strain Gauge type load cell based,based  Load Cell,,C3,,V.1.0,EC13,Sealing is done by passing the sealing wire through the holes provided on the body of  machine. A lead seal is put at the end of the wire for stamping purpose (Sealing diagram and  photograph to prevent the fraudulent practices of the model is given above as Figure 2). A dip  switch has also been provided in mother board/PCB to disable access to external calibration.,"shall also cover the weighing instruments of similar  make, accuracy and performance of same series with capacity above 50kg and up to 5000kg  with number of verification scale interval (n)  in the range of 5000 to 60000 for ‘e’ value of  100mg or more and with number of verification scale interval (n) in the range of 100 to 60000  for ‘e’ value of 1mg to 50mg with ‘e’ value of 1x10k, 2x10k or  5x10k, where  k is a positive  or negative whole number or equal to zero manufactured by the same manufacturer in",5000 to 60000,100mg or more and with number of verification scale interval (n) in the range of 100 to 60000,100.0
91,23831,2026-03-05,I-21/27/2026-W&M Section,HINDALCO INDUSTRIES LIMITED,Automatic Gravimetric Filling Instrument,91.pdf,https://lm.doca.gov.in/ModelApproval/Certificates/2026/91.pdf,DOCA_MODEL_APPROVAL,PDF_TEXT,False,described,PAGLIERANI,"M/s. Paglierani srl, 47824 Poggio Torriana (RN), via",IND/09/26/91,Automatic gravimetric filling instrument,X(x) where x=0.5 or 1.0 (hereinafter referred,≤ 5000 kg,5000.0,kg,100 g,0.1,≥ 0.001 kg,1.0,LED (Six nos),Electronics and Load cell based,based   Accuracy class,,C3,,Ver-1.0,,Standard lead seal with wire passing through chassis holes.,,500 to 10000,5g or more,100.0
92,18727,2026-03-05,I-21/39/2026-W&M Section,M/s. Jay Instruments And Systems Private Limited,Electronic Tank Weighing type,92.pdf,https://lm.doca.gov.in/ModelApproval/Certificates/2026/92.pdf,DOCA_MODEL_APPROVAL,PDF_TEXT,False,Flexi-TW3-1015S-III,Flexiweigh,"M/s. JAY INSTRUMENTS AND SYSTEMS PRIVATE LIMITED, 
A-3& A-4 KSSIDC Gamanagatti Industrial Area , Hubballi",IND/09/26/92,Electronic Tank Weighing type,Class III,50t,50.0,tonne,400kg,400.0,20kg,20000.0,LED,Strain Gauge type load cell based,based  Load Cell,,C3,,1.0.6,2968,Sealing is done by passing the sealing wire through the holes provided on the body of  machine. A lead seal is put at the end of the wire for stamping purpose (Sealing diagram and  photograph to prevent the fraudulent practices of the model is given above as Figure 2). A dip  switch has also been provided in mother board/PCB to disable access to external calibration.,"shall also cover the weighing instruments of  similar make, accuracy and performance of same series with capacity above 5 tonne and up  to 50 tonne with number of verification scale interval (n)  in the range of 500 to 10000 for ‘e’",500 to 10000,5g or more with ‘e’ value of 1x10k,100.0
93,18728,2026-03-05,I-21/39/2026-W&M Section,M/s. Jay Instruments And Systems Private Limited,Electronic Tank Weighing type,93.pdf,https://lm.doca.gov.in/ModelApproval/Certificates/2026/93.pdf,DOCA_MODEL_APPROVAL,PDF_TEXT,False,Flexi-TW3-1015F-III,Flexiweigh,"M/s. JAY INSTRUMENTS AND SYSTEMS PRIVATE LIMITED, 
A-3& A-4 KSSIDC Gamanagatti Industrial Area , Hubballi",IND/09/26/,Electronic Tank Weighing type,Class III,50t,50.0,tonne,400kg,400.0,20kg,20000.0,LED,Strain Gauge type load cell based,based  Load Cell,,C3,,1.0.6,2968,Sealing is done by passing the sealing wire through the holes provided on the body of  machine. A lead seal is put at the end of the wire for stamping purpose (Sealing diagram and  photograph to prevent the fraudulent practices of the model is given above as Figure 2). A dip  switch has also been provided in mother board/PCB to disable access to external calibration.,"shall also cover the weighing instruments of  similar make, accuracy and performance of same series with capacity above 5 tonne and up  to 50 tonne with number of verification scale interval (n)  in the range of 500 to 10000 for ‘e’  value of 5g or more with ‘e’ value of 1x10k, 2x10k or  5x10k, where  k is a positive or negative",500 to 10000,5g or more with ‘e’ value of 1x10k,100.0
94,23640,2026-03-05,I-21/21/2026-W&M Section,CHUGH SCALES PRIVATE LIMITED,Non-automatic weighing instrument,94.pdf,https://lm.doca.gov.in/ModelApproval/Certificates/2026/94.pdf,DOCA_MODEL_APPROVAL,PDF_TEXT,False,CAMRY,CHUGH,"M/s Chugh Scales Private Limited, Shop No. 11-15 NH 05, NIT Faridabad",IND/09/26/,Person Weighing Scale Type,Class III,180kg,180.0,kg,1kg,1.0,50g,50.0,LCD,Strain Gauge type load cell based,based  Load Cell,,C3,,PS01,A2B4,Sealing is done by passing the sealing wire through the holes provided on the body of  machine. A lead seal is put at the end of the wire for stamping purpose (Sealing diagram and  photograph to prevent the fraudulent practices of the model is given above as Figure 2). A dip  switch has also been provided in mother board/PCB to disable access to external calibration.,"shall also cover the weighing instruments of  similar make, accuracy and performance of same series with capacity up to 200kg with  number of verification scale interval (n)  in the range of 500 to 10000 for ‘e’ value of 5g or  more with ‘e’ value of 1x10k, 2x10k or  5x10k, where  k is a positive or negative whole number  or equal to zero manufactured by the same manufacturer in accordance with the same  principle, design and with the same materials with which, the said approved model has been",500 to 10000,5g or,100.0
95,23855,2026-03-06,I-21/50/2026-W&M Section,H. ENTERPRISES,Any other Weight or Measure,95.pdf,https://lm.doca.gov.in/ModelApproval/Certificates/2026/95.pdf,DOCA_MODEL_APPROVAL,PDF_TEXT,False,HE,HANSON,"M/s. H. ENTERPRISES, 
231 A2, Shah And Nahar",IND/09/26/,Any other Weight or Measure,Class III,30 kg,30.0,kg,100 g,0.1,5 g,5.0,Digital LED/LCD,Strain Gauge type load cell based,Standard Strain Gauge,,C3,,Ver-1.0,,Standard lead seal with wire passing through chassis holes.,,500 to 10000,5g or more,100.0
96,23856,2026-03-06,I-21/50/2026-W&M Section,H. ENTERPRISES,Any other Weight or Measure,96.pdf,https://lm.doca.gov.in/ModelApproval/Certificates/2026/96.pdf,DOCA_MODEL_APPROVAL,PDF_TEXT,False,HE,HANSON,"M/s. H. ENTERPRISES, 
231 A2, Shah And Nahar",IND/09/26/96,Any other Weight or Measure,Class III,30 kg,30.0,kg,100 g,0.1,5 g,5.0,Digital LED/LCD,Strain Gauge type load cell based,Standard Strain Gauge,,C3,,Ver-1.0,,Standard lead seal with wire passing through chassis holes.,,500 to 10000,5g or more,100.0
97,23979,2026-03-06,I-21/64/2026-W&M Section,DIAMOND SALES,Non-automatic weighing instrument,97.pdf,https://lm.doca.gov.in/ModelApproval/Certificates/2026/97.pdf,DOCA_MODEL_APPROVAL,PDF_TEXT,False,DS-SM,DIAMOND SALES,"M/s, DIAMOND",IND/09/26/97,Non-automatic weighing instrument,Class II,30 kg,30.0,kg,100 g,0.1,5 g,5.0,Digital LED/LCD,Strain Gauge type load cell based,Standard Strain Gauge,,C3,,Ver-1.0,,Standard lead seal with wire passing through chassis holes.,,500 to 10000,5g or more,100.0
98,23881,2026-03-09,I-21/55/2026-W&M Section,ELSTER-INSTROMET INDIA PRIVATE LIMITED,Gas Meters,98.pdf,https://lm.doca.gov.in/ModelApproval/Certificates/2026/98.pdf,DOCA_MODEL_APPROVAL,PDF_TEXT,False,described,Elster GmbH,"M/s Elster GmbH, Steinern  Strasse 19-21, 55252 Mainz-Kastel",IND/09/26/,Gas chromatograph,A,30 kg,30.0,kg,100 g,0.1,5 g,5.0,Digital LED/LCD,Strain Gauge type load cell based,Standard Strain Gauge,,C3,,Ver-1.0,GCM module,Standard lead seal with wire passing through chassis holes.,,500 to 10000,5g or more,100.0
99,23880,2026-03-09,I-21/57/2026-W&M Section,HONEYWELL AUTOMATION INDIA LIMITED,Gas Meters,99.pdf,https://lm.doca.gov.in/ModelApproval/Certificates/2026/99.pdf,DOCA_MODEL_APPROVAL,PDF_TEXT,False,described,Elster GmbH,"M/s Elster GmbH, Steinern  Strasse 19-21, 55252 Mainz-Kastel",IND/09/26/,Gas chromatograph,A,30 kg,30.0,kg,100 g,0.1,5 g,5.0,Digital LED/LCD,Strain Gauge type load cell based,Standard Strain Gauge,,C3,,Ver-1.0,GCM module,Standard lead seal with wire passing through chassis holes.,,500 to 10000,5g or more,100.0
100,23411,2026-03-10,I-21/42/2026-W&M Section,M/S KUMAR SYSTEM,Automatic Instruments for weighing road vehicles in-motion and measuring axle loads,100.pdf,https://lm.doca.gov.in/ModelApproval/Certificates/2026/100.pdf,DOCA_MODEL_APPROVAL,PDF_TEXT,False,ETFD,EUROTECH,"M/s. Kumar System, Plot No 2284, Jaydev Vihar",IND/09/26/100,Automatic instruments for weighing road Vehicles in motion and mea,1 of series,50 tonne,50.0,tonne,1000kg,1000.0,20kg,20000.0,LED & LCD,Electronics and Strain Gauge type digital load cell based,based  Display Unit,,C3,,2.6,8100kb,Standard lead seal with wire passing through chassis holes.,"shall also cover the weighing instruments of similar make, accuracy and  performance of same series with capacity up to 50 tonne  and operating speed from 1-10 km/hr  manufactured by the same manufacturer in accordance with the same principle, design and with the  same materials with which, the said approved model has been manufactured.    [F.No. I-21/42/2026-W&M Section]",500 to 10000,5g or more,100.0
101,23680,2026-03-10,I-21/62/2026-W&M Section,VIGNESH ENGINEERING SYSTEMS,Non-automatic weighing instrument,101.pdf,https://lm.doca.gov.in/ModelApproval/Certificates/2026/101.pdf,DOCA_MODEL_APPROVAL,PDF_TEXT,False,MP,MILLICUBE,"M/s VIGNESH ENGINEERING SYSTEMS, 90, NAVA INDIA",IND/09/26/101,Electronic Platform Type,Class III,300kg,300.0,kg,1kg,1.0,50g,50.0,Seven Segment LED,Strain Gauge type load cell based,based  Load Cell,,C3,,mothercard_firmware_v1.5.0.hex,e24a8d3c12b7f5a89e1b2f7c0d95e6f3b7c3d2f9a1e0b5,Sealing is done by passing the sealing wire through the holes provided on the body of  machine. A lead seal is put at the end of the wire for stamping purpose (Sealing diagram and  photograph to prevent the fraudulent practices of the model is given above as Figure 2). A dip  switch has also been provided in mother board/PCB to disable access to external calibration.,"shall also cover the weighing instruments of  similar make, accuracy and performance of same series with capacity above 50kg and up to  5000kg with number of verification scale interval (n)  in the range of 500 to 10000 for ‘e’  value of 5g or more with ‘e’ value of 1x10k, 2x10k or  5x10k, where  k is a positive or negative  whole number or equal to zero manufactured by the same manufacturer in accordance with  the same principle, design and with the same materials with which, the said approved model",500 to 10000,5g or more with ‘e’ value of 1x10k,100.0
102,23682,2026-03-10,I-21/62/2026-W&M Section,VIGNESH ENGINEERING SYSTEMS,Non-automatic weighing instrument,102.pdf,https://lm.doca.gov.in/ModelApproval/Certificates/2026/102.pdf,DOCA_MODEL_APPROVAL,PDF_TEXT,False,MJT,MILLICUBE,"M/s VIGNESH ENGINEERING SYSTEMS, 90, NAVA INDIA",IND/09/26/102,Electronic Table top Type,Class II,30kg,30.0,kg,100g,0.1,2g,2.0,Seven Segment LED,Strain Gauge type load cell based,based  Load Cell,,C3,,mothercard_firmware_v1.5.0.hex,e24a8d3c12b7f5a89e1b2f7c0d95e6f3b7c3d2f9a1e,Sealing is done by passing the sealing wire through the holes provided on the body of  machine. A lead seal is put at the end of the wire for stamping purpose (Sealing diagram and  photograph to prevent the fraudulent practices of the model is given above as Figure 2). A dip  switch has also been provided in mother board/PCB to disable access to external calibration.,"shall also cover the weighing instruments of  similar make, accuracy and performance of same series with capacity up to 50kg with number  of verification scale interval (n)  in the range of 5000 to 60000 for ‘e’ value of 100mg or more  and with number of verification scale interval (n) in the range of 100 to 60000 for ‘e’ value  of 1mg to 50mg with ‘e’ value of 1x10k, 2x10k or  5x10k, where  k is a positive or negative  whole number or equal to zero manufactured by the same manufacturer in accordance with",5000 to 60000,100mg or more,100.0
103,23686,2026-03-10,I-21/62/2026-W&M Section,VIGNESH ENGINEERING SYSTEMS,Non-automatic weighing instrument,103.pdf,https://lm.doca.gov.in/ModelApproval/Certificates/2026/103.pdf,DOCA_MODEL_APPROVAL,PDF_TEXT,False,MC,MILLICUBE,"M/s VIGNESH ENGINEERING SYSTEMS, 90, NAVA INDIA",IND/09/26/103,Electronic Platform Type,Class III,300kg,300.0,kg,1kg,1.0,50g,50.0,Seven Segment LED,Strain Gauge type load cell based,based  Load Cell,,C3,,mothercard_firmware_v1.5.0.hex,e24a8d3c12b7f5a89e1b2f7c0d95e6f3b7c3d2f9a1e0b5,Sealing is done by passing the sealing wire through the holes provided on the body of  machine. A lead seal is put at the end of the wire for stamping purpose (Sealing diagram and  photograph to prevent the fraudulent practices of the model is given above as Figure 2). A dip  switch has also been provided in mother board/PCB to disable access to external calibration.,"shall also cover the weighing instruments of  similar make, accuracy and performance of same series with capacity above 50kg and up to  5000kg with number of verification scale interval (n)  in the range of 500 to 10000 for ‘e’  value of 5g or more with ‘e’ value of 1x10k, 2x10k or  5x10k, where  k is a positive or negative  whole number or equal to zero manufactured by the same manufacturer in accordance with  the same principle, design and with the same materials with which, the said approved model",500 to 10000,5g or more with ‘e’ value of 1x10k,100.0
104,23833,2026-03-10,I-21/58/2026-W&M Section,PEPSICO INDIA HOLDINGS PRIVATE LIMITED,Catch Weighing Instrument (Check Weigher),104.pdf,https://lm.doca.gov.in/ModelApproval/Certificates/2026/104.pdf,DOCA_MODEL_APPROVAL,PDF_TEXT,False,C2351,METTLER TOLEDO,"M/s Mettler-Toledo Garvens GmbH , Hasede, KampstraBe 7",IND/09/26/,Automatic Catch Weighing Instrument(Check Weigher),Class II,18000g,18.0,kg,1000g,1.0,1g,1.0,Colour Touch Screen TFT,Strain Gauge type load cell based,based  Accuracy class,,C3,,PL2.0.0,532E,Standard lead seal with wire passing through chassis holes.,,5000 to 60000,100mg or more and with number of,100.0
105,23656,2026-03-12,I-21/63/2026-W&M Section,DIAMOND SALES,Non-automatic weighing instrument,105.pdf,https://lm.doca.gov.in/ModelApproval/Certificates/2026/105.pdf,DOCA_MODEL_APPROVAL,PDF_TEXT,False,DS-AS,DIAMOND SALES,"M/s. DIAMOND SALES Sant Kabir Main Road, K.D. Complex, 
Govind Bhag",IND/09/26/,Mechanical Person Weighing Scale,Class III,120kg,120.0,kg,5kg,5.0,500g,500.0,"Analogue Display, a pointer on the dial indicates the result",Spring and Lever based,Standard Strain Gauge,,C3,,Ver-1.0,,"Sealing is done by passing the sealing wire through the spring.  A lead seal is put at  the end of the wire for stamping purpose (Sealing diagram to prevent the fraudulent practices  of the model is given above as Figure 2).    Further, in exercise of the power conferred by sub-rule (9) of rule 8 of the Legal","shall also cover the weighing instruments of  similar make, accuracy and performance of same series with capacity up to 180kg with  number of verification scale interval (n)  in the range of 100 to 1000 for ‘e’ value of 5g or  more with ‘e’ value of 1x10k, 2x10k or  5x10k, where  k is a positive or negative whole number  or equal to zero manufactured by the same manufacturer in accordance with the same  principle, design and with the same materials with which, the said approved model has been",100 to 1000,5g or,100.0
106,23685,2026-03-12,I-21/67/2026-W&M Section,ESKAY WEIGHING SYSTEMS LLP,Non-automatic weighing instrument,106.pdf,https://lm.doca.gov.in/ModelApproval/Certificates/2026/106.pdf,DOCA_MODEL_APPROVAL,PDF_TEXT,False,DBS-1800,ATRAX,"M/s Atrax Group New Zealand Ltd., 390 A, Church Street",IND/09/26/106,Electronic Platform Scale weighing Type,Class III,100kg,100.0,kg,1kg,1.0,100g,100.0,LCD,Strain Gauge Type Load  Cell,Atrax,108LAW2,C3,,1.00,1.0YX,Sealing is done by passing the sealing wire through the holes provided on the body of  machine. A lead seal is put at the end of the wire for stamping purpose (Sealing diagram and  photograph to prevent the fraudulent practices of the model is given above as Figure 2). A dip  switch has also been provided in mother board/PCB to disable access to external calibration.,"shall also cover the weighing instruments of  similar make, accuracy and performance of same series with capacity up to 100kg with  number of verification scale interval (n)  in the range of 100 to 1000 for ‘e’ value of 5g or  more with ‘e’ value of 1x10k, 2x10k or  5x10k, where  k is a positive or negative whole number  or equal to zero manufactured by the same manufacturer in accordance with the same  principle, design and with the same materials with which, the said approved model has been",100 to 1000,5g or,100.0
107,23857,2026-03-13,I-21/72/2026-W&M Section,OHAUS WEIGHING INDIA PRIVATE LIMITED,Non-automatic weighing instrument,107.pdf,https://lm.doca.gov.in/ModelApproval/Certificates/2026/107.pdf,DOCA_MODEL_APPROVAL,PDF_TEXT,False,EXPLORER,OHAUS,"M/s. OHAUS WEIGHING INDIA PRIVATE LIMITED, Amar Hill, Sakhi",IND/09/26/107,Table top type,Class I,120g/220g,0.12,kg,100mg,100.0,1mg,1.0,TFT,EMFC,Standard Strain Gauge,,C3,,1.02 (1.xx (xx is 00 to 99)),ff00c0f28d7777a961fb27034626f5f5c1ece22513b3,Sealing is done by passing the sealing wire through the holes provided on the body of  machine. A lead seal is put at the end of the wire for stamping purpose (Sealing diagram and  photograph to prevent the fraudulent practices of the model is given above as Figure 2). A dip  switch has also been provided in mother board/PCB to disable access to external calibration.,"shall also cover the weighing instruments of  similar make, accuracy and performance of same series with capacity up to 15kg with number  of verification scale interval (n)  50000 or more for ‘e’ value of 1mg or more with ‘e’ value  of 1x10k, 2x10k or  5x10k, where  k is a positive or negative whole number or equal to zero  manufactured by the same manufacturer in accordance with the same principle, design and  with the same materials with which, the said approved model has been manufactured.",500 to 10000,1mg or more with ‘e’ value,100.0
108,23858,2026-03-13,I-21/72/2026-W&M Section,OHAUS WEIGHING INDIA PRIVATE LIMITED,Non-automatic weighing instrument,108.pdf,https://lm.doca.gov.in/ModelApproval/Certificates/2026/108.pdf,DOCA_MODEL_APPROVAL,PDF_TEXT,False,EXPLORER PLUS,OHAUS,"M/s. OHAUS WEIGHING INDIA PRIVATE LIMITED, Amar Hill, 
Sakhi Vihar Road",IND/09/26/,Table top type,Class I,120g/220g,0.12,kg,100mg,100.0,1mg,1.0,TFT,EMFC,Standard Strain Gauge,,C3,,1.02 (1.xx (xx is 00 to 99)),ff00c0f28d7777a961fb27034626f5f5c1ece22513b3,Sealing is done by passing the sealing wire through the holes provided on the body of  machine. A lead seal is put at the end of the wire for stamping purpose (Sealing diagram and  photograph to prevent the fraudulent practices of the model is given above as Figure 2). A dip  switch has also been provided in mother board/PCB to disable access to external calibration.,"shall also cover the weighing instruments of  similar make, accuracy and performance of same series with capacity up to 15kg with number  of verification scale interval (n)  50000 or more for ‘e’ value of 1mg or more with ‘e’ value  of 1x10k, 2x10k or  5x10k, where  k is a positive or negative whole number or equal to zero  manufactured by the same manufacturer in accordance with the same principle, design and  with the same materials with which, the said approved model has been manufactured.",500 to 10000,1mg or more with ‘e’ value,100.0
109,23871,2026-03-13,I-21/52/2026-W&M Section,SHRIYAN INNOVATIVE,Non-automatic weighing instrument,109.pdf,https://lm.doca.gov.in/ModelApproval/Certificates/2026/109.pdf,DOCA_MODEL_APPROVAL,PDF_TEXT,False,INNTT,INNPRO.,"M/s 
SHRIYAN 
INNOVATIVE,FLAT",IND/09/26/109,Electronic Table top-Multi Interval Type,Class III,10/20/30kg,30.0,kg,20g,0.02,1/2/5g,5.0,LED,Strain Gauge type load cell based,based  Load Cell,,C3,,V3.00.hex,24a7,Sealing is done by passing the sealing wire through the holes provided on the body of  machine. A lead seal is put at the end of the wire for stamping purpose (Sealing diagram and  photograph to prevent the fraudulent practices of the model is given above as Figure 2). A dip  switch has also been provided in mother board/PCB to disable access to external calibration.,"shall also cover the weighing instruments of  similar make, accuracy and performance of same series with capacity up to 50kg with number  of verification scale interval (n)  in the range of 500 to 10000 for ‘e’ value of 5g or more and  with number of verification scale interval (n) in the range of 100 to 10000 for ‘e’ value of  100mg to 2g with ‘e’ value of 1x10k, 2x10k or  5x10k, where  k is a positive or negative whole  number or equal to zero manufactured by the same manufacturer in accordance with the same",500 to 10000,5g or more and,100.0
110,23872,2026-03-13,I-21/52/2026-W&M Section,SHRIYAN INNOVATIVE,Non-automatic weighing instrument,110.pdf,https://lm.doca.gov.in/ModelApproval/Certificates/2026/110.pdf,DOCA_MODEL_APPROVAL,PDF_TEXT,False,INNPF,INNPRO.,"M/s 
SHRIYAN 
INNOVATIVE,FLAT",IND/09/26/110,Electronic Platform Multi Interval Type,Class III,100/200/300kg,300.0,kg,200g,0.2,10/20/50g,50.0,LED,Strain Gauge type load cell based,based  Load Cell,,C3,,V3.00.hex,24a7,Sealing is done by passing the sealing wire through the holes provided on the body of  machine. A lead seal is put at the end of the wire for stamping purpose (Sealing diagram and  photograph to prevent the fraudulent practices of the model is given above as Figure 2). A dip  switch has also been provided in mother board/PCB to disable access to external calibration.,"shall also cover the weighing instruments of  similar make, accuracy and performance of same series with capacity above 50kg and up to  5000kg with number of verification scale interval (n)  in the range of 500 to 10000 for ‘e’  value of 5g or more with ‘e’ value of 1x10k, 2x10k or  5x10k, where  k is a positive or negative  whole number or equal to zero manufactured by the same manufacturer in accordance with  the same principle, design and with the same materials with which, the said approved model",500 to 10000,5g or more with ‘e’ value of 1x10k,100.0
111,23878,2026-03-13,I-21/66/2026-W&M Section,SANSUI ELECTRONICS,Non-automatic weighing instrument,111.pdf,https://lm.doca.gov.in/ModelApproval/Certificates/2026/111.pdf,DOCA_MODEL_APPROVAL,PDF_TEXT,False,SSP,SANSUI.,"M/s, SANSUI ELECTRONICS, Survey NO.2/1/12/13/14",IND/09/26/111,Table top-Multi Interval Type,Class III,10/20/30kg,30.0,kg,20g,0.02,1/2/5g,5.0,LED,Strain Gauge type load cell based,based  Load Cell,,C3,,V100,ABE01,Sealing is done by passing the sealing wire through the holes provided on the body of  machine. A lead seal is put at the end of the wire for stamping purpose (Sealing diagram and  photograph to prevent the fraudulent practices of the model is given above as Figure 2). A dip  switch has also been provided in mother board/PCB to disable access to external calibration.,"shall also cover the weighing instruments of  similar make, accuracy and performance of same series with capacity up to 50kg with number  of verification scale interval (n)  in the range of 500 to 10000 for ‘e’ value of 5g or more and  with number of verification scale interval (n) in the range of 100 to 10000 for ‘e’ value of  100mg to 2g with ‘e’ value of 1x10k, 2x10k or  5x10k, where  k is a positive or negative whole  number or equal to zero manufactured by the same manufacturer in accordance with the same",500 to 10000,5g or more and,100.0
112,23879,2026-03-13,I-21/66/2026-W&M Section,SANSUI ELECTRONICS,Non-automatic weighing instrument,112.pdf,https://lm.doca.gov.in/ModelApproval/Certificates/2026/112.pdf,DOCA_MODEL_APPROVAL,PDF_TEXT,False,SPP,SANSUI.,"M/s, SANSUI ELECTRONICS, Survey NO.2/1/12/13/14",IND/09/26/112,Platform Multi Interval Type,Class III,100/200/300kg,300.0,kg,200g,0.2,10/20/50g,50.0,LED,Strain Gauge type load cell based,based  Load Cell,,C3,,V100,ABE01,Sealing is done by passing the sealing wire through the holes provided on the body of  machine. A lead seal is put at the end of the wire for stamping purpose (Sealing diagram and  photograph to prevent the fraudulent practices of the model is given above as Figure 2). A dip  switch has also been provided in mother board/PCB to disable access to external calibration.,"shall also cover the weighing instruments of  similar make, accuracy and performance of same series with capacity above 50kg and up to  5000kg with number of verification scale interval (n)  in the range of 500 to 10000 for ‘e’  value of 5g or more with ‘e’ value of 1x10k, 2x10k or  5x10k, where  k is a positive or negative  whole number or equal to zero manufactured by the same manufacturer in accordance with  the same principle, design and with the same materials with which, the said approved model",500 to 10000,5g or more with ‘e’ value of 1x10k,100.0
113,23459,2026-03-13,I-21/73/2026-W&M Section,METTLER-TOLEDO INDIA PRIVATE LIMITED,Non-automatic weighing instrument,113.pdf,https://lm.doca.gov.in/ModelApproval/Certificates/2026/113.pdf,DOCA_MODEL_APPROVAL,PDF_TEXT,False,IND246,METTLER TOLEDO,"M/s. METTLER-TOLEDO INDIA PRIVATE LIMITED, Amar Hill, 
Sakhi Vihar Road",IND/09/25/113,Pallet Scale Type,Class III,1t,1.0,tonne,10kg,10.0,500g,500.0,Dot graphic LCD with backlight,Strain Gauge type load cell based,based  Load Cell,,C3,,RainBow V1.61.xx.yyyy (The last characters (xx.yyyy) are,0331FD55,Sealing is done by passing the sealing wire through the holes provided on the body of  machine. A lead seal is put at the end of the wire for stamping purpose (a typical schematic  diagram of sealing provision to prevent the fraudulent practices of the model is given above  as Figure 2). A dip switch has also been provided in mother board/PCB to disable access to  external calibration.,"shall also cover the weighing instruments of  similar make, accuracy and performance of same series with capacity above 50kg and up to  5000kg with number of verification scale interval (n)  in the range of 500 to 10000 for ‘e’  value of 5g or more  with ‘e’ value of 1x10k, 2x10k or  5x10k, where  k is a positive or negative  whole number or equal to zero manufactured by the same manufacturer in accordance with  the same principle, design and with the same materials with which, the said approved model",500 to 10000,5g or more  with ‘e’ value of 1x10k,100.0
114,23612,2026-03-13,I-21/74/2026-W&M Section,ABINASH DIGITAL SCALES,Non-automatic weighing instrument,114.pdf,https://lm.doca.gov.in/ModelApproval/Certificates/2026/114.pdf,DOCA_MODEL_APPROVAL,PDF_TEXT,False,ADSHS,ABINASH.,"M/s Abinash Digital Scales, L.K.B Road, Amulapatty",IND/09/26/114,Hanging Scale Type,Class III,200kg,200.0,kg,400g,0.4,20g,20.0,LED,Strain Gauge type load cell based,based  Load Cell,,C3,,mothercard_firmware_v1.5.0.hex,e24a8d3c12b7f5a89e1b2f7c0d95e6f3b7c3d2f9al,Sealing is done by passing the sealing wire through the holes provided on the body of  machine. A lead seal is put at the end of the wire for stamping purpose (Sealing diagram and  photograph to prevent the fraudulent practices of the model is given above as Figure 2). A dip  switch has also been provided in mother board/PCB to disable access to external calibration.,"shall also cover the weighing instruments of  similar make, accuracy and performance of same series with capacity above 50kg and up to  1000kg with number of verification scale interval (n)  in the range of 500 to 10000 for ‘e’  value of 5g or more with ‘e’ value of 1x10k, 2x10k or  5x10k, where  k is a positive or negative  whole number or equal to zero manufactured by the same manufacturer in accordance with  the same principle, design and with the same materials with which, the said approved model",500 to 10000,5g or more with ‘e’ value of 1x10k,100.0
115,23414,2026-03-13,I-21/75/2026-W&M Section,GIRISH CHANDRA GHOSH & G.G.S.,Liquor measures,115.pdf,https://lm.doca.gov.in/ModelApproval/Certificates/2026/115.pdf,DOCA_MODEL_APPROVAL,PDF_TEXT,False,with brand name “ONGH,ONGH,"M/s Girish Chandra Ghosh & G.G.S., 37B, B.T. Road (Kantakal)",IND/09/26/,Liquor measures,Class III,30 kg,30.0,kg,100 g,0.1,5 g,5.0,Digital LED/LCD,Strain Gauge type load cell based,Standard Strain Gauge,,C3,,Ver-1.0,,Standard lead seal with wire passing through chassis holes.,,500 to 10000,5g or more,100.0
116,23658,2026-03-13,I-21/59/2026-W&M Section,A&D INSTRUMENTS INDIA PRIVATE LIMITED,Non-automatic weighing instrument,116.pdf,https://lm.doca.gov.in/ModelApproval/Certificates/2026/116.pdf,DOCA_MODEL_APPROVAL,PDF_TEXT,False,BH,A&D,"M/s.  A&D Company Limited, Higashi-Ikebukuro, Toshima-Ku",IND/09/26/116,Table top type,Class I,320g,0.32,kg,10mg,10.0,‘e’,5.0,LCD,EMFC,Standard Strain Gauge,,C3,,1.002,980D1254 (CRC 32),Sealing is done by passing the sealing wire through the holes provided on the body of  machine. A lead seal is put at the end of the wire for stamping purpose (Sealing diagram and  photograph to prevent the fraudulent practices of the model is given above as Figure 2). A dip  switch has also been provided in mother board/PCB to disable access to external calibration.,"shall also cover the weighing instruments of  similar make, accuracy and performance of same series with capacity up to 320g with number  of verification scale interval (n)  50000 or more for ‘e’ value of 1mg or more with ‘e’ value  of 1x10k, 2x10k or  5x10k, where  k is a positive or negative whole number or equal to zero  manufactured by the same manufacturer in accordance with the same principle, design and  with the same materials with which, the said approved model has been manufactured.",500 to 10000,1mg or more with ‘e’ value,100.0
117,23659,2026-03-13,I-21/59/2026-W&M Section,A&D INSTRUMENTS INDIA PRIVATE LIMITED,Non-automatic weighing instrument,117.pdf,https://lm.doca.gov.in/ModelApproval/Certificates/2026/117.pdf,DOCA_MODEL_APPROVAL,PDF_TEXT,False,BH-T,A&D,"M/s.  A&D Company Limited, Higashi-Ikebukuro, Toshima-Ku",IND/09/26/117,Table top type,Class I,320g,0.32,kg,10mg,10.0,‘e’,5.0,LCD Touch Panel,EMFC,Standard Strain Gauge,,C3,,1.003,73ff19b72583a36e89f836bc252304ba(md5),Sealing is done by passing the sealing wire through the holes provided on the body of  machine. A lead seal is put at the end of the wire for stamping purpose (Sealing diagram and  photograph to prevent the fraudulent practices of the model is given above as Figure 2). A dip  switch has also been provided in mother board/PCB to disable access to external calibration.,"shall also cover the weighing instruments of  similar make, accuracy and performance of same series with capacity up to 320g with number  of verification scale interval (n)  50000 or more for ‘e’ value of 1mg or more with ‘e’ value  of 1x10k, 2x10k or  5x10k, where  k is a positive or negative whole number or equal to zero  manufactured by the same manufacturer in accordance with the same principle, design and  with the same materials with which, the said approved model has been manufactured.",500 to 10000,1mg or more with ‘e’ value,100.0
118,23393,2026-03-13,I-21/77/2026-W&M Section,APPLE WEIGHINFRA LIMITED,Non-automatic weighing instrument,118.pdf,https://lm.doca.gov.in/ModelApproval/Certificates/2026/118.pdf,DOCA_MODEL_APPROVAL,PDF_TEXT,False,AAB-200,AWL,"M/s Apple Weighinfra Limited, I-1, New Madhupura Market",IND/09/26/118,Table top type,Class I,220g,0.22,kg,100mg,100.0,‘e’,5.0,LCD,EMFC,Standard Strain Gauge,,C3,,analytical_v2.1.hex,ae9dcea94377df8604dc2056440cdf4a9bbda76326418ac3,Sealing is done by passing the sealing wire through the holes provided on the body of  machine. A lead seal is put at the end of the wire for stamping purpose (a typical schematic  diagram of sealing provision to prevent the fraudulent practices of the model is given above  as Figure 2). A dip switch has also been provided in mother board/PCB to disable access to  external calibration.,"shall also cover the weighing instruments of  similar make, accuracy and performance of same series with capacity up to 10kg with number  of verification scale interval (n)  50000 or more for ‘e’ value of 1mg or more with ‘e’ value  of 1x10k, 2x10k or  5x10k, where  k is a positive or negative whole number or equal to zero  manufactured by the same manufacturer in accordance with the same principle, design and  with the same materials with which, the said approved model has been manufactured.",500 to 10000,1mg or more with ‘e’ value,100.0
119,23901,2026-03-18,I-21/79/2026-W&M Section,JOY BABA LOKENATH TRADING,Non-automatic weighing instrument,119.pdf,https://lm.doca.gov.in/ModelApproval/Certificates/2026/119.pdf,DOCA_MODEL_APPROVAL,PDF_TEXT,False,DWJS,DOMINANT WEIGHT,"M/s JOY BABA LOKENATH TRADING, PARA - SARKAPARA, 
VILL+P.O.- ALAIPUR. P.S .- CHAKDAHA",IND/09/26/119,Electronic Table top Type,Class II,30kg,30.0,kg,20g,0.02,2g,2.0,LED,Strain Gauge type load cell based,based  Load Cell,,C3,,mothercard_firmware_v1.5.0.hex,e24a8d3c12b7f5a89e1b2f7c0d95e6f3b7c3d2f9a1e0b5,Sealing is done by passing the sealing wire through the holes provided on the body of  machine. A lead seal is put at the end of the wire for stamping purpose (Sealing diagram and  photograph to prevent the fraudulent practices of the model is given above as Figure 2). A dip  switch has also been provided in mother board/PCB to disable access to external calibration.,"shall also cover the weighing instruments of  similar make, accuracy and performance of same series with capacity up to 50kg with number  of verification scale interval (n)  in the range of 5000 to 60000 for ‘e’ value of 100mg or more  and with number of verification scale interval (n) in the range of 100 to 60000 for ‘e’ value  of 1mg to 50mg with ‘e’ value of 1x10k, 2x10k or  5x10k, where  k is a positive or negative  whole number or equal to zero manufactured by the same manufacturer in accordance with",5000 to 60000,100mg or more,100.0
120,23902,2026-03-18,I-21/79/2026-W&M Section,JOY BABA LOKENATH TRADING,Non-automatic weighing instrument,120.pdf,https://lm.doca.gov.in/ModelApproval/Certificates/2026/120.pdf,DOCA_MODEL_APPROVAL,PDF_TEXT,False,DWTT,DOMINANT WEIGHT,"M/s JOY BABA LOKENATH TRADING, PARA - SARKAPARA, 
VILL+P.O.- ALAIPUR. P.S .- CHAKDAHA",IND/09/26/120,Electronic Table top Multi Interval Type,Class III,10/30kg,30.0,kg,20g,0.02,1/5g,5.0,LED,Strain Gauge type load cell based,based  Load Cell,,C3,,mothercard_firmware_v1.5.0.hex,e24a8d3c12b7f5a89e1b2f7c0d95e6f3b7c3d2f9a1e0b5,Sealing is done by passing the sealing wire through the holes provided on the body of  machine. A lead seal is put at the end of the wire for stamping purpose (Sealing diagram and  photograph to prevent the fraudulent practices of the model is given above as Figure 2). A dip  switch has also been provided in mother board/PCB to disable access to external calibration.,"shall also cover the weighing instruments of  similar make, accuracy and performance of same series with capacity up to 50kg with number  of verification scale interval (n)  in the range of 500 to 10000 for ‘e’ value of 5g or more and  with number of verification scale interval (n) in the range of 100 to 10000 for ‘e’ value of  100mg to 2g with ‘e’ value of 1x10k, 2x10k or  5x10k, where  k is a positive or negative whole  number or equal to zero manufactured by the same manufacturer in accordance with the same",500 to 10000,5g or more and,100.0
121,23903,2026-03-18,I-21/79/2026-W&M Section,JOY BABA LOKENATH TRADING,Non-automatic weighing instrument,121.pdf,https://lm.doca.gov.in/ModelApproval/Certificates/2026/121.pdf,DOCA_MODEL_APPROVAL,PDF_TEXT,False,DWPF,DOMINANT WEIGHT,"M/s JOY BABA LOKENATH TRADING, PARA - SARKAPARA, 
VILL+P.O.- ALAIPUR. P.S .- CHAKDAHA",IND/09/26/121,Electronic Platform Multi Interval Type,Class III,100/200kg,200.0,kg,200g,0.2,10/20g,20.0,LED,Strain Gauge type load cell based,based  Load Cell,,C3,,mothercard_firmware_v1.5.0.hex,e24a8d3c12b7f5a89e1b2f7c0d95e6f3b7c3d2f9a1e0b5,Sealing is done by passing the sealing wire through the holes provided on the body of  machine. A lead seal is put at the end of the wire for stamping purpose (Sealing diagram and  photograph to prevent the fraudulent practices of the model is given above as Figure 2). A dip  switch has also been provided in mother board/PCB to disable access to external calibration.,"shall also cover the weighing instruments of  similar make, accuracy and performance of same series with capacity above 50kg and up to  5000kg with number of verification scale interval (n)  in the range of 500 to 10000 for ‘e’  value of 5g or more  with ‘e’ value of 1x10k, 2x10k or  5x10k, where  k is a positive or negative  whole number or equal to zero manufactured by the same manufacturer in accordance with  the same principle, design and with the same materials with which, the said approved model",500 to 10000,5g or more  with ‘e’ value of 1x10k,100.0
122,23984,2026-03-18,I-21/79/2026-W&M Section,JOY BABA LOKENATH TRADING,Non-automatic weighing instrument,122.pdf,https://lm.doca.gov.in/ModelApproval/Certificates/2026/122.pdf,DOCA_MODEL_APPROVAL,PDF_TEXT,False,DWTT-I,DOMINANT WEIGHT,"M/s JOY BABA LOKENATH TRADING, PARA - SARKAPARA, 
VILL+P.O.- ALAIPUR. P.S .- CHAKDAHA",IND/09/26/122,Electronic Tabletop Type,Class I,300g,0.3,kg,100mg,100.0,1mg,1.0,LCD,EMFC,Standard Strain Gauge,,C3,,220.3,0x232F,Sealing is done by passing the sealing wire through the holes provided on the body of  machine. A lead seal is put at the end of the wire for stamping purpose (Sealing diagram and  photograph to prevent the fraudulent practices of the model is given above as Figure 2). A dip  switch has also been provided in mother board/PCB to disable access to external calibration.,"shall also cover the weighing instruments of  similar make, accuracy and performance of same series with capacity up to 10kg with number  of verification scale interval (n)  50000 or more for ‘e’ value of 1mg or more with ‘e’ value  of 1x10k, 2x10k or  5x10k, where  k is a positive or negative whole number or equal to zero  manufactured by the same manufacturer in accordance with the same principle, design and  with the same materials with which, the said approved model has been manufactured.",500 to 10000,1mg or more with ‘e’ value,100.0
123,23551,2026-03-20,I-21/70/2026-W&M Section,VISION WORLDTECH PRIVATE LIMITED,Flow Meters,123.pdf,https://lm.doca.gov.in/ModelApproval/Certificates/2026/123.pdf,DOCA_MODEL_APPROVAL,PDF_TEXT,False,VIFLOW-MAG-013,VISION WORLDTECH,"M/s Vision World Tech Private Limited, A-15, Jai Ambey Nagar",IND/09/26/,Flow Meters,0.5 of series “VIFLOW-MAG-013” and with,30 kg,30.0,kg,100 g,0.1,5 g,5.0,LCD,Strain Gauge type load cell based,Standard Strain Gauge,,C3,,3.0,SHA256,Standard lead seal with wire passing through chassis holes.,,500 to 10000,5g or more,100.0
124,23893,2026-03-20,I-21/80/2026-W&M Section,YORKER ENGINEERING PRIVATE LIMITED,Measuring tape,124.pdf,https://lm.doca.gov.in/ModelApproval/Certificates/2026/124.pdf,DOCA_MODEL_APPROVAL,PDF_TEXT,False,YFT,YORKER,"M/s Yorker Engineering 
Private Limited, No. 26, Khewat No. 187",IND/09/26/,Measuring tape,Class III,30 kg,30.0,kg,100 g,0.1,5 g,5.0,Digital LED/LCD,Strain Gauge type load cell based,Standard Strain Gauge,,C3,,Ver-1.0,,Standard lead seal with wire passing through chassis holes.,,500 to 10000,5g or more,100.0
125,23894,2026-03-20,I-21/80/2026-W&M Section,YORKER ENGINEERING PRIVATE LIMITED,Measuring tape,125.pdf,https://lm.doca.gov.in/ModelApproval/Certificates/2026/125.pdf,DOCA_MODEL_APPROVAL,PDF_TEXT,False,YFT,YORKER,"M/s Yorker Engineering 
Private Limited, No. 26, Khewat No. 187",IND/09/26/,Measuring tape,Class III,30 kg,30.0,kg,100 g,0.1,5 g,5.0,Digital LED/LCD,Strain Gauge type load cell based,Standard Strain Gauge,,C3,,Ver-1.0,,Standard lead seal with wire passing through chassis holes.,,500 to 10000,5g or more,100.0
126,23895,2026-03-20,I-21/80/2026-W&M Section,YORKER ENGINEERING PRIVATE LIMITED,Measuring tape,126.pdf,https://lm.doca.gov.in/ModelApproval/Certificates/2026/126.pdf,DOCA_MODEL_APPROVAL,PDF_TEXT,False,YFT,YORKER,"M/s Yorker Engineering 
Private Limited, No. 26, Khewat No. 187",IND/09/26/126,Measuring tape,Class III,30 kg,30.0,kg,100 g,0.1,5 g,5.0,Digital LED/LCD,Strain Gauge type load cell based,Standard Strain Gauge,,C3,,Ver-1.0,,Standard lead seal with wire passing through chassis holes.,,500 to 10000,5g or more,100.0
127,18497,2026-03-24,I-21/45/2026-W&M Section,KRISHNA ENTERPRISES,Non-automatic weighing instrument,127.pdf,https://lm.doca.gov.in/ModelApproval/Certificates/2026/127.pdf,DOCA_MODEL_APPROVAL,PDF_TEXT,False,KEW,PRO KING,"M/s Krishna Enterprises, Near Aggarwal Dharmshala, Workshop Handiaya",IND/09/26/127,Electronic Weighbridge type,Class III,40t,40.0,tonne,200kg,200.0,10kg,10000.0,LED,Strain Gauge type digital load cell based,based  Load Cell,,C3,,V4.2,K3 F9,Sealing is done by passing the sealing wire through the holes provided on the body of  machine. A lead seal is put at the end of the wire for stamping purpose (a typical schematic  diagram of sealing provision to prevent the fraudulent practices of the model is given above  as Figure 2). A dip switch has also been provided in mother board/PCB to disable access to  external calibration.,"shall also cover the weighing instruments of  similar make, accuracy and performance of same series with capacity above 5t and up to 150t  with number of verification scale interval (n)  in the range of 500 to 10000 for ‘e’ value of 5g  or more  with ‘e’ value of 1x10k, 2x10k or  5x10k, where  k is a positive or negative whole  number or equal to zero manufactured by the same manufacturer in accordance with the same  principle, design and with the same materials with which, the said approved model has been",500 to 10000,5g,100.0
128,23887,2026-03-24,I-21/78/2026-W&M Section,SPAN TECHNOLOGIES,Non-automatic weighing instrument,128.pdf,https://lm.doca.gov.in/ModelApproval/Certificates/2026/128.pdf,DOCA_MODEL_APPROVAL,PDF_TEXT,False,SSW1,SPAN,"M/s SPAN TECHMOLOGIES,129,ENGINEERING PARK HEAVY",IND/09/26/,Electronic Table top type,Class III,30kg,30.0,kg,100g,0.1,5g,5.0,LED,Strain gauge type load cell based,based  Load Cell,,C3,,Firmware_v1.0.0,F3346106C9571B6707,Sealing is done by passing the sealing wire through the holes provided on the body of  machine. A lead seal is put at the end of the wire for stamping purpose (a typical schematic  diagram of sealing provision to prevent the fraudulent practices of the model is given above  as Figure 2). A dip switch has also been provided in mother board/PCB to disable access to  external calibration.,"shall also cover the weighing instruments of  similar make, accuracy and performance of same series with capacity up to 50kg with number  of verification scale interval (n)  in the range of 500 to 10000 for ‘e’ value of 5g or more and  with number of verification scale interval (n) in the range of 100 to 10000 for ‘e’ value of  100mg to 2g with ‘e’ value of 1x10k, 2x10k or  5x10k, where  k is a positive or negative whole  number or equal to zero manufactured by the same manufacturer in accordance with the same",500 to 10000,5g or more and,100.0
129,23889,2026-03-24,I-21/78/2026-W&M Section,SPAN TECHNOLOGIES,Any other Weight or Measure,129.pdf,https://lm.doca.gov.in/ModelApproval/Certificates/2026/129.pdf,DOCA_MODEL_APPROVAL,PDF_TEXT,False,SSW3 and with  brand name  SPAN,SPAN,"M/s SPAN TECHMOLOGIES,129,ENGINEERING PARK HEAVY INDUSTRIAL",IND/09/26/129,Electronic Platform type,Class III,300kg,300.0,kg,1kg,1.0,50g,50.0,Seven Segment LED,Strain gauge type load cell based,based  Load Cell,,C3,,Firmware_v1.0.0,F3346106C9571B6707,Sealing is done by passing the sealing wire through the holes provided on the body of  machine. A lead seal is put at the end of the wire for stamping purpose (a typical schematic  diagram of sealing provision to prevent the fraudulent practices of the model is given above  as Figure 2). A dip switch has also been provided in mother board/PCB to disable access to  external calibration.,"shall also cover the weighing instruments of  similar make, accuracy and performance of same series with capacity above 50kg and up to  5000kg with number of verification scale interval (n)  in the range of 500 to 10000 for ‘e’  value of 5g or more with ‘e’ value of 1x10k, 2x10k or  5x10k, where  k is a positive or negative  whole number or equal to zero manufactured by the same manufacturer in accordance with  the same principle, design and with the same materials with which, the said approved model",500 to 10000,5g or more with ‘e’ value of 1x10k,100.0
130,23890,2026-03-24,I-21/78/2026-W&M Section,SPAN TECHNOLOGIES,Any other Weight or Measure,130.pdf,https://lm.doca.gov.in/ModelApproval/Certificates/2026/130.pdf,DOCA_MODEL_APPROVAL,PDF_TEXT,False,SSW2 and with  brand name  SPAN,SPAN,"M/s SPAN TECHMOLOGIES,129,ENGINEERING PARK HEAVY INDUSTRIAL",IND/09/26/130,Electronic Bench type,Class III,200kg,200.0,kg,1kg,1.0,50g,50.0,LED,Strain gauge type load cell based,based  Load Cell,,C3,,Firmware_v1.0.0,F3346106C9571B6707,Sealing is done by passing the sealing wire through the holes provided on the body of  machine. A lead seal is put at the end of the wire for stamping purpose (a typical schematic  diagram of sealing provision to prevent the fraudulent practices of the model is given above  as Figure 2). A dip switch has also been provided in mother board/PCB to disable access to  external calibration.,"shall also cover the weighing instruments of  similar make, accuracy and performance of same series with capacity above 50kg and up to  5000kg with number of verification scale interval (n)  in the range of 500 to 10000 for ‘e’  value of 5g or more with ‘e’ value of 1x10k, 2x10k or  5x10k, where  k is a positive or negative  whole number or equal to zero manufactured by the same manufacturer in accordance with  the same principle, design and with the same materials with which, the said approved model",500 to 10000,5g or more with ‘e’ value of 1x10k,100.0
131,23899,2026-03-24,I-21/83/2026-W&M Section,OCEAN KING INTERNATIONAL,Non-automatic weighing instrument,131.pdf,https://lm.doca.gov.in/ModelApproval/Certificates/2026/131.pdf,DOCA_MODEL_APPROVAL,PDF_TEXT,False,DJLP,OCEAN,"M/s OCEAN KING INTERNATIONAL, 2nd FLOOR, W-6",IND/09/26/131,Electronic Table top Type,Class I,600g,0.6,kg,100mg,100.0,1mg,1.0,LCD,EMFC,Standard Strain Gauge,,C3,,DJ-K-30-25RC5.HЕX,0970,Sealing is done by passing the sealing wire through the holes provided on the body of  machine. A lead seal is put at the end of the wire for stamping purpose (Sealing diagram and  photograph to prevent the fraudulent practices of the model is given above as Figure 2). A dip  switch has also been provided in mother board/PCB to disable access to external calibration.,"shall also cover the weighing instruments of  similar make, accuracy and performance of same series with capacity up to 20kg with number  of verification scale interval (n)  50000 or more for ‘e’ value of 1mg or more with ‘e’ value  of 1x10k, 2x10k or  5x10k, where  k is a positive or negative whole number or equal to zero  manufactured by the same manufacturer in accordance with the same principle, design and  with the same materials with which, the said approved model has been manufactured.",500 to 10000,1mg or more with ‘e’ value,100.0
132,23623,2026-03-25,I-21/65/2026-W&M Section,APPLE METER MANUFACTURING COMPANY,Auto Rickshaw and Taxi Meter,132.pdf,https://lm.doca.gov.in/ModelApproval/Certificates/2026/132.pdf,DOCA_MODEL_APPROVAL,PDF_TEXT,False,A-STAR,APPLE,"M/s. APPLE METER MANUFACTURING COMPANY, 12/31, 1st Floor",IND/09/26/,Auto Rickshaw and Taxi Meter,Class III,30 kg,30.0,kg,100 g,0.1,5 g,5.0,Digital LED/LCD,Strain Gauge type load cell based,Standard Strain Gauge,,C3,,V 1.4,5B5C,Standard lead seal with wire passing through chassis holes.,,500 to 10000,5g or more,100.0
133,23624,2026-03-25,I-21/65/2026-W&M Section,APPLE METER MANUFACTURING COMPANY,Auto Rickshaw and Taxi Meter,133.pdf,https://lm.doca.gov.in/ModelApproval/Certificates/2026/133.pdf,DOCA_MODEL_APPROVAL,PDF_TEXT,False,B-STAR,APPLE,"M/s. APPLE METER MANUFACTURING COMPANY, 12/31, 1st Floor",IND/09/26/,Auto Rickshaw and Taxi Meter,Class III,30 kg,30.0,kg,100 g,0.1,5 g,5.0,Digital LED/LCD,Strain Gauge type load cell based,Standard Strain Gauge,,C3,,V 1.4,5B52,Standard lead seal with wire passing through chassis holes.,,500 to 10000,5g or more,100.0
134,23797,2026-03-27,I-21/88/2026-W&M Section,A&D INSTRUMENTS INDIA PRIVATE LIMITED,Non-automatic weighing instrument,134.pdf,https://lm.doca.gov.in/ModelApproval/Certificates/2026/134.pdf,DOCA_MODEL_APPROVAL,PDF_TEXT,False,BH-D,A&D,"M/s.  A&D Company Limited, Higashi-Ikebukuro, Toshima-Ku",IND/09/26/134,Table top type,Class I,51g/220g,0.051,kg,1mg,1.0,‘e’,5.0,LCD,EMFC,Standard Strain Gauge,,C3,,1.002,980D1254 (CRC 32),Sealing is done by passing the sealing wire through the holes provided on the body of  machine. A lead seal is put at the end of the wire for stamping purpose (Sealing diagram and  photograph to prevent the fraudulent practices of the model is given above as Figure 2). A dip  switch has also been provided in mother board/PCB to disable access to external calibration.,"shall also cover the weighing instruments of  similar make, accuracy and performance of same series with capacity up to 220g with number  of verification scale interval (n)  50000 or more for ‘e’ value of 1mg or more with ‘e’ value  of 1x10k, 2x10k or  5x10k, where  k is a positive or negative whole number or equal to zero  manufactured by the same manufacturer in accordance with the same principle, design and  with the same materials with which, the said approved model has been manufactured.",500 to 10000,1mg or more with ‘e’ value,100.0
135,23834,2026-03-27,I-21/84/2026-W&M Section,J.M.KATAWALA,Non-automatic weighing instrument,135.pdf,https://lm.doca.gov.in/ModelApproval/Certificates/2026/135.pdf,DOCA_MODEL_APPROVAL,PDF_TEXT,False,JMK TT,WAZAN,"the same manufacturer in accordance with the same 
principle, design and with the same materials with which, the said approved model has been",IND/09/26/135,Electronic Table top,Class III,30kg,30.0,kg,100g,0.1,5g,5.0,LED,Strain Gauge Type Load Cell based.,based.  Load Cell,,C3,,Software Version : v1.5.0.hex,e24a8d3c12b7f5a89e1b2f7c0d95e6f3b7c3d2f9a1e0b5c4d6a,Sealing is done by passing the sealing wire through the holes provided on the body of  machine. A lead seal is put at the end of the wire for stamping purpose (a typical schematic  diagram of sealing provision to prevent the fraudulent practices of the model is given above  as Figure 2). A dip switch has also been provided in mother board/PCB to disable access to  external calibration.,"shall also cover the weighing instruments of  similar make, accuracy and performance of same series with capacity up to 50kg with number  of verification scale interval (n)  in the range of 500 to 10000 for ‘e’ value of 5g or more and  with number of verification scale interval (n) in the range of 100 to 10000 for ‘e’ value of  100mg to 2g with ‘e’ value of 1x10k, 2x10k or  5x10k, where  k is a positive or negative whole  number or equal to zero manufactured by the same manufacturer in accordance with the same",500 to 10000,5g or more and,100.0
136,23841,2026-03-27,I-21/84/2026-W&M Section,J.M.KATAWALA,Non-automatic weighing instrument,136.pdf,https://lm.doca.gov.in/ModelApproval/Certificates/2026/136.pdf,DOCA_MODEL_APPROVAL,PDF_TEXT,False,JMK PF,WAZAN,"the same manufacturer in accordance with 
the same principle, design and with the same materials with which, the said approved model",IND/09/26/136,Electronic Platform type weighing instrument,Class III,300kg,300.0,kg,1kg,1.0,50g,50.0,LED,Strain Gauge Type Load Cell based.,based.  Load Cell,,C3,,v1.5.0.hex,e24a8d3c12b7f5a89e1b2f7c0d95e6f3b7c3d2f9a1e0b5c4d6,Sealing is done by passing the sealing wire through the holes provided on the body of  machine. A lead seal is put at the end of the wire for stamping purpose (a typical schematic  diagram of sealing provision to prevent the fraudulent practices of the model is given above  as Figure 2). A dip switch has also been provided in mother board/PCB to disable access to  external calibration.,"shall also cover the weighing instruments of  similar make, accuracy and performance of same series with capacity above 50kg and up to  5000kg with number of verification scale interval (n)  in the range of 500 to 10000 for ‘e’  value of 5g or more  with ‘e’ value of 1x10k, 2x10k or  5x10k, where  k is a positive or negative  whole number or equal to zero manufactured by the same manufacturer in accordance with  the same principle, design and with the same materials with which, the said approved model",500 to 10000,5g or more  with ‘e’ value of 1x10k,100.0
137,22111,2026-03-27,I-21/76/2026-W&M Section,FLEXO PACK MACHINES PRIVATE LIMITED,Any other Weight or Measure,137.pdf,https://lm.doca.gov.in/ModelApproval/Certificates/2026/137.pdf,DOCA_MODEL_APPROVAL,PDF_TEXT,False,FP-XXX,Flexo Pack,"M/s. Flexo Pack Machines 
Private Limited, Plot No: 48/16/6, Mathura Road",IND/09/26/,Automatic gravimetric filling instrument (Associative (selective,"X(x), where x=1 of series “FP-XXX” and with brand name “Flexo Pack",5 kg;,5.0,kg,100 g,0.1,0.1 g,0.1,LCD with touch screen,Strain gauge type Load cell based,based   Accuracy class,,C3,,S30723,,Standard lead seal with wire passing through chassis holes.,,500 to 10000,5g or more,100.0
138,23331,2026-03-27,I-21/48/2026-W&M Section,FLOW METERING TECHNOLOGY PRIVATE LIMITED,Gas Meters,138.pdf,https://lm.doca.gov.in/ModelApproval/Certificates/2026/138.pdf,DOCA_MODEL_APPROVAL,PDF_TEXT,False,described,Flow Meter Group B.V.,"M/s Flow Meter Group B.V. Innovatieweg 32, 
7007 CD Doetinchem, The Netherlands and imported & marketed in India without any alteration",IND/09/26/,Gas Meters,1.0 (hereinafter,30 kg,30.0,kg,100 g,0.1,5 g,5.0,Digital LED/LCD,Strain Gauge type load cell based,Standard Strain Gauge,,C3,,Ver-1.0,,Standard lead seal with wire passing through chassis holes.,,500 to 10000,5g or more,100.0
139,23974,2026-03-30,I-21/85/2026,KRAB INTERNATIONAL,Non-automatic weighing instrument,139.pdf,https://lm.doca.gov.in/ModelApproval/Certificates/2026/139.pdf,DOCA_MODEL_APPROVAL,PDF_TEXT,False,KI-M6-005L,Yugo,"M/s. Krab International, 
Plot No. - 19, Khata No.- 150",IND/09/26/139,Non-automatic weighing instrument,Class III,30 kg,30.0,kg,100 g,0.1,5 g,5.0,Digital LED/LCD,Strain Gauge type load cell based,Standard Strain Gauge,,C3,,Ver-1.0,,Standard lead seal with wire passing through chassis holes.,,500 to 10000,5g or more,100.0
140,23973,2026-03-30,I-21/85/2026,KRAB INTERNATIONAL,Non-automatic weighing instrument,140.pdf,https://lm.doca.gov.in/ModelApproval/Certificates/2026/140.pdf,DOCA_MODEL_APPROVAL,PDF_TEXT,False,KI-M6-003L,Yugo,"M/s. Krab International, 
Plot No. - 19, Khata No. - 150",IND/09/26/140,Non-automatic weighing instrument,Class III,30 kg,30.0,kg,100 g,0.1,5 g,5.0,Digital LED/LCD,Strain Gauge type load cell based,Standard Strain Gauge,,C3,,Ver-1.0,,Standard lead seal with wire passing through chassis holes.,,500 to 10000,5g or more,100.0
141,23972,2026-03-30,I-21/85/2026,KRAB INTERNATIONAL,Non-automatic weighing instrument,141.pdf,https://lm.doca.gov.in/ModelApproval/Certificates/2026/141.pdf,DOCA_MODEL_APPROVAL,PDF_TEXT,False,KI-M5-003L,STAR,"M/s. Krab International, 
Plot No. - 19, Khata No. - 150",IND/09/26/141,Non-automatic weighing instrument,Class III,30 kg,30.0,kg,100 g,0.1,5 g,5.0,Digital LED/LCD,Strain Gauge type load cell based,Standard Strain Gauge,,C3,,Ver-1.0,,Standard lead seal with wire passing through chassis holes.,,500 to 10000,5g or more,100.0
142,23675,2026-03-30,I-21/89/2026,ARCHERCHEM INSTRUMENTS,Non-automatic weighing instrument,142.pdf,https://lm.doca.gov.in/ModelApproval/Certificates/2026/142.pdf,DOCA_MODEL_APPROVAL,PDF_TEXT,False,ACT-II,ADRA,"M/s. ARCHERCHEM INSTRUMENTS, Gala No. 8,S.No.47",IND/09/26/142,Table top Type,Class II,30kg,30.0,kg,100g,0.1,2g,2.0,LCD Colour Graphic,Strain Gauge type load cell based,based  Load Cell,,C3,,A1.16.04W,0xA894,Sealing is done by passing the sealing wire through the holes provided on the body of  machine. A lead seal is put at the end of the wire for stamping purpose (Sealing diagram and  photograph to prevent the fraudulent practices of the model is given above as Figure 2). A dip  switch has also been provided in mother board/PCB to disable access to external calibration.,"shall also cover the weighing instruments of  similar make, accuracy and performance of same series with capacity up to 50kg with number  of verification scale interval (n)  in the range of 5000 to 60000 for ‘e’ value of 100mg or more  and with number of verification scale interval (n) in the range of 100 to 60000 for ‘e’ value  of 1mg to 50mg with ‘e’ value of 1x10k, 2x10k or  5x10k, where  k is a positive or negative  whole number or equal to zero manufactured by the same manufacturer in accordance with",5000 to 60000,100mg or more,100.0
143,24010,2026-03-30,I-21/85/2026,KRAB INTERNATIONAL,Non-automatic weighing instrument,143.pdf,https://lm.doca.gov.in/ModelApproval/Certificates/2026/143.pdf,DOCA_MODEL_APPROVAL,PDF_TEXT,False,KI-M5-005L,STAR,"M/s. Krab International, 
Plot No. - 19, Khata No. - 150",IND/09/26/143,Non-automatic weighing instrument,Class III,30 kg,30.0,kg,100 g,0.1,5 g,5.0,Digital LED/LCD,Strain Gauge type load cell based,Standard Strain Gauge,,C3,,Ver-1.0,,Standard lead seal with wire passing through chassis holes.,,500 to 10000,5g or more,100.0
144,14041,2026-04-02,I-21/90/2026-W&M Section,DIGITA COMPUTE SERVICE,Non-automatic weighing instrument,144.pdf,https://lm.doca.gov.in/ModelApproval/Certificates/2026/144.pdf,DOCA_MODEL_APPROVAL,PDF_TEXT,False,DGD,DIGITONE,"M/s Digita Computer Service, Plot No- 79, Industrial Area",IND/09/26/144,Table top Type,Class III,10kg/30kg,30.0,kg,20g,0.02,1g/5g,5.0,LED,Strain Gauge type load cell based,based  Load Cell,,C3,,VER2.8,0XAE36,Sealing is done by passing the sealing wire through the holes provided on the body of  machine. A lead seal is put at the end of the wire for stamping purpose (Sealing diagram and  photograph to prevent the fraudulent practices of the model is given above as Figure 2). A dip  switch has also been provided in mother board/PCB to disable access to external calibration.,"shall also cover the weighing instruments of  similar make, accuracy and performance of same series with capacity up to 50kg with number  of verification scale interval (n)  in the range of 500 to 10000 for ‘e’ value of 5g or more and  with number of verification scale interval (n) in the range of 100 to 10000 for ‘e’ value of  100mg to 2g with ‘e’ value of 1x10k, 2x10k or  5x10k, where  k is a positive or negative whole  number or equal to zero manufactured by the same manufacturer in accordance with the same",500 to 10000,5g or more and,100.0
145,14008,2026-04-02,I-21/90/2026-W&M Section,Digita Compute Servce,Non-automatic weighing instrument,145.pdf,https://lm.doca.gov.in/ModelApproval/Certificates/2026/145.pdf,DOCA_MODEL_APPROVAL,PDF_TEXT,False,DGJ,DIGITONE,"M/s Digita Computer Service, Plot No- 79, Industrial Area",IND/09/26/145,Table top Type,Class II,600g,0.6,kg,200mg,200.0,10mg,10.0,LED,Strain Gauge type load cell based,based  Load Cell,,C3,,VER1.2,0FDE65,Sealing is done by passing the sealing wire through the holes provided on the body of  machine. A lead seal is put at the end of the wire for stamping purpose (Sealing diagram and  photograph to prevent the fraudulent practices of the model is given above as Figure 2). A dip  switch has also been provided in mother board/PCB to disable access to external calibration.,"shall also cover the weighing instruments of  similar make, accuracy and performance of same series with capacity up to 50kg with number  of verification scale interval (n)  in the range of 5000 to 60000 for ‘e’ value of 100mg or more  and with number of verification scale interval (n) in the range of 100 to 60000 for ‘e’ value  of 1mg to 50mg with ‘e’ value of 1x10k, 2x10k or  5x10k, where  k is a positive or negative  whole number or equal to zero manufactured by the same manufacturer in accordance with",5000 to 60000,100mg or more,100.0
146,23962,2026-04-01,I-21/93/2026-W&M Section,BHAVANI SCALES,Non-automatic weighing instrument,146.pdf,https://lm.doca.gov.in/ModelApproval/Certificates/2026/146.pdf,DOCA_MODEL_APPROVAL,PDF_TEXT,False,BP,PONNE,"the 
same manufacturer in accordance with the same principle, design and with the same materials with",IND/09/26/146,Electronic Bench type weighing instrument,Class III,300kg,300.0,kg,1kg,1.0,50g,50.0,Seven Segment LED,Strain Gauge Type Load Cell based.,based.  Load Cell,,C3,,Mothercard_firmware_v1.5.0 hex,e24a8d3c12b7f5a89e1b2f7c0d95e6f3b7c3d2f9a1e0b5c4d6,"Sealing is done by passing the sealing wire through the holes provided on the body of machine.  A lead seal is put at the end of the wire for stamping purpose (a typical schematic diagram of sealing  provision to prevent the fraudulent practices of the model is given above as Figure 2). A dip switch  has also been provided in mother board/PCB to disable access to external calibration.  Further, in exercise of the power conferred by sub-rule (9) of rule 8 of the Legal Metrology","shall also cover the weighing instruments of similar make, accuracy and  performance of same series with capacity above 50kg and up to 5000kg with number of verification  scale interval (n)  in the range of 500 to 10000 for ‘e’ value of 5g or more  with ‘e’ value of 1x10k,  2x10k or  5x10k, where  k is a positive or negative whole number or equal to zero manufactured by the  same manufacturer in accordance with the same principle, design and with the same materials with  which, the said approved model has been manufactured.",500 to 10000,5g or more  with ‘e’ value of 1x10k,100.0
147,23999,2026-04-02,I-21/94/2026-W&M Section,GIYANA INDUSTRIES PRIVATE LIMITED,Measuring tape,147.pdf,https://lm.doca.gov.in/ModelApproval/Certificates/2026/147.pdf,DOCA_MODEL_APPROVAL,PDF_TEXT,False,RUSTX CLASS-I,INCHI TAPE,"M/s Giyana 
Industries Private Limited, Khasra No. 15/24,25",IND/09/26/,Measuring tape,I of series “RUSTX CLASS-I” and with  brand,30 kg,30.0,kg,100 g,0.1,5 g,5.0,Digital LED/LCD,Strain Gauge type load cell based,Standard Strain Gauge,,C3,,Ver-1.0,,Standard lead seal with wire passing through chassis holes.,,500 to 10000,5g or more,100.0
148,24032,2026-04-02,I-21/94/2026-W&M Section,GIYANA INDUSTRIES PRIVATE LIMITED,Any other Weight or Measure,148.pdf,https://lm.doca.gov.in/ModelApproval/Certificates/2026/148.pdf,DOCA_MODEL_APPROVAL,PDF_TEXT,False,RUSTX CLASS-I,INCHITAPE,"M/s Giyana 
Industries Private Limited, Khasra No. 15/24,25",IND/09/26/,Any other Weight or Measure,I of series “RUSTX CLASS-I” and with  brand,30 kg,30.0,kg,100 g,0.1,5 g,5.0,Digital LED/LCD,Strain Gauge type load cell based,Standard Strain Gauge,,C3,,Ver-1.0,,Standard lead seal with wire passing through chassis holes.,,500 to 10000,5g or more,100.0
149,23829,2026-04-06,I-21/81/2026-W&M Section,EMMPPE ASSOCIATES,Automatic Gravimetric Filling Instrument,149.pdf,https://lm.doca.gov.in/ModelApproval/Certificates/2026/149.pdf,DOCA_MODEL_APPROVAL,PDF_TEXT,False,NWB 75S,MASSPEKI,"M/s. EMMPPE ASSOCIATES, 2/369 B, Irugur",IND/09/26/,Automatic gravimetric filling instrument,"X(x), where x=1 of series “NWB 75S” and with brand name “MASSPEKI",30 kg,30.0,kg,100 g,0.1,10 g,10.0,LCD,Strain gauge type Load cell based,based   Accuracy class,,C3,,V 6.7,,Standard lead seal with wire passing through chassis holes.,,500 to 10000,5g or more,100.0
150,23828,2026-04-06,I-21/81/2026-W&M Section,EMMPPE ASSOCIATES,Automatic Gravimetric Filling Instrument,150.pdf,https://lm.doca.gov.in/ModelApproval/Certificates/2026/150.pdf,DOCA_MODEL_APPROVAL,PDF_TEXT,False,MWB-50T,MASSPEKI,"M/s. EMMPPE ASSOCIATES, 2/369 B, Irugur",IND/09/26/150,Automatic gravimetric filling instrument,"X(x), where x=1 of series “MWB-50T” and with brand name “MASSPEKI",30 kg,30.0,kg,100 g,0.1,10 g,10.0,LCD,Strain gauge type Load cell based,based   Accuracy class,,C3,,V 9.3,,Standard lead seal with wire passing through chassis holes.,,500 to 10000,5g or more,100.0
151,22048,2026-04-06,I-21/98/2026-W&M Section,MEDI FLEX OMNI PRIVATE LIMITED,Sphygmomanometer (Blood Pressure Meter),151.pdf,https://lm.doca.gov.in/ModelApproval/Certificates/2026/151.pdf,DOCA_MODEL_APPROVAL,PDF_TEXT,False,BP2,MediGo Flex,"M/s. MEDI FLEX OMNI PRIVATE LIMITED, Flat No.: 39, 
NANDANVAN SOCIETY",IND/09/26/,Sphygmomanometer (Blood Pressure Meter),Class III,30 kg,30.0,kg,100 g,0.1,1mmHg. A LCD display indicates the results of the measurement and the instrument,1.0,indicates the results of the measurement and the instrument,Strain Gauge type load cell based,Standard Strain Gauge,,C3,,of the model is,is C62e52db23db72bf9b8fa98cf156c949.,Standard lead seal with wire passing through chassis holes.,,500 to 10000,5g or more,100.0
152,23819,2026-04-07,I-21/71/2026-W&M Section,TRC POWER TECH,Non-automatic weighing instrument,152.pdf,https://lm.doca.gov.in/ModelApproval/Certificates/2026/152.pdf,DOCA_MODEL_APPROVAL,PDF_TEXT,False,TRTT-C,TRC,"M/s. TRC POWER TECH, Building No. 678/305,Varuna Hobli",IND/09/26/152,Table top type,Class III,30kg,30.0,kg,100g,0.1,5g,5.0,LED,Strain Gauge type load cell based,based  Load Cell,,C3,,Ver 3.21,65A6 (Hexadecimal),Sealing is done by passing the sealing wire through the holes provided on the body of  machine. A lead seal is put at the end of the wire for stamping purpose (a typical schematic  diagram of sealing provision to prevent the fraudulent practices of the model is given above  as Figure 2). A dip switch has also been provided in mother board/PCB to disable access to  external calibration.,"shall also cover the weighing instruments of  similar make, accuracy and performance of same series with capacity up to 50kg with number  of verification scale interval (n)  in the range of 500 to 10000 for ‘e’ value of 5g or more and  with number of verification scale interval (n) in the range of 100 to 10000 for ‘e’ value of  100mg to 2g with ‘e’ value of 1x10k, 2x10k or  5x10k, where  k is a positive or negative whole  number or equal to zero manufactured by the same manufacturer in accordance with the same",500 to 10000,5g or more and,100.0
153,24016,2026-04-07,I-21/99/2026-W&M Section,RAJ ENGG INDUSTRIES,Non-automatic weighing instrument,153.pdf,https://lm.doca.gov.in/ModelApproval/Certificates/2026/153.pdf,DOCA_MODEL_APPROVAL,PDF_TEXT,False,REMPS,EVERFAST (BALANCE OF QUALITY),"M/s Raj Engineering Industries, B-17/DB, 
Street No. 9",IND/09/26/153,Mechanical Person Weighing Scale,Class III,130kg,130.0,kg,5kg,5.0,500g,500.0,Dial Type,Spring and Lever based,Standard Strain Gauge,,C3,,Ver-1.0,,"Sealing is done by passing the sealing wire through the spring.  A lead seal is put at  the end of the wire for stamping purpose (Sealing diagram to prevent the fraudulent practices  of the model is given above as Figure 2).    Further, in exercise of the power conferred by sub-rule (9) of rule 8 of the Legal","shall also cover the weighing instruments of  similar make, accuracy and performance of same series with capacity up to 200kg with  number of verification scale interval (n)  in the range of 100 to 1000 for ‘e’ value of 5g or  more with ‘e’ value of 1x10k, 2x10k or  5x10k, where  k is a positive or negative whole number  or equal to zero manufactured by the same manufacturer in accordance with the same  principle, design and with the same materials with which, the said approved model has been",100 to 1000,5g or,100.0
154,23958,2026-04-07,I-21/100/2026-W&M Section,ZEEKERS TECHNOLOGY SOLUTIONS PRIVATE LIMITED,Non-automatic weighing instrument,154.pdf,https://lm.doca.gov.in/ModelApproval/Certificates/2026/154.pdf,DOCA_MODEL_APPROVAL,PDF_TEXT,False,ZEEK_WEIGH 2026,Weigh It,"M/s ZEEKERS TECHNOLOGY SOLUTIONS PRIVATE 
LIMITED, No. 92/1, Revenue Nagar-1st Cross Road",IND/09/26/,Electronic Bench type,Class III,300kg,300.0,kg,1kg,1.0,50g,50.0,LED,Strain Gauge type load cell based,based  Load Cell,,C3,,"Energia 18.3.1 version , SHA256",8la83544cf93c245178cbcl620030fl123f435af,Sealing is done by passing the sealing wire through the holes provided on the body of  machine. A lead seal is put at the end of the wire for stamping purpose (a typical schematic  diagram of sealing provision to prevent the fraudulent practices of the model is given above  as Figure 2). A dip switch has also been provided in mother board/PCB to disable access to  external calibration.,"shall also cover the weighing instruments of  similar make, accuracy and performance of same series with capacity above 50kg and up to  2000kg with number of verification scale interval (n)  in the range of 500 to 10000 for ‘e’  value of 5g or more with ‘e’ value of 1x10k, 2x10k or  5x10k, where  k is a positive or negative  whole number or equal to zero manufactured by the same manufacturer in accordance with  the same principle, design and with the same materials with which, the said approved model",500 to 10000,5g or more with ‘e’ value of 1x10k,100.0
155,23891,2026-04-07,I-21/95/2026-W&M Section,M.V.Agency.,Non-automatic weighing instrument,155.pdf,https://lm.doca.gov.in/ModelApproval/Certificates/2026/155.pdf,DOCA_MODEL_APPROVAL,PDF_TEXT,False,JJTT-III,JIVAN JYOTI,"M/s M.V.AGENCY, Kachahari Road, Behind Mahaveer Park",IND/09/26/155,Electronic Table top type,Class III,30kg,30.0,kg,100g,0.1,5g,5.0,LED,Strain Gauge type load cell based,based  Load Cell,,C3,,Vr.02005,24A7,Sealing is done by passing the sealing wire through the holes provided on the body of  machine. A lead seal is put at the end of the wire for stamping purpose (a typical schematic  diagram of sealing provision to prevent the fraudulent practices of the model is given above  as Figure 2). A dip switch has also been provided in mother board/PCB to disable access to  external calibration.,"shall also cover the weighing instruments of  similar make, accuracy and performance of same series with capacity up to 50kg with number  of verification scale interval (n)  in the range of 500 to 10000 for ‘e’ value of 5g or more and  with number of verification scale interval (n) in the range of 100 to 10000 for ‘e’ value of  100mg to 2g with ‘e’ value of 1x10k, 2x10k or  5x10k, where  k is a positive or negative whole  number or equal to zero manufactured by the same manufacturer in accordance with the same",500 to 10000,5g or more and,100.0
156,23892,2026-04-07,I-21/95/2026-W&M Section,M.V.Agency.,Non-automatic weighing instrument,156.pdf,https://lm.doca.gov.in/ModelApproval/Certificates/2026/156.pdf,DOCA_MODEL_APPROVAL,PDF_TEXT,False,JJPF-III,JIVAN JYOTI,"M/s M.V.AGENCY, Kachahari Road,Behind Mahaveer Park",IND/09/26/156,Electronic Platform type,Class III,300kg,300.0,kg,1kg,1.0,50g,50.0,LED,Strain Gauge type load cell based,based  Load Cell,,C3,,Vr.020051,24A7,Sealing is done by passing the sealing wire through the holes provided on the body of  machine. A lead seal is put at the end of the wire for stamping purpose (a typical schematic  diagram of sealing provision to prevent the fraudulent practices of the model is given above  as Figure 2). A dip switch has also been provided in mother board/PCB to disable access to  external calibration.,"shall also cover the weighing instruments of  similar make, accuracy and performance of same series with capacity above 50kg and up to  5000kg with number of verification scale interval (n)  in the range of 500 to 10000 for ‘e’  value of 5g or more with ‘e’ value of 1x10k, 2x10k or  5x10k, where  k is a positive or negative  whole number or equal to zero manufactured by the same manufacturer in accordance with  the same principle, design and with the same materials with which, the said approved model",500 to 10000,5g or more with ‘e’ value of 1x10k,100.0
157,23842,2026-04-07,I-21/86/2026-W&M Section,B TECH ENGINEERING WORKS,Non-automatic weighing instrument,157.pdf,https://lm.doca.gov.in/ModelApproval/Certificates/2026/157.pdf,DOCA_MODEL_APPROVAL,PDF_TEXT,False,NVBP-III and with  brand name “NEW VIJETA,NEW VIJETA,"the same manufacturer in accordance with 
the same principle, design and with the same materials with which, the said approved model",IND/09/26/157,Electronic Platform type,Class III,300kg,300.0,kg,1kg,1.0,50g,50.0,LED,Strain Gauge Type Load Cell Based,Based  Load Cell,,C3,,Mother board _Firmware_v1.0.0,F3346106C9571B6707,Sealing is done by passing the sealing wire through the holes provided on the body of  machine. A lead seal is put at the end of the wire for stamping purpose (a typical schematic  diagram of sealing provision to prevent the fraudulent practices of the model is given above  as Figure 2). A dip switch has also been provided in mother board/PCB to disable access to  external calibration.,"shall also cover the weighing instruments of  similar make, accuracy and performance of same series with capacity above 50kg and up to  5000kg with number of verification scale interval (n)  in the range of 500 to 10000 for ‘e’  value of 5g or more  with ‘e’ value of 1x10k, 2x10k or  5x10k, where  k is a positive or negative  whole number or equal to zero manufactured by the same manufacturer in accordance with  the same principle, design and with the same materials with which, the said approved model",500 to 10000,5g or more  with ‘e’ value of 1x10k,100.0
158,23849,2026-04-07,I-21/86/2026-W&M Section,B TECH ENGINEERING WORKS,Non-automatic weighing instrument,158.pdf,https://lm.doca.gov.in/ModelApproval/Certificates/2026/158.pdf,DOCA_MODEL_APPROVAL,PDF_TEXT,False,NVBWB-III and with  brand name “NEW VIJETA,NEW VIJETA,"the same manufacturer in accordance with the same 
principle, design and with the same materials with which, the said approved model has been",IND/09/26/,Electronic Weighbridge Type,Class III,40000kg,40000.0,kg,200kg,200.0,10kg,10000.0,One LED for Weight Indication,Strain Gauge Type Digital Load Cell Based,Based  Load Cell,,C3,,02-jan-2015,mothercard_firmware_v1.6.0.hex,Sealing is done by passing the sealing wire through the holes provided on the body of  machine. A lead seal is put at the end of the wire for stamping purpose (a typical schematic  diagram of sealing provision to prevent the fraudulent practices of the model is given above  as Figure 2). A dip switch has also been provided in mother board/PCB to disable access to  external calibration.,"shall also cover the weighing instruments of  similar make, accuracy and performance of same series with capacity above 5t and up to 150t  with number of verification scale interval (n)  in the range of 500 to 10000 for ‘e’ value of 5g  or more  with ‘e’ value of 1x10k, 2x10k or  5x10k, where  k is a positive or negative whole  number or equal to zero manufactured by the same manufacturer in accordance with the same  principle, design and with the same materials with which, the said approved model has been",500 to 10000,5g,100.0
159,23843,2026-04-07,I-21/86/2026-W&M Section,B TECH ENGINEERING WORKS,Non-automatic weighing instrument,159.pdf,https://lm.doca.gov.in/ModelApproval/Certificates/2026/159.pdf,DOCA_MODEL_APPROVAL,PDF_TEXT,False,NVBT-III-Series and with  brand name “NEW VIJETA,NEW VIJETA,"the same manufacturer in accordance with the same 

 
principle, design and with the same materials with which, the said approved model has been",IND/09/26/,Electronic Table top type,Class III,30kg,30.0,kg,100g,0.1,5g,5.0,Seven Segment LED,Strain Gauge Type Load Cell Based,Based  Load Cell,,C3,,Motherboard _Firmware_v1.0.0,F3346106C9571B6707,Sealing is done by passing the sealing wire through the holes provided on the body of  machine. A lead seal is put at the end of the wire for stamping purpose (a typical schematic  diagram of sealing provision to prevent the fraudulent practices of the model is given above  as Figure 2). A dip switch has also been provided in mother board/PCB to disable access to  external calibration.,"shall also cover the weighing instruments of  similar make, accuracy and performance of same series with capacity above 5t and up to 120t  with number of verification scale interval (n)  in the range of 500 to 10000 for ‘e’ value of 5g  or more  with ‘e’ value of 1x10k, 2x10k or  5x10k, where  k is a positive or negative whole  number or equal to zero manufactured by the same manufacturer in accordance with the same",500 to 10000,5g,100.0
160,23784,2026-04-07,I-21/68/2026-W&M Section,POWER SOURCE,Non-automatic weighing instrument,160.pdf,https://lm.doca.gov.in/ModelApproval/Certificates/2026/160.pdf,DOCA_MODEL_APPROVAL,PDF_TEXT,False,PS-TT-III,GOAN WEIGH,"M/s. POWER SOURCE Office Shop No. G1 Devendra Apartment 
Shanti Nagar, Ponda, North Goa-403401and which is assigned the approval mark",IND/09/26/160,Electronic Table top type,Class III,30kg,30.0,kg,100g,0.1,5g,5.0,LED,Strain Gauge type load cell based,based  Load Cell,,C3,,mothercard_firmware_WT-2511,7f168gds5eka30vad90kcauQkmy465rga48ga6af,Sealing is done by passing the sealing wire through the holes provided on the body of  machine. A lead seal is put at the end of the wire for stamping purpose (a typical schematic  diagram of sealing provision to prevent the fraudulent practices of the model is given above  as Figure 2). A dip switch has also been provided in mother board/PCB to disable access to  external calibration.,"shall also cover the weighing instruments of  similar make, accuracy and performance of same series with capacity up to 50kg with number  of verification scale interval (n)  in the range of 500 to 10000 for ‘e’ value of 5g or more and  with number of verification scale interval (n) in the range of 100 to 10000 for ‘e’ value of  100mg to 2g with ‘e’ value of 1x10k, 2x10k or  5x10k, where  k is a positive or negative whole  number or equal to zero manufactured by the same manufacturer in accordance with the same",500 to 10000,5g or more and,100.0
161,23785,2026-04-07,I-21/68/2026-W&M Section,POWER SOURCE,Non-automatic weighing instrument,161.pdf,https://lm.doca.gov.in/ModelApproval/Certificates/2026/161.pdf,DOCA_MODEL_APPROVAL,PDF_TEXT,False,PS -P III,GOAN WEIGH,"M/s POWER SOURCE Office Shop No. G1 Devendra Appartment Shanti 
Nagar, Ponda, North Goa-403401and which is assigned the approval mark IND/09/26/161 (the",IND/09/26/161,Electronic Platform type,Class III,300kg,300.0,kg,1kg,1.0,50g,50.0,LED,Strain Gauge type load cell based,based  Load Cell,,C3,,mothercard_firmware_WT-2511,7f168gds5eka30vad90kcauQkmy465rga48ga6af,Sealing is done by passing the sealing wire through the holes provided on the body of  machine. A lead seal is put at the end of the wire for stamping purpose (a typical schematic  diagram of sealing provision to prevent the fraudulent practices of the model is given above  as Figure 2). A dip switch has also been provided in mother board/PCB to disable access to  external calibration.,"shall also cover the weighing instruments of  similar make, accuracy and performance of same series with capacity above 50kg and up to  5000kg with number of verification scale interval (n)  in the range of 500 to 10000 for ‘e’  value of 5g or more with ‘e’ value of 1x10k, 2x10k or  5x10k, where  k is a positive or negative  whole number or equal to zero manufactured by the same manufacturer in accordance with  the same principle, design and with the same materials with which, the said approved model",500 to 10000,5g or more with ‘e’ value of 1x10k,100.0
162,23778,2026-04-08,I-21/69/2026-W&M Section,TETRA-PAK INDIA PRIVATE LIMITED,Catch Weighing Instrument (Check Weigher),162.pdf,https://lm.doca.gov.in/ModelApproval/Certificates/2026/162.pdf,DOCA_MODEL_APPROVAL,PDF_TEXT,False,C3571,METTLER TOLEDO,"M/s Mettler-Toledo Garvens GmbH , Hasede, KampstraBe 7",IND/09/26/162,Automatic Catch Weighing Instrument(Check Weigher),Class III,700g,0.7,kg,50g,0.05,0.1g,0.1,Colour Touch Screen TFT,EMFC,Mettler Toledo,SO2000G2,A,acity,PL2.0.0,532E,Standard lead seal with wire passing through chassis holes.,,500 to 10000,5g or more and with number of verification scale interval (n) in the range,100.0
163,24012,2026-04-13,I-21/92/2026-W&M Section,HONEYWELL AUTOMATION INDIA LIMITED,Gas Meters,163.pdf,https://lm.doca.gov.in/ModelApproval/Certificates/2026/163.pdf,DOCA_MODEL_APPROVAL,PDF_TEXT,False,described,Elster,"M/s Honeywell Automation India Limited Plot No 3 , Gat No 181, 
Village Fulgaon",IND/09/26/163,Electronic Gas volume conversion device (EVCD),Class III,30 kg,30.0,kg,100 g,0.1,5 g,5.0,LCD,Strain Gauge type load cell based,Standard Strain Gauge,,C3,,Checksum,1.02,Standard lead seal with wire passing through chassis holes.,,500 to 10000,5g or more,100.0
164,23395,2026-04-13,I-21/97/2026-W&M Section,SHREE KRISHNA ENGINEERING WORKS,Non-automatic weighing instrument,164.pdf,https://lm.doca.gov.in/ModelApproval/Certificates/2026/164.pdf,DOCA_MODEL_APPROVAL,PDF_TEXT,False,SKTTLB and with,ASIO,"M/s SHREE 
KRISHNA ENGINEERING WORKS,VILL-EKSHARA (KULER MATH) P.O. - CHAMRAIL, 
P.S .-- LILUAH",IND/09/26/164,Electronic Table top type,Class I,220g,0.22,kg,10mg,10.0,1mg,1.0,LED,EMFC,Standard Strain Gauge,,C3,,V2.v.hex,7c3953bf56e93da7805e30540bc58b81c6861d4d83dd3dcf0d0,Sealing is done by passing the sealing wire through the holes provided on the body of  machine. A lead seal is put at the end of the wire for stamping purpose (a typical schematic diagram  of sealing provision to prevent the fraudulent practices of the model is given above as Figure 2). A  dip switch has also been provided in mother board/PCB to disable access to external calibration.,"shall also cover the weighing instruments of similar make, accuracy  and performance of same series with capacity up to 10kg with number of verification scale interval  (n)  50000 or more for ‘e’ value of 1mg or more with ‘e’ value of 1x10k, 2x10k or  5x10k, where  k  is a positive or negative whole number or equal to zero manufactured by the same manufacturer in  accordance with the same principle, design and with the same materials with which, the said  approved model has been manufactured.",500 to 10000,1mg or more with ‘e’ value of 1x10k,100.0
165,23396,2026-04-13,I-21/97/2026-W&M Section,SHREE KRISHNA ENGINEERING WORKS,Non-automatic weighing instrument,165.pdf,https://lm.doca.gov.in/ModelApproval/Certificates/2026/165.pdf,DOCA_MODEL_APPROVAL,PDF_TEXT,False,SKTTJ and with,ASIO,"M/s SHREE 
KRISHNA ENGINEERING WORKS, VILL- EKSHARA (KULER MATH) P.O. -CHAMRAIL, 
P.S.--LILUAH",IND/09/26/165,Electronic Tabletop type weighing instrument,Class II,600g,0.6,kg,200mg,200.0,10mg,10.0,LED,Strain Gauge type load cell based,based  Load Cell,,C3,,V2.v.hex,7c3953bf56e93da7805e30540bc58b81c6861d4d83dd3,Sealing is done by passing the sealing wire through the holes provided on the body of  machine. A lead seal is put at the end of the wire for stamping purpose (a typical schematic diagram  of sealing provision to prevent the fraudulent practices of the model is given above as Figure 2). A  dip switch has also been provided in mother board/PCB to disable access to external calibration.,"shall also cover the weighing instruments of similar make, accuracy  and performance of same series with capacity up to 20kg with number of verification scale interval  (n)  in the range of 5000 to 60000 for ‘e’ value of 100mg or more and with number of verification  scale interval (n) in the range of 100 to 60000 for ‘e’ value of 1mg to 50mg with ‘e’ value of 1x10k,  2x10k or  5x10k, where  k is a positive or negative whole number or equal to zero manufactured by  the same manufacturer in accordance with the same principle, design and with the same materials",5000 to 60000,100mg or more and with number of verification,100.0
166,23397,2026-04-13,I-21/97/2026-W&M Section,SHREE KRISHNA ENGINEERING WORKS,Non-automatic weighing instrument,166.pdf,https://lm.doca.gov.in/ModelApproval/Certificates/2026/166.pdf,DOCA_MODEL_APPROVAL,PDF_TEXT,False,SKT,ASIO,"M/s SHREE KRISHNA 
ENGINEERING WORKS, VILL - EKSHARA(KULER MATH) P.O.- CHAMRAIL, P. S.",IND/09/26/166,Electronic Table top type (Multi-Interval)),Class III,10/20/30kg,30.0,kg,20g,0.02,1/2/5g,5.0,LED,Strain Gauge type load cell based,based  Load Cell,,C3,,V2.v.hex,7c3953bf56e93da7805e30540bc58b81c6861d4d83dd,Sealing is done by passing the sealing wire through the holes provided on the body of  machine. A lead seal is put at the end of the wire for stamping purpose (a typical schematic diagram  of sealing provision to prevent the fraudulent practices of the model is given above as Figure 2). A  dip switch has also been provided in mother board/PCB to disable access to external calibration.,"shall also cover the weighing instruments of similar make, accuracy  and performance of same series with capacity up to 50kg with number of verification scale interval  (n)  in the range of 500 to 10000 for ‘e’ value of 5g or more and with number of verification scale  interval (n) in the range of 100 to 10000 for ‘e’ value of 100mg to 2g with ‘e’ value of 1x10k, 2x10k  or  5x10k, where  k is a positive or negative whole number or equal to zero manufactured by the  same manufacturer in accordance with the same principle, design and with the same materials with",500 to 10000,5g or more and with number of verification scale,100.0
167,23398,2026-04-13,I-21/97/2026-W&M Section,SHREE KRISHNA ENGINEERING WORKS,Non-automatic weighing instrument,167.pdf,https://lm.doca.gov.in/ModelApproval/Certificates/2026/167.pdf,DOCA_MODEL_APPROVAL,PDF_TEXT,False,SKP,ASIO,"M/s SHREE KRISHNA 
ENGINEERING WORKS,VILL - EKSHARA(KULER MATH) P.O.- CHAMRAIL, P.S .",IND/09/26/167,Electronic Platform type (Multi Interval),Class III,100/200/300kg,300.0,kg,200g,0.2,10/20/50g,50.0,LED,Strain Gauge type load cell based,based  Load Cell,,C3,,V2.v.hex,7c3953bf56e93da7805e30540bc58b81c6861d4d83dd3dcf0d0ea,Sealing is done by passing the sealing wire through the holes provided on the body of  machine. A lead seal is put at the end of the wire for stamping purpose (a typical schematic diagram  of sealing provision to prevent the fraudulent practices of the model is given above as Figure 2). A  dip switch has also been provided in mother board/PCB to disable access to external calibration.,"shall also cover the weighing instruments of similar make, accuracy  and performance of same series with capacity above 50kg and up to 5000kg with number of  verification scale interval (n)  in the range of 500 to 10000 for ‘e’ value of 5g or more with ‘e’  value of 1x10k, 2x10k or  5x10k, where  k is a positive or negative whole number or equal to zero  manufactured by the same manufacturer in accordance with the same principle, design and with  the same materials with which, the said approved model has been manufactured.",500 to 10000,5g or more with ‘e’,100.0
168,23399,2026-04-13,I-21/97/2026-W&M Section,SHREE KRISHNA ENGINEERING WORKS,Non-automatic weighing instrument,168.pdf,https://lm.doca.gov.in/ModelApproval/Certificates/2026/168.pdf,DOCA_MODEL_APPROVAL,PDF_TEXT,False,SKP,ASIO,"M/s SHREE KRISHNA 
ENGINEERING WORKS,VILL – EKSHARA (KULER MATH) P.O. - CHAMRAIL, P.S .",IND/09/26/168,Electronic Platform type weighing,Class II,300kg,300.0,kg,1kg,1.0,20g,20.0,LED,Strain Gauge type load cell based,based  Load Cell,,C3,,V2.v.hex,7c3953bf56e93da7805e30540bc58b81c6861d4d83dd3dcf0d0ea,Sealing is done by passing the sealing wire through the holes provided on the body of  machine. A lead seal is put at the end of the wire for stamping purpose (a typical schematic diagram  of sealing provision to prevent the fraudulent practices of the model is given above as Figure 2). A  dip switch has also been provided in mother board/PCB to disable access to external calibration.,"shall also cover the weighing instruments of similar make, accuracy  and performance of same series with capacity above 50kg and up to 5000kg with number of  verification scale interval (n)  in the range of 5000 to 60000 for ‘e’ value of 100mg or more with  ‘e’ value of 1x10k, 2x10k or  5x10k, where  k is a positive or negative whole number or equal to  zero manufactured by the same manufacturer in accordance with the same principle, design and  with the same materials with which, the said approved model has been manufactured.",5000 to 60000,100mg or more with,100.0
169,23284,2026-04-13,I-21/104/2026-W&M Section,AASSH ENTERPRISES,Non-automatic weighing instrument,169.pdf,https://lm.doca.gov.in/ModelApproval/Certificates/2026/169.pdf,DOCA_MODEL_APPROVAL,PDF_TEXT,False,SF-400,AASSH,"the same manufacturer in accordance with the same 
principle, design and with the same materials with which, the said approved model has been",IND/09/26/169,Electronic Kitchen Scale Type,Class III,10kg,10.0,kg,20g,0.02,1g,1.0,LCD,Strain Gauge type load cell based,based  Load Cell,,C3,,GT-720-V20,9h16231d3esa90vds97vmhuAkdy4662sa48gd2aJ,Sealing is done by passing the sealing wire through the holes provided on the body of  machine. A lead seal is put at the end of the wire for stamping purpose (a typical schematic  diagram of sealing provision to prevent the fraudulent practices of the model is given above  as Figure 2). A dip switch has also been provided in mother board/PCB to disable access to  external calibration.,"shall also cover the weighing instruments of  similar make, accuracy and performance of same series with capacity up to 30kg with number  of verification scale interval (n)  in the range of 500 to 10000 for ‘e’ value of 5g or more and  with number of verification scale interval (n) in the range of 100 to 10000 for ‘e’ value of  100mg to 2g with ‘e’ value of 1x10k, 2x10k or  5x10k, where  k is a positive or negative whole  number or equal to zero manufactured by the same manufacturer in accordance with the same",500 to 10000,5g or more and,100.0
170,23291,2026-04-13,I-21/104/2026-W&M Section,AASSH ENTERPRISES,Non-automatic weighing instrument,170.pdf,https://lm.doca.gov.in/ModelApproval/Certificates/2026/170.pdf,DOCA_MODEL_APPROVAL,PDF_TEXT,False,SF-400A,AASSH,"the same manufacturer in accordance with the same 
principle, design and with the same materials with which, the said approved model has been",IND/09/26/170,Electronic Kitchen Scale type,Class III,10kg,10.0,kg,20g,0.02,1g,1.0,LCD,Strain Gauge type load cell based,based  Load Cell,,C3,,GT-720-V20,9h16231d3esa90vds97vmhuAkdy4662sa48gd2aJ,Sealing is done by passing the sealing wire through the holes provided on the body of  machine. A lead seal is put at the end of the wire for stamping purpose (a typical schematic  diagram of sealing provision to prevent the fraudulent practices of the model is given above  as Figure 2). A dip switch has also been provided in mother board/PCB to disable access to  external calibration.,"shall also cover the weighing instruments of  similar make, accuracy and performance of same series with capacity up to 30kg with number  of verification scale interval (n)  in the range of 500 to 10000 for ‘e’ value of 5g or more and  with number of verification scale interval (n) in the range of 100 to 10000 for ‘e’ value of  100mg to 2g with ‘e’ value of 1x10k, 2x10k or  5x10k, where  k is a positive or negative whole  number or equal to zero manufactured by the same manufacturer in accordance with the same",500 to 10000,5g or more and,100.0
171,23886,2026-04-15,I-21/107/2026-W&M Section,TRIDENT SYSTEMS,Auto Rickshaw and Taxi Meter,171.pdf,https://lm.doca.gov.in/ModelApproval/Certificates/2026/171.pdf,DOCA_MODEL_APPROVAL,PDF_TEXT,False,TSM-01,TRIDENT,"M/s. TRIDENT SYSTEMS, LOKANATH ROAD, HARACHANDI SAHI",IND/09/26/,Auto Rickshaw and Taxi Meter,Class III,30 kg,30.0,kg,100 g,0.1,5 g,5.0,Digital LED/LCD,Strain Gauge type load cell based,Standard Strain Gauge,,C3,,TR1V.01.23.1,S30Z23.e,Standard lead seal with wire passing through chassis holes.,,500 to 10000,5g or more,100.0
172,24017,2026-04-15,I-21/103/2026-W&M Section,SANDHYA SCALE WORKS,Non-automatic weighing instrument,172.pdf,https://lm.doca.gov.in/ModelApproval/Certificates/2026/172.pdf,DOCA_MODEL_APPROVAL,PDF_TEXT,False,SW-TT,SW SIYARAM ELECTRONICS,"the same manufacturer in accordance with the same 
principle, design and with the same materials with which, the said approved model has been",IND/09/26/,Electronic Table top (Multi-Interval) type,Class III,10/30kg,30.0,kg,20g,0.02,1/5g,5.0,LED,Strain Gauge type load cell based,based  Load Cell,,C3,,v1.5.0.hex,e24a8d3c12b7f5a89e1b22f7c0d95e6f3b7c3d2f9a,Sealing is done by passing the sealing wire through the holes provided on the body of  machine. A lead seal is put at the end of the wire for stamping purpose (a typical schematic  diagram of sealing provision to prevent the fraudulent practices of the model is given above  as Figure 2). A dip switch has also been provided in mother board/PCB to disable access to  external calibration.,"shall also cover the weighing instruments of  similar make, accuracy and performance of same series with capacity up to 50kg with number  of verification scale interval (n)  in the range of 500 to 10000 for ‘e’ value of 5g or more and  with number of verification scale interval (n) in the range of 100 to 10000 for ‘e’ value of  100mg to 2g with ‘e’ value of 1x10k, 2x10k or  5x10k, where  k is a positive or negative whole  number or equal to zero manufactured by the same manufacturer in accordance with the same",500 to 10000,5g or more and,100.0
173,24018,2026-04-15,I-21/103/2026-W&M Section,SANDHYA SCALE WORKS,Non-automatic weighing instrument,173.pdf,https://lm.doca.gov.in/ModelApproval/Certificates/2026/173.pdf,DOCA_MODEL_APPROVAL,PDF_TEXT,False,SW-PF,SW SIYARAM ELECTRONICS,"the same manufacturer in accordance with 
the same principle, design and with the same materials with which, the said approved model",IND/09/26/173,Electronic Platform Scale (Multi Interval),Class III,100/200kg,200.0,kg,200g,0.2,10/20g,20.0,LED,Strain Gauge type load cell based,based  Load Cell,,C3,,v1.5.0.hex,e24a8d3c12b7f5a89e1b22f7c0d95e6f3b7c3d2,Sealing is done by passing the sealing wire through the holes provided on the body of  machine. A lead seal is put at the end of the wire for stamping purpose (a typical schematic  diagram of sealing provision to prevent the fraudulent practices of the model is given above  as Figure 2). A dip switch has also been provided in mother board/PCB to disable access to  external calibration.,"shall also cover the weighing instruments of  similar make, accuracy and performance of same series with capacity above 50kg and up to  5000kg with number of verification scale interval (n)  in the range of 500 to 10000 for ‘e’  value of 5g or more with ‘e’ value of 1x10k, 2x10k or  5x10k, where  k is a positive or negative  whole number or equal to zero manufactured by the same manufacturer in accordance with  the same principle, design and with the same materials with which, the said approved model",500 to 10000,5g or more with ‘e’ value of 1x10k,100.0
174,23853,2026-04-16,I-21/109/2026-W&M Section,UB TRADERS,Non-automatic weighing instrument,174.pdf,https://lm.doca.gov.in/ModelApproval/Certificates/2026/174.pdf,DOCA_MODEL_APPROVAL,PDF_TEXT,False,IWTT,IRON WEIGHT,"the same manufacturer in accordance with the same 
principle, design and with the same materials with which, the said approved model has been",IND/09/26/174,Electronic Table top type,Class III,30kg,30.0,kg,100g,0.1,5g,5.0,LED,Strain Gauge type load cell based,based  Load Cell,,C3,,A1.01,24A700,Sealing is done by passing the sealing wire through the holes provided on the body of  machine. A lead seal is put at the end of the wire for stamping purpose (a typical schematic  diagram of sealing provision to prevent the fraudulent practices of the model is given above  as Figure 2). A dip switch has also been provided in mother board/PCB to disable access to  external calibration.,"shall also cover the weighing instruments of  similar make, accuracy and performance of same series with capacity up to 50kg with number  of verification scale interval (n)  in the range of 500 to 10000 for ‘e’ value of 5g or more and  with number of verification scale interval (n) in the range of 100 to 10000 for ‘e’ value of  100mg to 2g with ‘e’ value of 1x10k, 2x10k or  5x10k, where  k is a positive or negative whole  number or equal to zero manufactured by the same manufacturer in accordance with the same",500 to 10000,5g or more and,100.0
175,23846,2026-04-16,I-21/109/2026-W&M Section,UB TRADERS,Non-automatic weighing instrument,175.pdf,https://lm.doca.gov.in/ModelApproval/Certificates/2026/175.pdf,DOCA_MODEL_APPROVAL,PDF_TEXT,False,IWPF,IRON WEIGHT,"the same manufacturer in accordance with 
the same principle, design and with the same materials with which, the said approved model",IND/09/26/175,Electronic Platform Scale,Class III,300kg,300.0,kg,1kg,1.0,50g,50.0,LED,Strain Gauge type load cell based,based  Load Cell,,C3,,V19-04,ABE000,Sealing is done by passing the sealing wire through the holes provided on the body of  machine. A lead seal is put at the end of the wire for stamping purpose (a typical schematic  diagram of sealing provision to prevent the fraudulent practices of the model is given above  as Figure 2). A dip switch has also been provided in mother board/PCB to disable access to  external calibration.,"shall also cover the weighing instruments of  similar make, accuracy and performance of same series with capacity above 50kg and up to  5000kg with number of verification scale interval (n)  in the range of 500 to 10000 for ‘e’  value of 5g or more with ‘e’ value of 1x10k, 2x10k or  5x10k, where  k is a positive or negative  whole number or equal to zero manufactured by the same manufacturer in accordance with  the same principle, design and with the same materials with which, the said approved model",500 to 10000,5g or more with ‘e’ value of 1x10k,100.0
176,23822,2026-04-17,I-21/108/2026-W&M Section,GLOBAL TECHNOLOGIES,Non-automatic weighing instrument,176.pdf,https://lm.doca.gov.in/ModelApproval/Certificates/2026/176.pdf,DOCA_MODEL_APPROVAL,PDF_TEXT,False,SSP,SIGMA+,"the 
same manufacturer in accordance with the same principle, design and with the same materials with",IND/09/26/176,Electronic Platform type (Multi-Interval),Class III,100/200kg,200.0,kg,200g,0.2,10/20g,20.0,LED,Strain Gauge type load cell based,based  Load Cell,,C3,,v1.5.0.hex,e24a8d3c12b7f5a89e1b22f7c0d95e6f3b7c3d2f9ale0b5c4,Sealing is done by passing the sealing wire through the holes provided on the body of machine.  A lead seal is put at the end of the wire for stamping purpose (a typical schematic diagram of sealing  provision to prevent the fraudulent practices of the model is given above as Figure 2). A dip switch has  also been provided in mother board/PCB to disable access to external calibration.,"shall also cover the weighing instruments of similar make, accuracy and  performance of same series with capacity above 50kg and up to 5000kg with number of verification  scale interval (n)  in the range of 500 to 10000 for ‘e’ value of 5g or more  with ‘e’ value of 1x10k,  2x10k or  5x10k, where  k is a positive or negative whole number or equal to zero manufactured by the  same manufacturer in accordance with the same principle, design and with the same materials with  which, the said approved model has been manufactured.",500 to 10000,5g or more  with ‘e’ value of 1x10k,100.0
177,23908,2026-04-17,I-21/108/2026-W&M Section,GLOBAL TECHNOLOGIES,Non-automatic weighing instrument,177.pdf,https://lm.doca.gov.in/ModelApproval/Certificates/2026/177.pdf,DOCA_MODEL_APPROVAL,PDF_TEXT,False,GTP,GLOBAL,"the 
same manufacturer in accordance with the same principle, design and with the same materials with",IND/09/26/177,Electronic Platform type (Multi-Interval),Class III,100/150 kg,150.0,kg,200g,0.2,10/20 g,20.0,LED,Strain Gauge type load cell based,based,,C3,,v1.5.0.hex,e24a8d3c12b7f5a89e1b22f7c0d95e6f3b7c3d2f9ale0,"Sealing is done by passing the sealing wire through the holes provided on the body of machine.  A lead seal is put at the end of the wire for stamping purpose (a typical schematic diagram of sealing  provision to prevent the fraudulent practices of the model is given above as Figure 2). A dip switch has  also been provided in mother board/PCB to disable access to external calibration.  Further, in exercise of the power conferred by sub-rule (9) of rule 8 of the Legal Metrology","shall also cover the weighing instruments of similar make, accuracy and  performance of same series with capacity above 50kg and up to 5000kg with number of verification  scale interval (n)  in the range of 500 to 10000 for ‘e’ value of 5g or more  with ‘e’ value of 1x10k,  2x10k or  5x10k, where  k is a positive or negative whole number or equal to zero manufactured by the  same manufacturer in accordance with the same principle, design and with the same materials with  which, the said approved model has been manufactured.",500 to 10000,5g or more  with ‘e’ value of 1x10k,100.0
178,23825,2026-04-20,I-21/112/2026-W&M Section,INTECH ENTERPRISES,Non-automatic weighing instrument,178.pdf,https://lm.doca.gov.in/ModelApproval/Certificates/2026/178.pdf,DOCA_MODEL_APPROVAL,PDF_TEXT,False,ASPNPF,INTECH ENTERPRISES,"the same manufacturer in accordance with the same principle, design and with the same materials",IND/09/26/178,Platform type,Class III,150 kg,150.0,kg,400g,0.4,20g,20.0,LED,Strain Gauge type load cell based,based  Load Cell,,C3,,V14.10,34559a18232bc0c6c417410234688a26482b82192c96280185471430,Sealing is done by passing the sealing wire through the holes provided on the body of  machine. A lead seal is put at the end of the wire for stamping purpose (a typical schematic diagram  of sealing provision to prevent the fraudulent practices of the model is given above as Figure 2). A  dip switch has also been provided in mother board/PCB to disable access to external calibration.,"shall also cover the weighing instruments of similar make, accuracy and  performance of same series with capacity above 50kg and up to 5000kg with number of verification  scale interval (n)  in the range of 500 to 10000 for ‘e’ value of 5g or more  with ‘e’ value of 1x10k,  2x10k or  5x10k, where  k is a positive or negative whole number or equal to zero manufactured by  the same manufacturer in accordance with the same principle, design and with the same materials  with which, the said approved model has been manufactured.",500 to 10000,5g or more  with ‘e’ value of 1x10k,100.0
179,23826,2026-04-20,I-21/112/2026-W&M Section,INTECH ENTERPRISES,Non-automatic weighing instrument,179.pdf,https://lm.doca.gov.in/ModelApproval/Certificates/2026/179.pdf,DOCA_MODEL_APPROVAL,PDF_TEXT,False,ASPNTT,INTECH ENTERPRISES,"the 
same manufacturer in accordance with the same principle, design and with the same materials with",IND/09/26/179,Table top type,Class III,30 kg,30.0,kg,100g,0.1,5g,5.0,LED,Strain Gauge type load cell based,based  Load Cell,,C3,,v1.5.0.hex,e24a8d3c12b7f5a89e1b22f7c0d95e6f3b7c3d2f9ale0b5c4d,Sealing is done by passing the sealing wire through the holes provided on the body of  machine. A lead seal is put at the end of the wire for stamping purpose (a typical schematic diagram  of sealing provision to prevent the fraudulent practices of the model is given above as Figure 2). A  dip switch has also been provided in mother board/PCB to disable access to external calibration.,"shall also cover the weighing instruments of similar make, accuracy and  performance of same series with capacity up to 30kg with number of verification scale interval (n)   in the range of 500 to 10000 for ‘e’ value of 5g or more and with number of verification scale  interval (n) in the range of 100 to 10000 for ‘e’ value of 100mg to 2g with ‘e’ value of 1x10k, 2x10k  or  5x10k, where  k is a positive or negative whole number or equal to zero manufactured by the  same manufacturer in accordance with the same principle, design and with the same materials with",500 to 10000,5g or more and with number of verification scale,100.0
180,24045,2026-04-21,I-21/114/2026-W&M Section,METTLER-TOLEDO INDIA PRIVATE LIMITED,Non-automatic weighing instrument,180.pdf,https://lm.doca.gov.in/ModelApproval/Certificates/2026/180.pdf,DOCA_MODEL_APPROVAL,PDF_TEXT,False,IND246,METTLER TOLEDO,"M/s. METTLER-TOLEDO INDIA PRIVATE LIMITED, 
Amar Hill, Sakhi Vihar Road",IND/09/26/,Platform Type,Class II,300kg,300.0,kg,1kg,1.0,20g,20.0,Dot graphic LCD with backlight,Strain Gauge type load cell based,based  Load Cell,,C3,,RainBow V1.61.xx.yyyy (The last characters (xx.yyyy) are variable,3c134d1dfa095a676c74cb8ebaea9fc68f57432e8becb82d169c71f203,Sealing is done by passing the sealing wire through the holes provided on the body of machine. A  lead seal is put at the end of the wire for stamping purpose (a typical schematic diagram of sealing provision  to prevent the fraudulent practices of the model is given above as Figure 2). A dip switch has also been  provided in mother board/PCB to disable access to external calibration.,"shall also cover the weighing instruments of similar make, accuracy and performance of  same series with capacity above 50kg upto 5000kg with number of verification scale interval (n)  in the  range of 5000 to 60000 for ‘e’ value of 100mg or more and with number of verification scale interval (n)  with ‘e’ value of 1x10k, 2x10k or  5x10k, where  k is a positive or negative whole number or equal to zero  manufactured by the same manufacturer in accordance with the same principle, design and with the same  materials with which, the said approved model has been manufactured.",5000 to 60000,100mg or more and with number of verification scale interval (n),100.0
181,24044,2026-04-21,I-21/117/2026-W&M Section,METTLER-TOLEDO INDIA PRIVATE LIMITED,Non-automatic weighing instrument,181.pdf,https://lm.doca.gov.in/ModelApproval/Certificates/2026/181.pdf,DOCA_MODEL_APPROVAL,PDF_TEXT,False,IND246,METTLER TOLEDO,"M/s. METTLER-TOLEDO INDIA PRIVATE LIMITED, 
Amar Hill, Sakhi Vihar Road",IND/09/26/181,Table top Type,Class II,30kg,30.0,kg,100g,0.1,2g,2.0,Dot graphic LCD with backlight,Strain Gauge type load cell based,based  Load Cell,,C3,,RainBow V1.61.xx.yyyy (The last characters (xx.yyyy) are,3c134d1dfa095a676c74cb8ebaea9fc68f57432e8becb82d169c,Sealing is done by passing the sealing wire through the holes provided on the body of machine. A  lead seal is put at the end of the wire for stamping purpose (a typical schematic diagram of sealing provision  to prevent the fraudulent practices of the model is given above as Figure 2). A dip switch has also been  provided in mother board/PCB to disable access to external calibration.,"shall also cover the weighing instruments of similar make, accuracy and performance of  same series with capacity up to 50kg with number of verification scale interval (n)  in the range of 5000 to  60000 for ‘e’ value of 100mg or more and with number of verification scale interval (n) in the range of 100  to 60000 for ‘e’ value of 1mg to 50mg with ‘e’ value of 1x10k, 2x10k or  5x10k, where  k is a positive or  negative whole number or equal to zero manufactured by the same manufacturer in accordance with the  same principle, design and with the same materials with which, the said approved model has been","5000 to 
60000",100mg or more and with number of verification scale interval (n) in the range of 100,100.0
182,23400,2026-04-21,I-21/116/2026-W&M Section,SHREE KRISHNA ENGINEERING WORKS,Non-automatic weighing instrument,182.pdf,https://lm.doca.gov.in/ModelApproval/Certificates/2026/182.pdf,DOCA_MODEL_APPROVAL,PDF_TEXT,False,SKC,ASIO,"M/s SHREE KRISHNA 
ENGINEERING WORKS,VILL – EKSHARA (KULER MATH) P.O.- CHAMRAIL, P.S .--LILUAH",IND/09/26/182,Electronic Crane Scale,Class III,10t,10.0,tonne,100kg,100.0,5kg,5000.0,Seven Segment LED,Strain Gauge type load cell based,based  Load Cell,,C3,,V2.v.hex,7c3953bf56e93da7805e30540bc58b8b1c6861d4d83dd3dcf0d0ea999fo7c21b,Sealing is done by passing the sealing wire through the holes provided on the body of machine. A lead seal  is put at the end of the wire for stamping purpose (a typical schematic diagram of sealing provision to prevent the  fraudulent practices of the model is given above as Figure 2). A dip switch has also been provided in mother board/PCB  to disable access to external calibration.,,500 to 10000,5g or more,100.0
183,23845,2026-04-22,I-21/111/2026-W&M Section,GARGI INDUSTRIES,Non-automatic weighing instrument,183.pdf,https://lm.doca.gov.in/ModelApproval/Certificates/2026/183.pdf,DOCA_MODEL_APPROVAL,PDF_TEXT,False,GIB,NUVANA,"the 
same manufacturer in accordance with the same principle, design and with the same materials with",IND/09/26/183,Electronic Bench type,Class III,300kg,300.0,kg,1kg,1.0,50g,50.0,LED,Strain Gauge type load cell based,based  Load Cell,,C3,,v1.5.0.hex,e24a8d3c12b7f5a89e1b22f7c0d95e6f3b7c3d2f9ale0b5c4d6a7b8c9,Sealing is done by passing the sealing wire through the holes provided on the body of machine.  A lead seal is put at the end of the wire for stamping purpose (a typical schematic diagram of sealing  provision to prevent the fraudulent practices of the model is given above as Figure 2). A dip switch has  also been provided in mother board/PCB to disable access to external calibration.,"shall also cover the weighing instruments of similar make, accuracy and  performance of same series with capacity above 50kg and up to 5000kg with number of verification  scale interval (n)  in the range of 500 to 10000 for ‘e’ value of 5g or more  with ‘e’ value of 1x10k,  2x10k or  5x10k, where  k is a positive or negative whole number or equal to zero manufactured by the  same manufacturer in accordance with the same principle, design and with the same materials with  which, the said approved model has been manufactured.",500 to 10000,5g or more  with ‘e’ value of 1x10k,100.0
184,23960,2026-04-22,I-21/118/2026-W&M Section,SHARP ELECTRONICS,Non-automatic weighing instrument,184.pdf,https://lm.doca.gov.in/ModelApproval/Certificates/2026/184.pdf,DOCA_MODEL_APPROVAL,PDF_TEXT,False,RKS,"SHARP,","the same manufacturer in accordance with the same 
principle, design and with the same materials with which, the said approved model has been",IND/09/26/184,Multi interval Table top Type,Class III,10kg/20kg/30 kg,30.0,kg,20g,0.02,1g/2g/5 g,5.0,LED,Strain Gauge type load cell based,based  Load Cell,,C3,,Sharp Ak288n .hex,d6f827f3ab551dc7befceea15c85808c,Sealing is done by passing the sealing wire through the holes provided on the body of  machine. A lead seal is put at the end of the wire for stamping purpose (a typical schematic  diagram of sealing provision to prevent the fraudulent practices of the model is given above  as Figure 2). A dip switch has also been provided in mother board/PCB to disable access to  external calibration.,"shall also cover the weighing instruments of  similar make, accuracy and performance of same series with capacity up to 50kg with number  of verification scale interval (n)  in the range of 500 to 10000 for ‘e’ value of 5g or more and  with number of verification scale interval (n) in the range of 100 to 10000 for ‘e’ value of  100mg to 2g with ‘e’ value of 1x10k, 2x10k or  5x10k, where  k is a positive or negative whole  number or equal to zero manufactured by the same manufacturer in accordance with the same",500 to 10000,5g or more and,100.0
185,24022,2026-04-22,I-21/118/2026-W&M Section,SHARP ELECTRONICS,Non-automatic weighing instrument,185.pdf,https://lm.doca.gov.in/ModelApproval/Certificates/2026/185.pdf,DOCA_MODEL_APPROVAL,PDF_TEXT,False,KGS,SHARP,"the same manufacturer in accordance with 
the same principle, design and with the same materials with which, the said approved model",IND/09/26/185,Platform type,Class III,100 kg/200 kg/300 kg,300.0,kg,200 g,0.2,"10 g/20 g/50 g,",50.0,LED,Strain Gauge type load cell based,based  Load Cell,,C3,,Ak288n.hex,d6f827f3ab551dc7befceea15c85808c,Sealing is done by passing the sealing wire through the holes provided on the body of  machine. A lead seal is put at the end of the wire for stamping purpose (a typical schematic  diagram of sealing provision to prevent the fraudulent practices of the model is given above  as Figure 2). A dip switch has also been provided in mother board/PCB to disable access to  external calibration.,"shall also cover the weighing instruments of  similar make, accuracy and performance of same series with capacity above 50kg and up to  5000kg with number of verification scale interval (n)  in the range of 500 to 10000 for ‘e’  value of 5g or more  with ‘e’ value of 1x10k, 2x10k or  5x10k, where  k is a positive or negative  whole number or equal to zero manufactured by the same manufacturer in accordance with  the same principle, design and with the same materials with which, the said approved model",500 to 10000,5g or more  with ‘e’ value of 1x10k,100.0
186,23562,2026-04-22,I-21/120/2026-W&M Section,S K ENGINEERING,Non-automatic weighing instrument,186.pdf,https://lm.doca.gov.in/ModelApproval/Certificates/2026/186.pdf,DOCA_MODEL_APPROVAL,PDF_TEXT,False,SK-TT,S K,"the same manufacturer in accordance with the same 
principle, design and with the same materials with which, the said approved model has been",IND/09/26/186,Electronic Table top Type,Class III,30 kg,30.0,kg,100g,0.1,5 g,5.0,LED,Strain Gauge type load cell based,based  Load Cell,,C3,,Mbc_firmware_v25.01.0.hex,e24a8d3c12b7f5a89e1b2f7c0d95e6f3b7c3d2f9ale0,Sealing is done by passing the sealing wire through the holes provided on the body of  machine. A lead seal is put at the end of the wire for stamping purpose (a typical schematic  diagram of sealing provision to prevent the fraudulent practices of the model is given above  as Figure 2). A dip switch has also been provided in mother board/PCB to disable access to  external calibration.,"shall also cover the weighing instruments of  similar make, accuracy and performance of same series with capacity up to 50kg with number  of verification scale interval (n)  in the range of 500 to 10000 for ‘e’ value of 5g or more and  with number of verification scale interval (n) in the range of 100 to 10000 for ‘e’ value of  100mg to 2g with ‘e’ value of 1x10k, 2x10k or  5x10k, where  k is a positive or negative whole  number or equal to zero manufactured by the same manufacturer in accordance with the same",500 to 10000,5g or more and,100.0
187,23563,2026-04-22,I-21/120/2026-W&M Section,S K ENGINEERING,Non-automatic weighing instrument,187.pdf,https://lm.doca.gov.in/ModelApproval/Certificates/2026/187.pdf,DOCA_MODEL_APPROVAL,PDF_TEXT,False,SK-PF,S K,"the same manufacturer in accordance with 
the same principle, design and with the same materials with which, the said approved model",IND/09/26/187,Electronic Platform type,Class III,300 kg,300.0,kg,1000 g,1.0,"50 g,",50.0,LED,Strain Gauge type load cell based,based  Load Cell,,C3,,V_J_01.hex,Of6672090c949fdd55dc0edbc190a78da34536475c4,Sealing is done by passing the sealing wire through the holes provided on the body of  machine. A lead seal is put at the end of the wire for stamping purpose (a typical schematic  diagram of sealing provision to prevent the fraudulent practices of the model is given above  as Figure 2). A dip switch has also been provided in mother board/PCB to disable access to  external calibration.,"shall also cover the weighing instruments of  similar make, accuracy and performance of same series with capacity above 50kg and up to  5000kg with number of verification scale interval (n)  in the range of 500 to 10000 for ‘e’  value of 5g or more  with ‘e’ value of 1x10k, 2x10k or  5x10k, where  k is a positive or negative  whole number or equal to zero manufactured by the same manufacturer in accordance with  the same principle, design and with the same materials with which, the said approved model",500 to 10000,5g or more  with ‘e’ value of 1x10k,100.0
188,24042,2026-04-24,I-21/121/2026,METTLER-TOLEDO INDIA PRIVATE LIMITED,Non-automatic weighing instrument,188.pdf,https://lm.doca.gov.in/ModelApproval/Certificates/2026/188.pdf,DOCA_MODEL_APPROVAL,PDF_TEXT,False,IND246,METTLER TOLEDO,"M/s. METTLER-TOLEDO INDIA PRIVATE LIMITED, Amar Hill, Sakhi Vihar Road",IND/09/26/188,Table top Type,Class III,30kg,30.0,kg,100g,0.1,5g,5.0,Dot graphic LCD with backlight,Strain Gauge type load cell based,based  Load Cell,,C3,,RainBow V1.61.xx.yyyy (The last characters (xx.yyyy),02D51B51,Sealing is done by passing the sealing wire through the holes provided on the body of  machine. A lead seal is put at the end of the wire for stamping purpose (a typical schematic diagram,"shall also cover the weighing instruments of similar make, accuracy  and performance of same series with capacity up to 50kg with number of verification scale interval  (n) in the range of 500 to 10000 for ‘e’ value of 5g or more and with number of verification scale  interval (n) in the range of 100 to 10000 for ‘e’ value of 100mg to 2g with ‘e’ value of 1x10k, 2x10k  or  5x10k, where  k is a positive or negative whole number or equal to zero manufactured by the  same manufacturer in accordance with the same principle, design and with the same materials with",500 to 10000,5g or more and with number of verification scale,100.0
189,24043,2026-04-24,I-21/121/2026,METTLER-TOLEDO INDIA PRIVATE LIMITED,Non-automatic weighing instrument,189.pdf,https://lm.doca.gov.in/ModelApproval/Certificates/2026/189.pdf,DOCA_MODEL_APPROVAL,PDF_TEXT,False,IND246,METTLER TOLEDO,"M/s. METTLER-TOLEDO INDIA PRIVATE LIMITED, Amar Hill, Sakhi Vihar Road",IND/09/26/189,Platform Type,Class III,300kg,300.0,kg,1000g,1.0,50g,50.0,Dot graphic LCD with backlight,Strain Gauge type load cell based,based  Load Cell,,C3,,RainBow V1.61.xx.yyyy (The last characters (xx.yyyy),3c134d1dfa095a676c74cb8ebaea9fc68f57432e8becb82,Sealing is done by passing the sealing wire through the holes provided on the body of  machine. A lead seal is put at the end of the wire for stamping purpose (a typical schematic diagram,"shall also cover the weighing instruments of similar make, accuracy  and performance of same series with capacity above 50kg and up to 5000kg with number of  verification scale interval (n) in the range of 500 to 10000 for ‘e’ value of 5g or more with ‘e’ value of 1x10k, 2x10k or  5x10k, where  k is a positive or negative whole number or equal to zero  manufactured by the same manufacturer in accordance with the same principle, design and with  the same materials with which, the said approved model has been manufactured.",500 to 10000,5g or more with ‘e’,100.0
190,23412,2026-04-28,I-21/87/2026-W&M Section,PUTZMEISTER CONCRETE MACHINES PRIVATE LIMITED,Discontinuous Totalizing Automatic Weighing Instrument (Hopper weigher),190.pdf,https://lm.doca.gov.in/ModelApproval/Certificates/2026/190.pdf,DOCA_MODEL_APPROVAL,PDF_TEXT,False,MT 6.0,PUTZMEISTER,"M/s. 
PUTZMEISTER CONCRETE MACHINES PRIVATE LIMITED, Plot N4, Phase IV",IND/09/26/190,Discontinuous Totalizing Automatic Weighing Instrument (Hopper weigher),1 of series “MT 6.0” and with,30 kg,30.0,kg,100 g,0.1,(dt),5.0,LCD,Strain gauge type load cell based,based  Max. Capacity,,C3,acity,Putzmeister V1.0,2b54f1414f6e1a83f89fba88185bd0ae2fbbd0cf2d019d77150b3bcb2cf03e65,Sealing is done by passing the sealing wire through the head holes provided on the rear side of the  enclosure. The enclosure is sealed by passing the sealing wire through these head holes and across the  enclosure and the sealing wire is sealed using a sealing plug. A typical schematic diagram and photograph  of sealing provision to prevent the fraudulent practices of the model is given above as Figure 2. A dip switch  has also been provided in mother board/PCB to disable access to external calibration.,"shall also cover the weighing instruments of similar make, accuracy and performance of  same series with capacities upto 300m3/hr manufactured by the same manufacturer in accordance with the  same principle, design and with the same materials with which, the said approved model has been  manufactured.                                                                                  [F.No. I-21/87/2026-W&M Section]",500 to 10000,5g or more,100.0
191,23517,2026-04-29,I-21/38/2026-W&M Section,PERUMANA INSTRUMENTS PRIVATE LIMITED,Non-automatic weighing instrument,191.pdf,https://lm.doca.gov.in/ModelApproval/Certificates/2026/191.pdf,DOCA_MODEL_APPROVAL,PDF_TEXT,False,CLP,CEETRON,"M/s Perumana Instruments Private Limited,21/38 BC, Perumana Tower",IND/09/26/191,Electronic Table top Type,Class III,30kg,30.0,kg,100g,0.1,5g,5.0,Seven Segment LED,Strain Gauge type load cell based,based  Load Cell,,C3,,UF012,A1_200806,Sealing is done by passing the sealing wire through the holes provided on the body of  machine. A lead seal is put at the end of the wire for stamping purpose (Sealing diagram and  photograph to prevent the fraudulent practices of the model is given above as Figure 2). A dip  switch has also been provided in mother board/PCB to disable access to external calibration.,"shall also cover the weighing instruments of  similar make, accuracy and performance of same series with capacity up to 50kg with number  of verification scale interval (n)  in the range of 500 to 10000 for ‘e’ value of 5g or more and  with number of verification scale interval (n) in the range of 100 to 10000 for ‘e’ value of  100mg to 2g with ‘e’ value of 1x10k, 2x10k or  5x10k, where  k is a positive or negative whole  number or equal to zero manufactured by the same manufacturer in accordance with the same",500 to 10000,5g or more and,100.0
192,23519,2026-04-29,I-21/38/2026-W&M Section,PERUMANA INSTRUMENTS PRIVATE LIMITED,Non-automatic weighing instrument,192.pdf,https://lm.doca.gov.in/ModelApproval/Certificates/2026/192.pdf,DOCA_MODEL_APPROVAL,PDF_TEXT,False,CRP,CEETRON,"M/s Perumana Instruments Private Limited,21/38 BC, Perumana Tower",IND/09/26/,Electronic Table top Type,Class III,30kg,30.0,kg,100g,0.1,5g,5.0,Seven Segment LED,Strain Gauge type load cell based,based  Load Cell,,C3,,UF012,A1_200806,Sealing is done by passing the sealing wire through the holes provided on the body of  machine. A lead seal is put at the end of the wire for stamping purpose (Sealing diagram and  photograph to prevent the fraudulent practices of the model is given above as Figure 2). A dip  switch has also been provided in mother board/PCB to disable access to external calibration.,"shall also cover the weighing instruments of  similar make, accuracy and performance of same series with capacity up to 50kg with number  of verification scale interval (n)  in the range of 500 to 10000 for ‘e’ value of 5g or more and  with number of verification scale interval (n) in the range of 100 to 10000 for ‘e’ value of  100mg to 2g with ‘e’ value of 1x10k, 2x10k or  5x10k, where  k is a positive or negative whole  number or equal to zero manufactured by the same manufacturer in accordance with the same",500 to 10000,5g or more and,100.0
193,23518,2026-04-29,I-21/38/2026-W&M Section,PERUMANA INSTRUMENTS PRIVATE LIMITED,Non-automatic weighing instrument,193.pdf,https://lm.doca.gov.in/ModelApproval/Certificates/2026/193.pdf,DOCA_MODEL_APPROVAL,PDF_TEXT,False,CP-PS,CEETRON,"M/s Perumana Instruments Private Limited,21/38 BC, Perumana Tower",IND/09/26/192,Electronic Platform Type,Class III,300kg,300.0,kg,1kg,1.0,50g,50.0,Seven Segment Segment LED,Strain Gauge type load cell based,based  Load Cell,,C3,,UE012,A1_200806,Sealing is done by passing the sealing wire through the holes provided on the body of  machine. A lead seal is put at the end of the wire for stamping purpose (Sealing diagram and  photograph to prevent the fraudulent practices of the model is given above as Figure 2). A dip  switch has also been provided in mother board/PCB to disable access to external calibration.,"shall also cover the weighing instruments of  similar make, accuracy and performance of same series with capacity above 50kg and up to  5000kg with number of verification scale interval (n)  in the range of 500 to 10000 for ‘e’  value of 5g or more with ‘e’ value of 1x10k, 2x10k or  5x10k, where  k is a positive or negative  whole number or equal to zero manufactured by the same manufacturer in accordance with  the same principle, design and with the same materials with which, the said approved model",500 to 10000,5g or more with ‘e’ value of 1x10k,100.0
194,23909,2026-04-29,I-21/119/2026-W&M Section,N-TECH WEIGHING SOLUTION,Non-automatic weighing instrument,194.pdf,https://lm.doca.gov.in/ModelApproval/Certificates/2026/194.pdf,DOCA_MODEL_APPROVAL,PDF_TEXT,False,NTT,N-TECH,"M/s N-TECH 
WEIGHING SOLUTION, 45/B15, NAINARMPATTI",IND/09/26/194,Electronic Table top Type,Class III,30kg,30.0,kg,100g,0.1,5g,5.0,Seven Segment LED,Strain Gauge type load cell based,based  Load Cell,,C3,,v1.5.0hex,e24a8d3c12b7f5a89e1b22f7c0d95e6f3b7c3d2f9ale0b5,Sealing is done by passing the sealing wire through the holes provided on the body of  machine. A lead seal is put at the end of the wire for stamping purpose (a typical schematic diagram  of sealing provision to prevent the fraudulent practices of the model is given above as Figure 2). A  dip switch has also been provided in mother board/PCB to disable access to external calibration.,"shall also cover the weighing instruments of similar make, accuracy  and performance of same series with capacity up to 50kg with number of verification scale interval  (n)  in the range of 500 to 10000 for ‘e’ value of 5g or more and with number of verification scale  interval (n) in the range of 100 to 10000 for ‘e’ value of 100mg to 2g with ‘e’ value of 1x10k, 2x10k  or  5x10k, where  k is a positive or negative whole number or equal to zero manufactured by the  same manufacturer in accordance with the same principle, design and with the same materials with",500 to 10000,5g or more and with number of verification scale,100.0
195,23910,2026-04-29,I-21/119/2026-W&M Section,N-TECH WEIGHING SOLUTION,Non-automatic weighing instrument,195.pdf,https://lm.doca.gov.in/ModelApproval/Certificates/2026/195.pdf,DOCA_MODEL_APPROVAL,PDF_TEXT,False,NTP,N-TECH,"M/s N-TECH 
WEIGHING SOLUTION, 45/B15, NAINARMPATTI",IND/09/26/195,Electronic Platform Type,Class III,300kg,300.0,kg,1000g,1.0,50g,50.0,LED,Strain Gauge type load cell based,based  Load Cell,,C3,,v1.5.0.hex,e24a8d3c12b7f5a89e1b22f7c0d95e6f3b7c3d2f9ale0b5,Sealing is done by passing the sealing wire through the holes provided on the body of  machine. A lead seal is put at the end of the wire for stamping purpose (a typical schematic diagram  of sealing provision to prevent the fraudulent practices of the model is given above as Figure 2). A  dip switch has also been provided in mother board/PCB to disable access to external calibration.,"shall also cover the weighing instruments of similar make, accuracy  and performance of same series with capacity above 50kg and up to 5000kg with number of  verification scale interval (n)  in the range of 500 to 10000 for ‘e’ value of 5g or more  with ‘e’  value of 1x10k, 2x10k or  5x10k, where  k is a positive or negative whole number or equal to zero  manufactured by the same manufacturer in accordance with the same principle, design and with  the same materials with which, the said approved model has been manufactured.",500 to 10000,5g or more  with ‘e’,100.0
196,23911,2026-04-29,I-21/119/2026-W&M Section,N-TECH WEIGHING SOLUTION,Non-automatic weighing instrument,196.pdf,https://lm.doca.gov.in/ModelApproval/Certificates/2026/196.pdf,DOCA_MODEL_APPROVAL,PDF_TEXT,False,NTC,N-TECH,"M/s N-TECH WEIGHING SOLUTION, 45/B15, NAINARMPATTI",IND/09/26/196,Electronic Platform (Bench) Type,Class III,300kg,300.0,kg,1kg,1.0,50g,50.0,LED,Strain Gauge type load cell based,based  Load Cell,,C3,,v1.5.0hex,e24a8d3c12b7f5a89e1b22f7c0d95e6f3b7c3d2f9ale0b5c4d6a7b8c9d0e1f2a3,Sealing is done by passing the sealing wire through the holes provided on the body of machine. A  lead seal is put at the end of the wire for stamping purpose (a typical schematic diagram of sealing provision  to prevent the fraudulent practices of the model is given above as Figure 2). A dip switch has also been  provided in mother board/PCB to disable access to external calibration.,"shall also cover the weighing instruments of similar make, accuracy and performance of  same series with capacity above 50kg and up to 5000kg with number of verification scale interval (n)  in  the range of 500 to 10000 for ‘e’ value of 5g or more  with ‘e’ value of 1x10k, 2x10k or  5x10k, where  k is  a positive or negative whole number or equal to zero manufactured by the same manufacturer in accordance  with the same principle, design and with the same materials with which, the said approved model has been  manufactured.",500 to 10000,5g or more  with ‘e’ value of 1x10k,100.0
197,23670,2026-04-30,I-21/105/2026-W&M Section,Suzuki Electronics,Automatic Gravimetric Filling Instrument,197.pdf,https://lm.doca.gov.in/ModelApproval/Certificates/2026/197.pdf,DOCA_MODEL_APPROVAL,PDF_TEXT,False,SAGF,SUZUKI,"M/s. Suzuki Electronics , 899/3A, GIDC Makarpura",IND/09/26/,Automatic gravimetric filling instrument,"X(x), where x=1 of series “SAGF” and with brand name “SUZUKI” (hereinafter",1000 kg,1000.0,kg,100 kg,100.0,200 g,200.0,LED,Electronics and  Load cell based,based   Accuracy class,,C3,,H 2.01,,Standard lead seal with wire passing through chassis holes.,,500 to 10000,5g or more,100.0
198,23875,2026-04-30,I-21/127/2026-W&M Section,S V  WEIGHING SCALES SERVICE CENTRE,Non-automatic weighing instrument,198.pdf,https://lm.doca.gov.in/ModelApproval/Certificates/2026/198.pdf,DOCA_MODEL_APPROVAL,PDF_TEXT,False,SV-WB,SV,"the same manufacturer in accordance with the same 
principle, design and with the same materials with which, the said approved model has been",IND/09/26/198,Weighbridge type,Class III,30000 kg,30000.0,kg,200kg,200.0,10kg,10000.0,LED for weight and LCD for entry of other parameters,Strain gauge type load cell,Load Cell  Make – APPALTO Model : ACB D3,ACB D30,C3,,v1.0.0F,E9578367FE3123076bFEad32751aFEab2e5cfcFEac894,Sealing is done by passing the sealing wire through the holes provided on the body of  machine. A lead seal is put at the end of the wire for stamping purpose (a typical schematic  diagram of sealing provision to prevent the fraudulent practices of the model is given above  as Figure 2). A dip switch has also been provided in mother board/PCB to disable access to  external calibration.,"shall also cover the weighing instruments of  similar make, accuracy and performance of same series with capacity above 5t and up to 100t  with number of verification scale interval (n)  in the range of 500 to 10000 for ‘e’ value of 5g  or more  with ‘e’ value of 1x10k, 2x10k or  5x10k, where  k is a positive or negative whole  number or equal to zero manufactured by the same manufacturer in accordance with the same  principle, design and with the same materials with which, the said approved model has been",500 to 10000,5g,100.0
199,24027,2026-04-30,I-21/122/2026-W&M Section,MAHATHI DIGITRANS,Non-automatic weighing instrument,199.pdf,https://lm.doca.gov.in/ModelApproval/Certificates/2026/199.pdf,DOCA_MODEL_APPROVAL,PDF_TEXT,False,MID006,MID WEIGHT,"the same manufacturer in accordance with the same 
principle, design and with the same materials with which, the said approved model has been",IND/09/26/199,Table top Type,Class III,30 kg,30.0,kg,100g,0.1,5 g,5.0,LED,Strain Gauge type load cell based,based  Load Cell,,C3,,PMS63 VER 1.03,3A7F,Sealing is done by passing the sealing wire through the holes provided on the body of  machine. A lead seal is put at the end of the wire for stamping purpose (a typical schematic  diagram of sealing provision to prevent the fraudulent practices of the model is given above  as Figure 2). A dip switch has also been provided in mother board/PCB to disable access to  external calibration.,"shall also cover the weighing instruments of  similar make, accuracy and performance of same series with capacity up to 50kg with number  of verification scale interval (n)  in the range of 500 to 10000 for ‘e’ value of 5g or more and  with number of verification scale interval (n) in the range of 100 to 10000 for ‘e’ value of  100mg to 2g with ‘e’ value of 1x10k, 2x10k or  5x10k, where  k is a positive or negative whole  number or equal to zero manufactured by the same manufacturer in accordance with the same",500 to 10000,5g or more and,100.0
200,24026,2026-04-30,I-21/122/2026-W&M Section,MAHATHI DIGITRANS,Non-automatic weighing instrument,200.pdf,https://lm.doca.gov.in/ModelApproval/Certificates/2026/200.pdf,DOCA_MODEL_APPROVAL,PDF_TEXT,False,M0001,MID WEIGHT,"the same manufacturer in accordance with 
the same principle, design and with the same materials with which, the said approved model",IND/09/26/200,Electronic Platform type,Class III,200 kg,200.0,kg,1000 g,1.0,50 g,50.0,LED,Strain Gauge type load cell based,based  Load Cell,,C3,,PMS63 VER 1.03,3A7F,Sealing is done by passing the sealing wire through the holes provided on the body of  machine. A lead seal is put at the end of the wire for stamping purpose (a typical schematic  diagram of sealing provision to prevent the fraudulent practices of the model is given above  as Figure 2). A dip switch has also been provided in mother board/PCB to disable access to  external calibration.,"shall also cover the weighing instruments of  similar make, accuracy and performance of same series with capacity above 50kg and up to  5000kg with number of verification scale interval (n)  in the range of 500 to 10000 for ‘e’  value of 5g or more  with ‘e’ value of 1x10k, 2x10k or  5x10k, where  k is a positive or negative  whole number or equal to zero manufactured by the same manufacturer in accordance with  the same principle, design and with the same materials with which, the said approved model",500 to 10000,5g or more  with ‘e’ value of 1x10k,100.0
201,23906,2026-05-04,I-21/126/2026-W&M Section,PACIFIC SCALES INDIA,Non-automatic weighing instrument,201.pdf,https://lm.doca.gov.in/ModelApproval/Certificates/2026/201.pdf,DOCA_MODEL_APPROVAL,PDF_TEXT,False,PSP,PACIFIC+,"the same manufacturer in accordance with 
the same principle, design and with the same materials with which, the said approved model",IND/09/26/201,Electronic Platform Weighing Machine (Bench type),Class III,300kg,300.0,kg,1kg,1.0,50g,50.0,LED Display,Strain Gauge Type Load Cell based.,based.  Load Cell,,C3,,v1.5.0.hex,e24a8d3c12b7f5a89e1b2f7c0d95e6f3b7c3d2f9a1e0b5c4d6a,Sealing is done by passing the sealing wire through the holes provided on the body of  machine. A lead seal is put at the end of the wire for stamping purpose (a typical schematic  diagram of sealing provision to prevent the fraudulent practices of the model is given above  as Figure 2). A dip switch has also been provided in mother board/PCB to disable access to  external calibration.,"shall also cover the weighing instruments of  similar make, accuracy and performance of same series with capacity above 50kg and up to  5000kg with number of verification scale interval (n)  in the range of 500 to 10000 for ‘e’  value of 5g or more  with ‘e’ value of 1x10k, 2x10k or  5x10k, where  k is a positive or negative  whole number or equal to zero manufactured by the same manufacturer in accordance with  the same principle, design and with the same materials with which, the said approved model",500 to 10000,5g or more  with ‘e’ value of 1x10k,100.0
202,23907,2026-05-04,I-21/126/2026-W&M Section,PACIFIC SCALES INDIA,Non-automatic weighing instrument,202.pdf,https://lm.doca.gov.in/ModelApproval/Certificates/2026/202.pdf,DOCA_MODEL_APPROVAL,PDF_TEXT,False,PHS,PACIFIC+,"the same manufacturer in accordance with 
the same principle, design and with the same materials with which, the said approved model",IND/09/26/202,Electronic Hanging type,Class III,200kg,200.0,kg,400g,0.4,20g,20.0,Seven Segment Light Emitting Diode (LED),Strain Gauge Type Load Cell based.,based.  Load Cell,,C3,,v1.5.0.hex,e24a8d3c12b7f5a89e1b22f7c0d95e6f3b7c3d2f9a1e0b5,Sealing is done by passing the sealing wire through the holes provided on the body of  machine. A lead seal is put at the end of the wire for stamping purpose (a typical schematic  diagram of sealing provision to prevent the fraudulent practices of the model is given above  as Figure 2). A dip switch has also been provided in mother board/PCB to disable access to  external calibration.,"shall also cover the weighing instruments of  similar make, accuracy and performance of same series with capacity above 50kg and up to  5000kg with number of verification scale interval (n)  in the range of 500 to 10000 for ‘e’  value of 5g or more  with ‘e’ value of 1x10k, 2x10k or  5x10k, where  k is a positive or negative  whole number or equal to zero manufactured by the same manufacturer in accordance with  the same principle, design and with the same materials with which, the said approved model",500 to 10000,5g or more  with ‘e’ value of 1x10k,100.0
203,24007,2026-05-04,I-21/129/2026-W&M Section,MICRON INSTRUMENTS,Non-automatic weighing instrument,203.pdf,https://lm.doca.gov.in/ModelApproval/Certificates/2026/203.pdf,DOCA_MODEL_APPROVAL,PDF_TEXT,False,AM/TT-77,ATCOMAX,"M/s MICRON INSTRUMENTS,URMILA VIHAR, JARCHA ROAD",IND/09/26/203,Electronic Table top Weighing Machine,Class II,30 kg,30.0,kg,100 g,0.1,2 g,2.0,LED,Strain Gauge Load cell Based,Based  Load Cell,,C3,,d2.1.hex,89e1b2f7cod95e6f3b7c3d2fqa1eob5cd6a7b8c9doe1f2a3e,Sealing is done by passing the sealing wire through the holes provided on the body of  machine. A lead seal is put at the end of the wire for stamping purpose (a typical schematic  diagram of sealing provision to prevent the fraudulent practices of the model is given above  as Figure 2). A dip switch has also been provided in mother board/PCB to disable access to  external calibration.,"shall also cover the weighing instruments of  similar make, accuracy and performance of same series with capacity up to 50kg with number  of verification scale interval (n)  in the range of 5000 to 60000 for ‘e’ value of 100mg or more  and with number of verification scale interval (n) in the range of 100 to 60000 for ‘e’ value  of 1mg to 50mg with ‘e’ value of 1x10k, 2x10k or  5x10k, where  k is a positive or negative  whole number or equal to zero manufactured by the same manufacturer in accordance with",5000 to 60000,100mg or more,100.0
204,24008,2026-05-04,I-21/129/2026-W&M Section,MICRON INSTRUMENTS,Non-automatic weighing instrument,204.pdf,https://lm.doca.gov.in/ModelApproval/Certificates/2026/204.pdf,DOCA_MODEL_APPROVAL,PDF_TEXT,False,AM/PF-77,ATCOMAX,"M/s MICRON INSTRUMENTS,URMILA VIHAR, JARCHA ROAD",IND/09/26/204,Electronic Platform Weighing Machine,Class III,300 kg,300.0,kg,1kg,1.0,50 g,50.0,LED,Strain Gauge Load cell Based,Based  Load Cell,,C3,,d2.1.hex,89e1b2f7cod95e6f3b7c3d2fqa1eob5cd6a7b8c9doe1f2a,Sealing is done by passing the sealing wire through the holes provided on the body of  machine. A lead seal is put at the end of the wire for stamping purpose (a typical schematic  diagram of sealing provision to prevent the fraudulent practices of the model is given above  as Figure 2). A dip switch has also been provided in mother board/PCB to disable access to  external calibration.,"shall also cover the weighing instruments of  similar make, accuracy and performance of same series with capacity above 50kg and up to  5000kg with number of verification scale interval (n)  in the range of 500 to 10000 for ‘e’  value of 5g or more  with ‘e’ value of 1x10k, 2x10k or  5x10k, where  k is a positive or negative  whole number or equal to zero manufactured by the same manufacturer in accordance with  the same principle, design and with the same materials with which, the said approved model",500 to 10000,5g or more  with ‘e’ value of 1x10k,100.0
205,23969,2026-05-05,I-21/49/2026-W&M Section,KIMPEX FLOW PRIVATE LIMITED,Gas Meters,205.pdf,https://lm.doca.gov.in/ModelApproval/Certificates/2026/205.pdf,DOCA_MODEL_APPROVAL,PDF_TEXT,False,described,APATOR METRIX S.A.,"M/s Apator Metrix S.A. ul. Grunwaldzka 14, 83-110 Tczew, Polska",IND/09/26/,Gas Meters,1.5 (hereinafter referred to as the,30 kg,30.0,kg,100 g,0.1,5 g,5.0,Digital LED/LCD,Strain Gauge type load cell based,Standard Strain Gauge,,C3,,Ver-1.0,,Standard lead seal with wire passing through chassis holes.,,500 to 10000,5g or more,100.0
206,23860,2026-05-08,21/130/2026,CONWEIGH PLUS INSTRUMENTS CO ..,Non-automatic weighing instrument,206.pdf,https://lm.doca.gov.in/ModelApproval/Certificates/2026/206.pdf,DOCA_MODEL_APPROVAL,PDF_TEXT,False,COPTT1,CONWEIGH PLUS,"M/s CONWEIGH PLUS INSTRUMENTS CO., 2401, NAHARGARH",IND/09/26/206,Electronic Table top Weighing Machine,Class I,300g,0.3,kg,100mg,100.0,1 mg,1.0,LCD,EMFC,Standard Strain Gauge,,C3,,U18.0,0970,Sealing is done by passing the sealing wire through the holes provided on the body of  machine. A lead seal is put at the end of the wire for stamping purpose (a typical schematic  diagram of sealing provision to prevent the fraudulent practices of the model is given above  as Figure 2). A dip switch has also been provided in mother board/PCB to disable access to  external calibration.,"shall also cover the weighing instruments of  similar make, accuracy and performance of same series with capacity up to 300g with number  of verification scale interval (n)  50000 or more for ‘e’ value of 1mg or more with ‘e’ value  of 1x10k, 2x10k or  5x10k, where  k is a positive or negative whole number or equal to zero  manufactured by the same manufacturer in accordance with the same principle, design and  with the same materials with which, the said approved model has been manufactured.",500 to 10000,1mg or more with ‘e’ value,100.0
207,24038,2026-05-11,I-21/133/2026-W&M Section,MAHARAJA SCALE,Non-automatic weighing instrument,207.pdf,https://lm.doca.gov.in/ModelApproval/Certificates/2026/207.pdf,DOCA_MODEL_APPROVAL,PDF_TEXT,False,MSPF-III,MAHARAJA SCALE,"M/s, Maharaja Scale, Shop No.7",IND/09/26/207,Electronic Platform type weighing instrument,Class III,300kg,300.0,kg,1kg,1.0,50g,50.0,LED,Strain Gauge Type Load cell based,based  Load Cell,,C3,,Vr.02005,24A7,Sealing is done by passing the sealing wire through the holes provided on the body of  machine. A lead seal is put at the end of the wire for stamping purpose (a typical schematic  diagram of sealing provision to prevent the fraudulent practices of the model is given above  as Figure 2). A dip switch has also been provided in mother board/PCB to disable access to  external calibration.,"shall also cover the weighing instruments of  similar make, accuracy and performance of same series with capacity above 50kg and up to  5000kg with number of verification scale interval (n)  in the range of 500 to 10000 for ‘e’  value of 5g or more  with ‘e’ value of 1x10k, 2x10k or  5x10k, where  k is a positive or negative  whole number or equal to zero manufactured by the same manufacturer in accordance with  the same principle, design and with the same materials with which, the said approved model",500 to 10000,5g or more  with ‘e’ value of 1x10k,100.0
208,24013,2026-05-12,I-21/101/2026-W&M Section,EXACTURA MEASUREMENT INDIA PRIVATE LIMITED,Measuring Systems for Liquids Other than Water,208.pdf,https://lm.doca.gov.in/ModelApproval/Certificates/2026/208.pdf,DOCA_MODEL_APPROVAL,PDF_TEXT,False,described,EXACTURA,"M/s Smith Meter Inc. 1602 Wagner Ave. Erie PA 16510, United Stated of America",IND/09/26/,Measuring Systems for Liquids Other than Water,0.5,30 kg,30.0,kg,100 g,0.1,5 g,5.0,Digital LED/LCD,Strain Gauge type load cell based,Standard Strain Gauge,,C3,,s,V5-000-1010A-CB-xxxxx.xxx-xxxx,Standard lead seal with wire passing through chassis holes.,,500 to 10000,5g or more,100.0
209,24014,2026-05-12,I-21/101/2026-W&M Section,EXACTURA MEASUREMENT INDIA PRIVATE LIMITED,Measuring Systems for Liquids Other than Water,209.pdf,https://lm.doca.gov.in/ModelApproval/Certificates/2026/209.pdf,DOCA_MODEL_APPROVAL,PDF_TEXT,False,described,EXACTURA,"M/s Smith Meter Inc. 1602 Wagner Ave. Erie PA 16510, United Stated of America",IND/09/26/,Measuring Systems for Liquids Other than Water,0.3;0.5 and 1.0,30 kg,30.0,kg,100 g,0.1,5 g,5.0,Digital LED/LCD,Strain Gauge type load cell based,Standard Strain Gauge,,C3,,s,CAN-ARM-MSC,Standard lead seal with wire passing through chassis holes.,,500 to 10000,5g or more,100.0
210,24015,2026-05-12,I-21/101/2026-W&M Section,EXACTURA MEASUREMENT INDIA PRIVATE LIMITED,Measuring Systems for Liquids Other than Water,210.pdf,https://lm.doca.gov.in/ModelApproval/Certificates/2026/210.pdf,DOCA_MODEL_APPROVAL,PDF_TEXT,False,described,EXACTURA,"M/s Smith Meter Inc. 1602 Wagner Ave. Erie PA 16510, United Stated of America",IND/09/26/,Measuring Systems for Liquids Other than Water,0.5,30 kg,30.0,kg,100 g,0.1,5 g,5.0,Digital LED/LCD,Strain Gauge type load cell based,Standard Strain Gauge,,C3,,s,CAN-HMI-SSC,Standard lead seal with wire passing through chassis holes.,,500 to 10000,5g or more,100.0
211,24072,2026-05-12,I-21/138/2026-W&M Section,LUCKEY ELECTRONIC WEIGHING SCALE,Non-automatic weighing instrument,211.pdf,https://lm.doca.gov.in/ModelApproval/Certificates/2026/211.pdf,DOCA_MODEL_APPROVAL,PDF_TEXT,False,LDTT,LUCKEY DIGITAL,"M/s LUCKEY ELECTRONIC WEIGHING SCALE,GANESH",IND/09/26/211,Electronic Table Top Weighing Instruments,Class II,30kg,30.0,kg,100g,0.1,2g,2.0,LED,Strain Gauge Type Load cell based,based  Load Cell,,C3,,d2.1.hex,89e1b2f7cod95e6f3b7c3d2fqa1eob5c4d6a7b8c9doe1f2a,Sealing is done by passing the sealing wire through the holes provided on the body of  machine. A lead seal is put at the end of the wire for stamping purpose (a typical schematic  diagram of sealing provision to prevent the fraudulent practices of the model is given above  as Figure 2). A dip switch has also been provided in mother board/PCB to disable access to  external calibration.,"shall also cover the weighing instruments of  similar make, accuracy and performance of same series with capacity up to 50kg with number  of verification scale interval (n)  in the range of 5000 to 60000 for ‘e’ value of 100mg or more  and with number of verification scale interval (n) in the range of 100 to 60000 for ‘e’ value  of 1mg to 50mg with ‘e’ value of 1x10k, 2x10k or  5x10k, where  k is a positive or negative  whole number or equal to zero manufactured by the same manufacturer in accordance with",5000 to 60000,100mg or more,100.0
212,24073,2026-05-12,I-21/138/2026-W&M Section,LUCKEY ELECTRONIC WEIGHING SCALE,Non-automatic weighing instrument,212.pdf,https://lm.doca.gov.in/ModelApproval/Certificates/2026/212.pdf,DOCA_MODEL_APPROVAL,PDF_TEXT,False,LDPF,LUCKEY DIGITAL,"M/s LUCKEY ELECTRONIC WEIGHING SCALE, GANESH",IND/09/26/,Electronic Platform weighing Machine,Class III,300kg,300.0,kg,1kg,1.0,50g,50.0,LED,Strain Gauge Type Load cell based,based  Load Cell,,C3,,"d2.1.hex,",89e1b2f7cod95e6f3b7c3d2fqa1eob5c4d6a7b8c9doe1f2a,Sealing is done by passing the sealing wire through the holes provided on the body of  machine. A lead seal is put at the end of the wire for stamping purpose (a typical schematic  diagram of sealing provision to prevent the fraudulent practices of the model is given above  as Figure 2). A dip switch has also been provided in mother board/PCB to disable access to  external calibration.,"shall also cover the weighing instruments of  similar make, accuracy and performance of same series with capacity above 50kg and up to  5000kg with number of verification scale interval (n)  in the range of 500 to 10000 for ‘e’  value of 5g or more  with ‘e’ value of 1x10k, 2x10k or  5x10k, where  k is a positive or negative  whole number or equal to zero manufactured by the same manufacturer in accordance with  the same principle, design and with the same materials with which, the said approved model",500 to 10000,5g or more  with ‘e’ value of 1x10k,100.0
213,23990,2026-05-13,I-21/113/2026-W&M Section,"WEIGHING SCALES AND WEIGH BRIDGES MANUFACTURING,SALES,SERVICE",Non-automatic weighing instrument,213.pdf,https://lm.doca.gov.in/ModelApproval/Certificates/2026/213.pdf,DOCA_MODEL_APPROVAL,PDF_TEXT,False,MICROTEL-TT,MICROTELWSS,"M/s MICROTEL WEIGHING SYSTEMS, NO.403/3, 
BHARATHIAR STREET",IND/09/26/213,Electronic Table top Scale (Multi Interval),Class III,10/30kg,30.0,kg,20g,0.02,1/5g,5.0,LED,Strain gauge type load cell based,based  Load Cell,,C3,,v1.5.0.hex,e24a8d3c12b7f5a89e1b22f7c0d95e6f3b7c3d2f9ale0b5c4d6,Sealing is done by passing the sealing wire through the holes provided on the body of  machine. A lead seal is put at the end of the wire for stamping purpose (a typical schematic  diagram of sealing provision to prevent the fraudulent practices of the model is given above  as Figure 2). A dip switch has also been provided in mother board/PCB to disable access to  external calibration.,"shall also cover the weighing instruments of  similar make, accuracy and performance of same series with capacity up to 50kg with number  of verification scale interval (n)  in the range of 500 to 10000 for ‘e’ value of 5g or more and  with number of verification scale interval (n) in the range of 100 to 10000 for ‘e’ value of  100mg to 2g with ‘e’ value of 1x10k, 2x10k or  5x10k, where  k is a positive or negative whole  number or equal to zero manufactured by the same manufacturer in accordance with the same",500 to 10000,5g or more and,100.0
214,23992,2026-05-13,I-21/113/2026-W&M Section,"WEIGHING SCALES AND WEIGH BRIDGES MANUFACTURING,SALES,SERVICE",Non-automatic weighing instrument,214.pdf,https://lm.doca.gov.in/ModelApproval/Certificates/2026/214.pdf,DOCA_MODEL_APPROVAL,PDF_TEXT,False,MICROTEL-PS,MICROTELWSS,"M/s MICROTEL WEIGHING SYSTEMS,NO.403/3, 
BHARATHIAR STREET",IND/09/26/214,Electronic Platform (Multi Interval) Type,Class III,100/200kg,200.0,kg,200g,0.2,10/20g,20.0,LED,Strain gauge type load cell based,based  Load Cell,,C3,,v1.5.0.hex,e24a8d3c12b7f5a89e1b22f7c0d95e6f3b7c3d2f9ale0b5c4d6,Sealing is done by passing the sealing wire through the holes provided on the body of  machine. A lead seal is put at the end of the wire for stamping purpose (a typical schematic  diagram of sealing provision to prevent the fraudulent practices of the model is given above  as Figure 2). A dip switch has also been provided in mother board/PCB to disable access to  external calibration.,"shall also cover the weighing instruments of  similar make, accuracy and performance of same series with capacity above 50kg and up to  5000kg with number of verification scale interval (n)  in the range of 500 to 10000 for ‘e’  value of 5g or more  with ‘e’ value of 1x10k, 2x10k or  5x10k, where  k is a positive or negative  whole number or equal to zero manufactured by the same manufacturer in accordance with  the same principle, design and with the same materials with which, the said approved model",500 to 10000,5g or more  with ‘e’ value of 1x10k,100.0
215,23627,2026-05-13,I-21/137/2026-W&M Section,APOLO SCALE INDUSTRIES PRIVATE LIMITED,Any other Weight or Measure,215.pdf,https://lm.doca.gov.in/ModelApproval/Certificates/2026/215.pdf,DOCA_MODEL_APPROVAL,PDF_TEXT,False,ASMS,APOLO SCALES,"M/s Apolo Scale 
Industries Private Limited , 13, Radhe Nagar",IND/09/26/,Any other Weight or Measure,Class II,30 kg,30.0,kg,100 g,0.1,5 g,5.0,Digital LED/LCD,Strain Gauge type load cell based,Standard Strain Gauge,,C3,,Ver-1.0,,Standard lead seal with wire passing through chassis holes.,,500 to 10000,5g or more,100.0
216,23628,2026-05-13,I-21/137/2026-W&M Section,APOLO SCALE INDUSTRIES PRIVATE LIMITED,Any other Weight or Measure,216.pdf,https://lm.doca.gov.in/ModelApproval/Certificates/2026/216.pdf,DOCA_MODEL_APPROVAL,PDF_TEXT,False,ASMI,APOLO SCALES,"M/s Apolo Scale 
Industries Private Limited , 13, Radhe Nagar",IND/09/26/216,Any other Weight or Measure,Class III,30 kg,30.0,kg,100 g,0.1,5 g,5.0,Digital LED/LCD,Strain Gauge type load cell based,Standard Strain Gauge,,C3,,Ver-1.0,,Standard lead seal with wire passing through chassis holes.,,500 to 10000,5g or more,100.0
217,23963,2026-05-13,I-21/115/2026-W&M Section,SHREE BALAJI ENTERPRISES,Non-automatic weighing instrument,217.pdf,https://lm.doca.gov.in/ModelApproval/Certificates/2026/217.pdf,DOCA_MODEL_APPROVAL,PDF_TEXT,False,SB-CH,LGAPEX NEO,"M/s. SHREE BALAJI ENTERPRISES, Beside Navodaya IAS Academy, 
Sarvodaya College Back Gate",IND/09/26/217,Platform type,Class III,300kg,300.0,kg,1kg,1.0,50g,50.0,LED,Strain Gauge type load cell based,based  Load Cell,,C3,,BU-6.3,2BC5,Sealing is done by passing the sealing wire through the holes provided on the body of  machine. A lead seal is put at the end of the wire for stamping purpose (sealing diagram and  photograph to prevent the fraudulent practices of the model is given above as Figure 2). A dip  switch has also been provided in mother board/PCB to disable access to external calibration.,"shall also cover the weighing instruments of  similar make, accuracy and performance of same series with capacity above 50kg and up to  1000kg with number of verification scale interval (n)  in the range of 500 to 10000 for ‘e’  value of 5g or more with ‘e’ value of 1x10k, 2x10k or  5x10k, where  k is a positive or negative  whole number or equal to zero manufactured by the same manufacturer in accordance with  the same principle, design and with the same materials with which, the said approved model",500 to 10000,5g or more with ‘e’ value of 1x10k,100.0
218,23964,2026-05-13,I-21/115/2026-W&M Section,SHREE BALAJI ENTERPRISES,Non-automatic weighing instrument,218.pdf,https://lm.doca.gov.in/ModelApproval/Certificates/2026/218.pdf,DOCA_MODEL_APPROVAL,PDF_TEXT,False,BS-PF,LGAPEX NEO,"M/s. SHREE BALAJI ENTERPRISES, Beside Navodaya IAS Academy, 
Sarvodaya College Back Gate",IND/09/26/218,Platform type,Class III,1000kg,1000.0,kg,4kg,4.0,200g,200.0,LED,Strain Gauge type load cell based,based  Load Cell,,C3,,Bu-6.3,2BC5,Sealing is done by passing the sealing wire through the holes provided on the body of  machine. A lead seal is put at the end of the wire for stamping purpose (sealing diagram and  photograph to prevent the fraudulent practices of the model is given above as Figure 2). A dip  switch has also been provided in mother board/PCB to disable access to external calibration.,"shall also cover the weighing instruments of  similar make, accuracy and performance of same series with capacity above 50kg and up to  5000kg with number of verification scale interval (n)  in the range of 500 to 10000 for ‘e’  value of 5g or more with ‘e’ value of 1x10k, 2x10k or  5x10k, where  k is a positive or negative  whole number or equal to zero manufactured by the same manufacturer in accordance with  the same principle, design and with the same materials with which, the said approved model",500 to 10000,5g or more with ‘e’ value of 1x10k,100.0
219,23792,2026-05-13,I-21/131/2026-W&M Section,VISION WORLDTECH PRIVATE LIMITED,Water Meter,219.pdf,https://lm.doca.gov.in/ModelApproval/Certificates/2026/219.pdf,DOCA_MODEL_APPROVAL,PDF_TEXT,False,VIFLOW-UFM-013,VISION WORLDTECH,"M/s Vision World Tech Private Limited, A-15, Jai",IND/09/26/,Water Meter,Class 2,30 kg,30.0,kg,100 g,0.1,0.001m3,3.0,LCD,Strain Gauge type load cell based,Standard Strain Gauge,,C3,,V1.2.2,80a9776341a023b44c3da7cafa5d4407aab3dd872a21512915e419,Standard lead seal with wire passing through chassis holes.,,500 to 10000,5g or more,100.0
220,24101,2026-05-14,I-21/143/2026-W&M Section,BARON HEALTH PRIVATE LIMITED,Non-automatic weighing instrument,220.pdf,https://lm.doca.gov.in/ModelApproval/Certificates/2026/220.pdf,DOCA_MODEL_APPROVAL,PDF_TEXT,False,BHW,Curonix,"M/s Baron Health Private Limited, Plot no. 230 , Ground Floor",IND/09/26/220,Person Weighing Scale,Class III,180kg,180.0,kg,1kg,1.0,50g,50.0,LCD,Strain Gauge Type of  load cell,"Load Cell  Make -OM-50, Class -C3, Cap",,C3,200 kg,V1.0,A2B4,Sealing is done by passing the sealing wire through the holes provided on the body of  machine. A lead seal is put at the end of the wire for stamping purpose (a typical schematic  diagram of sealing provision to prevent the fraudulent practices of the model is given above  as Figure 2). A dip switch has also been provided in mother board/PCB to disable access to  external calibration.,"shall also cover the weighing instruments of  similar make, accuracy and performance of same series with capacity upto 200kg with  number of verification scale interval (n)  in the range of 500 to 10000 for ‘e’ value of 5g or  more  with ‘e’ value of 1x10k, 2x10k or  5x10k, where  k is a positive or negative whole  number or equal to zero manufactured by the same manufacturer in accordance with the same  principle, design and with the same materials with which, the said approved model has been",500 to 10000,5g or,100.0
221,24052,2026-05-14,I-21/142/2026-W&M Section,OMACE BRANDS PRIVATE LIMITED,Non-automatic weighing instrument,221.pdf,https://lm.doca.gov.in/ModelApproval/Certificates/2026/221.pdf,DOCA_MODEL_APPROVAL,PDF_TEXT,False,FTSCO1,Fitelo,"M/s  Omace Brands  Pvt. Ltd. , S N  107, New Aatish Market",IND/09/26/221,Person Weighing Scale,Class III,180kg,180.0,kg,1kg,1.0,50g,50.0,LCD,Strain Gauge Type of  load cell,"Load Cell  Make - OM-50, Class -C3, Max.",,C3,200kg,V1.0,A2B4,Sealing is done by passing the sealing wire through the holes provided on the body of  machine. A lead seal is put at the end of the wire for stamping purpose (a typical schematic  diagram of sealing provision to prevent the fraudulent practices of the model is given above  as Figure 2). A dip switch has also been provided in mother board/PCB to disable access to  external calibration.,"shall also cover the weighing instruments of  similar make, accuracy and performance of same series with capacity up to 200kg with  number of verification scale interval (n)  in the range of 500 to 10000 for ‘e’ value of 5g or  more with ‘e’ value of 1x10k, 2x10k or  5x10k, where  k is a positive or negative whole number  or equal to zero manufactured by the same manufacturer in accordance with the same  principle, design and with the same materials with which, the said approved model has been",500 to 10000,5g or,100.0
222,24039,2026-05-14,I-21/139/2026-W&M Section,CONCEPTRENEUR VENTURES PRIVATE LIMITED,Sphygmomanometer (Blood Pressure Meter),222.pdf,https://lm.doca.gov.in/ModelApproval/Certificates/2026/222.pdf,DOCA_MODEL_APPROVAL,PDF_TEXT,False,AP-1500T,Apollo Pharmacy,"M/s Conceptreneur Ventures Private Limited, 
114/3a, Bela Plot",IND/09/26/222,Sphygmomanometer (Blood Pressure Meter),Class III,30 kg,30.0,kg,100 g,0.1,1mmHg. A LCD display indicates the results of the measurement and the instrument,1.0,indicates the results of the measurement and the instrument,Strain Gauge type load cell based,Standard Strain Gauge,,C3,,of the model is V1.2.0.zip,is C62e52db23db72bf9b8fa98cf156c949.,Standard lead seal with wire passing through chassis holes.,,500 to 10000,5g or more,100.0
223,23847,2026-05-14,I-21/125/2026-W&M Section,MODERN SCALE COMPANY,Non-automatic weighing instrument,223.pdf,https://lm.doca.gov.in/ModelApproval/Certificates/2026/223.pdf,DOCA_MODEL_APPROVAL,PDF_TEXT,False,MTT1,Modern Panasonic,"the same manufacturer in accordance with 
the same principle, design and with the same materials with which, the said approved model",IND/09/26/223,Table Top type,Class II,30kg,30.0,kg,100g,0.1,2g,2.0,LED,Strain Gauge Type Load Cell based.,based.  Load Cell,,C3,,VER 2.4,b02f569a12a3ea0b4b45yr7hfu78gdtg67,Sealing is done by passing the sealing wire through the holes provided on the body of  machine. A lead seal is put at the end of the wire for stamping purpose (a typical schematic  diagram of sealing provision to prevent the fraudulent practices of the model is given above  as Figure 2). A dip switch has also been provided in mother board/PCB to disable access to  external calibration.,"shall also cover the weighing instruments of  similar make, accuracy and performance of same series with capacity up to 50kg with number  of verification scale interval (n)  in the range of 5000 to 60000 for ‘e’ value of 100mg or more  and with number of verification scale interval (n) in the range of 100 to 60000 for ‘e’ value  of 1mg to 50mg with ‘e’ value of 1x10k, 2x10k or  5x10k, where  k is a positive or negative  whole number or equal to zero manufactured by the same manufacturer in accordance with",5000 to 60000,100mg or more,100.0
224,23896,2026-05-14,I-21/144/2026-W&M Section,H. ENTERPRISES,Non-automatic weighing instrument,224.pdf,https://lm.doca.gov.in/ModelApproval/Certificates/2026/224.pdf,DOCA_MODEL_APPROVAL,PDF_TEXT,False,HE,HANSON,"M/s. H. ENTERPRISES, 231 A2, SHAH ANDNAHAR",IND/09/26/,Multi interval Table top Type,Class III,15/30kg,30.0,kg,40g,0.04,2g/5g,5.0,LED,Strain Gauge type load cell based,based   Load Cell,,C3,,Tdn12.P,9e1b2f76a7b8c9d0e1f2a3c0d95e6f3b7c3d2e24a8d,Sealing is done by passing the sealing wire through the holes provided on the body of  machine. A lead seal is put at the end of the wire for stamping purpose (a typical schematic  diagram of sealing provision to prevent the fraudulent practices of the model is given above  as Figure 2). A dip switch has also been provided in mother board/PCB to disable access to  external calibration.,"shall also cover the weighing instruments of  similar make, accuracy and performance of same series with capacity up to 50kg with number  of verification scale interval (n)  in the range of 500 to 10000 for ‘e’ value of 5g or more and  with number of verification scale interval (n) in the range of 100 to 10000 for ‘e’ value of  100mg to 2g with ‘e’ value of 1x10k, 2x10k or  5x10k, where  k is a positive or negative whole  number or equal to zero manufactured by the same manufacturer in accordance with the same",500 to 10000,5g or more and,100.0
225,24089,2026-05-15,I-21/147/2026-W&M Section,"M/S, R.K. WEIGHING COMPANY,",Non-automatic weighing instrument,225.pdf,https://lm.doca.gov.in/ModelApproval/Certificates/2026/225.pdf,DOCA_MODEL_APPROVAL,PDF_TEXT,False,SMT-III,SMRAT,"M/s, R. K WEIGHING COMPANY, 21A",IND/09/26/225,Table top-Multi interval type,Class III,10/20/30kg,30.0,kg,20g,0.02,1g/2g/5g,5.0,LED,Strain Gauge type  load cell based,based   Load Cell,,C3,,Vr.02005,24A7,Sealing is done by passing the sealing wire through the holes provided on the body of  machine. A lead seal is put at the end of the wire for stamping purpose (a typical schematic  diagram of sealing provision to prevent the fraudulent practices of the model is given above  as Figure 2). A dip switch has also been provided in mother board/PCB to disable access to  external calibration.,"shall also cover the weighing instruments of  similar make, accuracy and performance of same series with capacity up to 50kg with number  of verification scale interval (n)  in the range of 500 to 10000 for ‘e’ value of 5g or more and  with number of verification scale interval (n) in the range of 100 to 10000 for ‘e’ value of  100mg to 2g with ‘e’ value of 1x10k, 2x10k or  5x10k, where  k is a positive or negative whole  number or equal to zero manufactured by the same manufacturer in accordance with the same",500 to 10000,5g or more and,100.0
226,24033,2026-05-18,I-21/128/2026-W&M Section,SHRI LAKSHMI VENKATESWARA WEIGHING SCALES,Non-automatic weighing instrument,226.pdf,https://lm.doca.gov.in/ModelApproval/Certificates/2026/226.pdf,DOCA_MODEL_APPROVAL,PDF_TEXT,False,Mirai WJW,MIRAI WEIGHTECH,"M/s  Shri Lakshmi Venkateswara Weighing Scales, D. NO. 17",IND/09/26/226,Electronic Table top Weighing Instruments,Class I,2200g,2.2,kg,1000mg,1000.0,10mg,10.0,LCD,EMFC,Standard Strain Gauge,,C3,,V1.0,A7f3c92d,Sealing is done by passing the sealing wire through the holes provided on the body of  machine. A lead seal is put at the end of the wire for stamping purpose (a typical schematic  diagram of sealing provision to prevent the fraudulent practices of the model is given above  as Figure 2). A dip switch has also been provided in mother board/PCB to disable access to  external calibration.,"shall also cover the weighing instruments of  similar make, accuracy and performance of same series with capacity up to 20kg with number  of verification scale interval (n)  50000 or more for ‘e’ value of 1mg or more with ‘e’ value  of 1x10k, 2x10k or  5x10k, where  k is a positive or negative whole number or equal to zero  manufactured by the same manufacturer in accordance with the same principle, design and  with the same materials with which, the said approved model has been manufactured.",500 to 10000,1mg or more with ‘e’ value,100.0
227,24034,2026-05-18,I-21/128/2026-W&M Section,SHRI LAKSHMI VENKATESWARA WEIGHING SCALES,Non-automatic weighing instrument,227.pdf,https://lm.doca.gov.in/ModelApproval/Certificates/2026/227.pdf,DOCA_MODEL_APPROVAL,PDF_TEXT,False,Mirai WJWM,MIRAI WEIGHTECH,"M/s  Shri Lakshmi Venkateswara Weighing Scales, D.NO. 17",IND/09/26/227,Electronic Table top Weighing Scale,Class II,5 kg,5.0,kg,5 g,0.005,100 mg,100.0,LED,Strain Gauge Load cell Based,Based  Load Cell,,C3,,V1.1,F435af,Sealing is done by passing the sealing wire through the holes provided on the body of  machine. A lead seal is put at the end of the wire for stamping purpose (a typical schematic  diagram of sealing provision to prevent the fraudulent practices of the model is given above  as Figure 2). A dip switch has also been provided in mother board/PCB to disable access to  external calibration.,"shall also cover the weighing instruments of  similar make, accuracy and performance of same series with capacity up to 50kg with number  of verification scale interval (n)  in the range of 5000 to 60000 for ‘e’ value of 100mg or more  and with number of verification scale interval (n) in the range of 100 to 60000 for ‘e’ value  of 1mg to 50mg with ‘e’ value of 1x10k, 2x10k or  5x10k, where  k is a positive or negative  whole number or equal to zero manufactured by the same manufacturer in accordance with",5000 to 60000,100mg or more,100.0
228,24035,2026-05-18,I-21/128/2026-W&M Section,SHRI LAKSHMI VENKATESWARA WEIGHING SCALES,Non-automatic weighing instrument,228.pdf,https://lm.doca.gov.in/ModelApproval/Certificates/2026/228.pdf,DOCA_MODEL_APPROVAL,PDF_TEXT,False,Mirai WTT,MIRAI WEIGHTECH,"M/s  Shri Lakshmi Venkateswara Weighing Scales,D.NO. 17-860-2, Near Gold",IND/09/26/228,Electronic Table top Weighing Scale,Class III,30 kg,30.0,kg,100 g,0.1,5 g,5.0,LED,Strain Gauge Load cell Based,Based  Load Cell,,C3,,V1.0,5f79da,Sealing is done by passing the sealing wire through the holes provided on the body of  machine. A lead seal is put at the end of the wire for stamping purpose (a typical schematic  diagram of sealing provision to prevent the fraudulent practices of the model is given above as  Figure 2). A dip switch has also been provided in mother board/PCB to disable access to external  calibration.,"shall also cover the weighing instruments of similar make, accuracy  and performance of same series with capacity up to 50kg with number of verification scale  interval (n)  in the range of 500 to 10000 for ‘e’ value of 5g or more and with number of  verification scale interval (n) in the range of 100 to 10000 for ‘e’ value of 100mg to 2g with ‘e’  value of 1x10k, 2x10k or  5x10k, where  k is a positive or negative whole number or equal to zero  manufactured by the same manufacturer in accordance with the same principle, design and with",500 to 10000,5g or more and with number of,100.0
229,24036,2026-05-18,I-21/128/2026-W&M Section,SHRI LAKSHMI VENKATESWARA WEIGHING SCALES,Non-automatic weighing instrument,229.pdf,https://lm.doca.gov.in/ModelApproval/Certificates/2026/229.pdf,DOCA_MODEL_APPROVAL,PDF_TEXT,False,Mirai WPF,MIRAI WEIGHTECH,"M/s  Shri Lakshmi Venkateswara Weighing Scales,D.NO. 17",IND/09/26/229,Electronic Table top Weighing Scale,Class III,300 kg,300.0,kg,1000 g,1.0,50 g,50.0,LED,Strain Gauge Load cell Based,Based  Load Cell,,C3,,V1.0,5f79da,Sealing is done by passing the sealing wire through the holes provided on the body of  machine. A lead seal is put at the end of the wire for stamping purpose (a typical schematic  diagram of sealing provision to prevent the fraudulent practices of the model is given above  as Figure 2). A dip switch has also been provided in mother board/PCB to disable access to  external calibration.,"shall also cover the weighing instruments of  similar make, accuracy and performance of same series with capacity above 50kg and up to  5000kg with number of verification scale interval (n)  in the range of 500 to 10000 for ‘e’  value of 5g or more with ‘e’ value of 1x10k, 2x10k or  5x10k, where  k is a positive or negative  whole number or equal to zero manufactured by the same manufacturer in accordance with  the same principle, design and with the same materials with which, the said approved model",500 to 10000,5g or more with ‘e’ value of 1x10k,100.0
230,23795,2026-05-19,I-21/102/2026-W&M Section,Suzuki Electronics,Non-automatic weighing instrument,230.pdf,https://lm.doca.gov.in/ModelApproval/Certificates/2026/230.pdf,DOCA_MODEL_APPROVAL,PDF_TEXT,False,SPS,SUZUKI,"M/s SUZUKI ELECTRONICS, 899/3A, GIDC Makarpura",IND/09/26/230,Electronic Platform Weighing Scale,Class III,300kg,300.0,kg,1kg,1.0,50g,50.0,LED,Strain Gauge Load cell Based,Based  Load Cell,,C3,,H1.01,1A681C,Sealing is done by passing the sealing wire through the holes provided on the body of  machine. A lead seal is put at the end of the wire for stamping purpose (a typical schematic  diagram of sealing provision to prevent the fraudulent practices of the model is given above  as Figure 2). A dip switch has also been provided in mother board/PCB to disable access to  external calibration.,"shall also cover the weighing instruments of  similar make, accuracy and performance of same series with capacity above 50kg and up to  5000kg with number of verification scale interval (n)  in the range of 500 to 10000 for ‘e’  value of 5g or more  with ‘e’ value of 1x10k, 2x10k or  5x10k, where  k is a positive or negative  whole number or equal to zero manufactured by the same manufacturer in accordance with  the same principle, design and with the same materials with which, the said approved model",500 to 10000,5g or more  with ‘e’ value of 1x10k,100.0
231,23965,2026-05-19,I-21/149/2026-W&M Section,BALA TECHNOLOGY,Non-automatic weighing instrument,231.pdf,https://lm.doca.gov.in/ModelApproval/Certificates/2026/231.pdf,DOCA_MODEL_APPROVAL,PDF_TEXT,False,TTJ,BTSUPREME SCALE,"M/s Bala Technology, Vill.- Laudaha, P.O.- Laudaha",IND/09/26/231,Electronic Multi Interval Tabletop type,Class III,10kg/20kg/30kg,30.0,kg,20g,0.02,1g/2g/5g,5.0,LED,Strain Gauge type load cell based,based  Load Cell,,C3,,v1.5.0hex,e24a8d3c12b7f5a89e1b2f7c0d95e6f3b7c3d2f9a1e,Sealing is done by passing the sealing wire through the holes provided on the body of  machine. A lead seal is put at the end of the wire for stamping purpose (a typical schematic  diagram of sealing provision to prevent the fraudulent practices of the model is given above  as Figure 2). A dip switch has also been provided in mother board/PCB to disable access to  external calibration.,,500 to 10000,5g or more and,100.0
232,23966,2026-05-19,I-21/149/2026-W&M Section,BALA TECHNOLOGY,Non-automatic weighing instrument,232.pdf,https://lm.doca.gov.in/ModelApproval/Certificates/2026/232.pdf,DOCA_MODEL_APPROVAL,PDF_TEXT,False,PFJ,BTSUPREME SCALE,"M/s Bala Technology, Vill.- Laudaha, P.O.- Laudaha",IND/09/26/232,Electronic Multi Interval Platform scale,Class III,100kg/200kg/300kg,300.0,kg,200g,0.2,10g/20g/50g,50.0,LED,Strain Gauge type load cell based,based  Load Cell,,C3,,v1.5.0hex,e24a8d3c12b7f5a89e1b2f7c0d95e6f3b7c3d2f,Sealing is done by passing the sealing wire through the holes provided on the body of  machine. A lead seal is put at the end of the wire for stamping purpose (a typical schematic  diagram of sealing provision to prevent the fraudulent practices of the model is given above  as Figure 2). A dip switch has also been provided in mother board/PCB to disable access to  external calibration.,"shall also cover the weighing instruments of  similar make, accuracy and performance of same series with capacity above 50kg and up to  5000kg with number of verification scale interval (n)  in the range of 500 to 10000 for ‘e’  value of 5g or more with ‘e’ value of 1x10k, 2x10k or  5x10k, where  k is a positive or negative  whole number or equal to zero manufactured by the same manufacturer in accordance with  the same principle, design and with the same materials with which, the said approved model",500 to 10000,5g or more with ‘e’ value of 1x10k,100.0
233,23983,2026-05-20,I-21/148/2026-W&M Section,MAHARAJA SCALE,Non-automatic weighing instrument,233.pdf,https://lm.doca.gov.in/ModelApproval/Certificates/2026/233.pdf,DOCA_MODEL_APPROVAL,PDF_TEXT,False,MSWB-III,MAHARAJA SCALE,"M/s Maharaja Scale, Shop No.7, Famous Complex",IND/09/26/233,Electronic Weighbridge,Class III,40000kg,40000.0,kg,200kg,200.0,10kg,10000.0,One LED display for Weight Indication and One LCD,Strain Gauge type load cell,"Load Cell  Make/Manufacturer: Appalto, M",ACB-D30,C3,acity,v1.0.0,e561468cd91caaa79a6a013c181fffe77931619814dbaaf4a,Sealing is done by passing the sealing wire through the holes provided on the body of  machine. A lead seal is put at the end of the wire for stamping purpose (a typical schematic  diagram of sealing provision to prevent the fraudulent practices of the model is given above  as Figure 2). A dip switch has also been provided in mother board/PCB to disable access to  external calibration.,"shall also cover the weighing instruments of  similar make, accuracy and performance of same series with capacity above 5t and up to 150t  with number of verification scale interval (n)  in the range of 500 to 10000 for ‘e’ value of 5g  or more  with ‘e’ value of 1x10k, 2x10k or  5x10k, where  k is a positive or negative whole  number or equal to zero manufactured by the same manufacturer in accordance with the same  principle, design and with the same materials with which, the said approved model has been",500 to 10000,5g,100.0
234,23953,2026-05-20,I-21/110/2026-W&M Section,WEIGHING INDIA CORPORATION,Non-automatic weighing instrument,234.pdf,https://lm.doca.gov.in/ModelApproval/Certificates/2026/234.pdf,DOCA_MODEL_APPROVAL,PDF_TEXT,False,WICWB,WIC,"the same manufacturer in accordance with the same 
principle, design and with the same materials with which, the said approved model has been",IND/09/26/234,Electronic Weighbridge Type,Class III,40t,40.0,tonne,200kg,200.0,10kg,10000.0,One LED display for Weight indication and One,Strain Gauge type load cell based,based  Load Cell,,C3,,d2.1.hex,89e1b2f7cod95e6f3b7c3d2fqa1eob5cd6a7b8c9doe,Sealing is done by passing the sealing wire through the holes provided on the body of  machine. A lead seal is put at the end of the wire for stamping purpose (a typical schematic  diagram of sealing provision to prevent the fraudulent practices of the model is given above  as Figure 2). A dip switch has also been provided in mother board/PCB to disable access to  external calibration.,"shall also cover the weighing instruments of  similar make, accuracy and performance of same series with capacity above 5t and up to 150t  with number of verification scale interval (n)  in the range of 500 to 10000 for ‘e’ value of 5g  or more with ‘e’ value of 1x10k, 2x10k or  5x10k, where  k is a positive or negative whole  number or equal to zero manufactured by the same manufacturer in accordance with the same  principle, design and with the same materials with which, the said approved model has been",500 to 10000,5g,100.0
235,23991,2026-05-20,I-21/113/2026-W&M Section,"WEIGHING SCALES AND WEIGH BRIDGES MANUFACTURING,SALES,SERVICE",Non-automatic weighing instrument,235.pdf,https://lm.doca.gov.in/ModelApproval/Certificates/2026/235.pdf,DOCA_MODEL_APPROVAL,PDF_TEXT,False,MICROTEL-WB,MICROTELWSS,"M/s MICROTEL WEIGHING SYSTEMS, NO.403/3, 
BHARATHIAR STREET",IND/09/26/235,Electronic Weighbridge,Class III,40000kg,40000.0,kg,200kg,200.0,10kg,10000.0,One LED display for Weight Indication and One LCD,Strain Gauge type load cell,Load Cell  Make – MICROTELWSS  Model:- M,MTL-D,C3,,v1.0.0.hex,e561468cd91caaa79a6a013c181fffe77931619814dbaaf4a,Sealing is done by passing the sealing wire through the holes provided on the body of  machine. A lead seal is put at the end of the wire for stamping purpose (a typical schematic  diagram of sealing provision to prevent the fraudulent practices of the model is given above  as Figure 2). A dip switch has also been provided in mother board/PCB to disable access to  external calibration.,"shall also cover the weighing instruments of  similar make, accuracy and performance of same series with capacity above 5t and up to 150t  with number of verification scale interval (n)  in the range of 500 to 10000 for ‘e’ value of 5g  or more  with ‘e’ value of 1x10k, 2x10k or  5x10k, where  k is a positive or negative whole  number or equal to zero manufactured by the same manufacturer in accordance with the same  principle, design and with the same materials with which, the said approved model has been",500 to 10000,5g,100.0
236,23401,2026-05-21,I-21/124/2026-W&M Section,SHREE KRISHNA ENGINEERING WORKS,Non-automatic weighing instrument,236.pdf,https://lm.doca.gov.in/ModelApproval/Certificates/2026/236.pdf,DOCA_MODEL_APPROVAL,PDF_TEXT,False,SK,ASIO,"the same manufacturer in accordance with the same 
principle, design and with the same materials with which, the said approved model has been",IND/09/26/,Multi Interval Electronic Weighbridge type,Class III,30000kg/50000 kg,50000.0,kg,100kg,100.0,5kg/10kg,5000.0,LED display for Weight indication and One LCD,Strain Gauge type load cell based,based  Load Cell,,C3,,3.35,D300,Sealing is done by passing the sealing wire through the holes provided on the body of  machine. A lead seal is put at the end of the wire for stamping purpose (a typical schematic  diagram of sealing provision to prevent the fraudulent practices of the model is given above  as Figure 2). A dip switch has also been provided in mother board/PCB to disable access to  external calibration.,"shall also cover the weighing instruments of  similar make, accuracy and performance of same series with capacity above 5t and up to 150t  with number of verification scale interval (n)  in the range of 500 to 10000 for ‘e’ value of 5g  or more  with ‘e’ value of 1x10k, 2x10k or  5x10k, where  k is a positive or negative whole  number or equal to zero manufactured by the same manufacturer in accordance with the same  principle, design and with the same materials with which, the said approved model has been",500 to 10000,5g,100.0
237,24099,2026-05-21,I-21/150/2026-W&M Section,"M/s, Nirmal Industries",Non-automatic weighing instrument,237.pdf,https://lm.doca.gov.in/ModelApproval/Certificates/2026/237.pdf,DOCA_MODEL_APPROVAL,PDF_TEXT,False,NI-PF-II,ACTIVE,"M/s. Nirmal Industries, Road No. 5, Rani Bazar",IND/09/26/,Electronic Platform type,Class II,300kg,300.0,kg,1000g,1.0,20g,20.0,LED,Strain Gauge type  load cell based,based   Load Cell,,C3,,v1.5.0 hex,e24a8d3c12b7f5a89e1b22f7c0d95e6f3b7c3d2f9a1e0b5c4d,Sealing is done by passing the sealing wire through the holes provided on the body of  machine. A lead seal is put at the end of the wire for stamping purpose (a typical schematic  diagram of sealing provision to prevent the fraudulent practices of the model is given above  as Figure 2). A dip switch has also been provided in mother board/PCB to disable access to  external calibration.,"shall also cover the weighing instruments of  similar make, accuracy and performance of same series with capacity above 50kg and up to  5000kg with number of verification scale interval (n)  in the range of 5000 to 60000 for ‘e’  value of 100mg or more with ‘e’ value of 1x10k, 2x10k or  5x10k, where  k is a positive or  negative whole number or equal to zero manufactured by the same manufacturer in  accordance with the same principle, design and with the same materials with which, the said",5000 to 60000,100mg or more with ‘e’ value of 1x10k,100.0
238,24100,2026-05-21,I-21/150/2026-W&M Section,"M/s, Nirmal Industries",Non-automatic weighing instrument,238.pdf,https://lm.doca.gov.in/ModelApproval/Certificates/2026/238.pdf,DOCA_MODEL_APPROVAL,PDF_TEXT,False,NI-HS-III,ACTIVE,"M/s. Nirmal Industries, Road No. 5, Rani Bazar",IND/09/26/,Electronic Hanging Scale,Class III,500kg,500.0,kg,2 kg,2.0,100g,100.0,LED,Strain Gauge type  load cell based,based   Load Cell,,C3,,v1.5.0 hex,e24a8d3c12b7f5a89e1b22f7c0d95e6f3b7c3d2f9a1e0b5c4d,Sealing is done by passing the sealing wire through the holes provided on the body of  machine. A lead seal is put at the end of the wire for stamping purpose (a typical schematic  diagram of sealing provision to prevent the fraudulent practices of the model is given above  as Figure 2). A dip switch has also been provided in mother board/PCB to disable access to  external calibration.,"shall also cover the weighing instruments of  similar make, accuracy and performance of same series with capacity above 50kg and up to  5000kg with number of verification scale interval (n)  in the range of 500 to 10000 for ‘e’  value of 5g or more  with ‘e’ value of 1x10k, 2x10k or  5x10k, where  k is a positive or negative  whole number or equal to zero manufactured by the same manufacturer in accordance with  the same principle, design and with the same materials with which, the said approved model",500 to 10000,5g or more  with ‘e’ value of 1x10k,100.0
239,24102,2026-05-21,I-21/150/2026-W&M Section,"M/s, Nirmal Industries",Non-automatic weighing instrument,239.pdf,https://lm.doca.gov.in/ModelApproval/Certificates/2026/239.pdf,DOCA_MODEL_APPROVAL,PDF_TEXT,False,NI-TT-I,ACTIVE,"M/s. Nirmal Industries, Road No. 5, Rani Bazar",IND/09/26/,Electronic Tabletop type,Class I,220g,0.22,kg,100mg,100.0,1mg,1.0,LCD,EMFC based.,Standard Strain Gauge,,C3,,220.3,0x232F,Sealing is done by passing the sealing wire through the holes provided on the body of  machine. A lead seal is put at the end of the wire for stamping purpose (a typical schematic  diagram of sealing provision to prevent the fraudulent practices of the model is given above  as Figure 2). A dip switch has also been provided in mother board/PCB to disable access to  external calibration.,"shall also cover the weighing instruments of  similar make, accuracy and performance of same series with capacity up to 10kg with number  of verification scale interval (n)  50000 or more for ‘e’ value of 1mg or more with ‘e’ value  of 1x10k, 2x10k or  5x10k, where  k is a positive or negative whole number or equal to zero  manufactured by the same manufacturer in accordance with the same principle, design and  with the same materials with which, the said approved model has been manufactured.",500 to 10000,1mg or more with ‘e’ value,100.0
240,23954,2026-05-21,I-21/152/2026-W&M Section,SHRI GANESH SALES PLAZA,Non-automatic weighing instrument,240.pdf,https://lm.doca.gov.in/ModelApproval/Certificates/2026/240.pdf,DOCA_MODEL_APPROVAL,PDF_TEXT,False,VNT,VEDSON,"M/s. Shri Ganesh Sales Plaza, Shop-51, Bus Stand",IND/09/26/240,Electronic  Tabletop type,Class III,30kg,30.0,kg,100g,0.1,5g,5.0,LED,Strain Gauge type load cell based,based  Load Cell,,C3,,v1.5.0hex,e24a8d3c12b7f5a89e1b2f7c0d95e6f3b7c3d2f9a1e,Sealing is done by passing the sealing wire through the holes provided on the body of  machine. A lead seal is put at the end of the wire for stamping purpose (a typical schematic  diagram of sealing provision to prevent the fraudulent practices of the model is given above,"shall also cover the weighing instruments of  similar make, accuracy and performance of same series with capacity up to 50kg with number  of verification scale interval (n)  in the range of 500 to 10000 for ‘e’ value of 5g or more and  with number of verification scale interval (n) in the range of 100 to 10000 for ‘e’ value of  100mg to 2g with ‘e’ value of 1x10k, 2x10k or  5x10k, where  k is a positive or negative whole  number or equal to zero manufactured by the same manufacturer in accordance with the same",500 to 10000,5g or more and,100.0
241,23955,2026-05-21,I-21/152/2026-W&M Section,SHRI GANESH SALES PLAZA,Non-automatic weighing instrument,241.pdf,https://lm.doca.gov.in/ModelApproval/Certificates/2026/241.pdf,DOCA_MODEL_APPROVAL,PDF_TEXT,False,VNP,VEDSON,"M/s. Shri Ganesh Sales Plaza, Shop-51, Bus Stand",IND/09/26/241,Electronic  Platform scale,Class III,300kg,300.0,kg,1kg,1.0,50g,50.0,LED,Strain Gauge type load cell based,based  Load Cell,,C3,,v1.5.0hex,e24a8d3c12b7f5a89e1b2f7c0d95e6f3b7c3d2f,Sealing is done by passing the sealing wire through the holes provided on the body of  machine. A lead seal is put at the end of the wire for stamping purpose (a typical schematic  diagram of sealing provision to prevent the fraudulent practices of the model is given above  as Figure 2). A dip switch has also been provided in mother board/PCB to disable access to  external calibration.,"shall also cover the weighing instruments of  similar make, accuracy and performance of same series with capacity above 50kg and up to  5000kg with number of verification scale interval (n)  in the range of 500 to 10000 for ‘e’  value of 5g or more with ‘e’ value of 1x10k, 2x10k or  5x10k, where  k is a positive or negative  whole number or equal to zero manufactured by the same manufacturer in accordance with  the same principle, design and with the same materials with which, the said approved model",500 to 10000,5g or more with ‘e’ value of 1x10k,100.0
242,24065,2026-05-21,I-21/157/2026-W&M Section,AUTOMAT INDUSTRIES PRIVATE LIMITED,Water Meter,242.pdf,https://lm.doca.gov.in/ModelApproval/Certificates/2026/242.pdf,DOCA_MODEL_APPROVAL,PDF_TEXT,False,HT 341,Aquameter,"M/s Automat Industries Private Limited, B-12/1 & B-12/2, 
Site-4",IND/09/26/242,Water Meter,B (hereinafter  referred to as the said model) of series “HT 341” and with,30 kg,30.0,kg,100 g,0.1,5 g,5.0,with 9 No. of digits for,Strain Gauge type load cell based,Standard Strain Gauge,,C3,,Ver-1.0,,Standard lead seal with wire passing through chassis holes.,,500 to 10000,5g or more,100.0
243,24049,2026-05-21,I-21/136/2026-W&M Section,NATIONAL SCALE INDUSTRIES,Non-automatic weighing instrument,243.pdf,https://lm.doca.gov.in/ModelApproval/Certificates/2026/243.pdf,DOCA_MODEL_APPROVAL,PDF_TEXT,False,NSWB,UNITECH+,"M/s NATIONAL SCALES, SHOP NO-12 ROYAL MOSQUE BUILDING, 
NEAR 1 TOWN POLICE",IND/09/26/243,Electronic Weighbridge,Class III,40000 kg,40000.0,kg,200kg,200.0,10kg,10000.0,One LED display for weight indication and,Strain Gauge Type Load cell based,based  Load Cell,,C3,,d2.1.hex,89e1b2f7cod95e6f3b7c3d2fqa1eob5c4d6a7b8c9doe1f2a3,Sealing is done by passing the sealing wire through the holes provided on the body of  machine. A lead seal is put at the end of the wire for stamping purpose (a typical schematic  diagram of sealing provision to prevent the fraudulent practices of the model is given above  as Figure 2). A dip switch has also been provided in mother board/PCB to disable access to  external calibration.,"shall also cover the weighing instruments of  similar make, accuracy and performance of same series with capacity above 5t and up to 150t  with number of verification scale interval (n)  in the range of 500 to 10000 for ‘e’ value of 5g  or more  with ‘e’ value of 1x10k, 2x10k or  5x10k, where  k is a positive or negative whole  number or equal to zero manufactured by the same manufacturer in accordance with the same  principle, design and with the same materials with which, the said approved model has been",500 to 10000,5g,100.0
244,23693,2026-05-21,I-21/123/2026-W&M Section,SUNMAR WEIGHBRIDGE COMPANY,Non-automatic weighing instrument,244.pdf,https://lm.doca.gov.in/ModelApproval/Certificates/2026/244.pdf,DOCA_MODEL_APPROVAL,PDF_TEXT,False,NEUTRON-2010,SUNMAR,"the same manufacturer in accordance with the same 
principle, design and with the same materials with which, the said approved model has been",IND/09/26/244,Electronic Road Weighbridge Type,Class III,40t,40.0,tonne,200kg,200.0,10kg,10000.0,LED display,Strain Gauge type load cell based,based  Load Cell,,C3,,Motherboard_firmware_V1.0.0,e561468cd91caaa79a6a013c181fffe77931619814d,Sealing is done by passing the sealing wire through the holes provided on the body of  machine. A lead seal is put at the end of the wire for stamping purpose (a typical schematic  diagram of sealing provision to prevent the fraudulent practices of the model is given above  as Figure 2). A dip switch has also been provided in mother board/PCB to disable access to  external calibration.,"shall also cover the weighing instruments of  similar make, accuracy and performance of same series with capacity above 5t and up to 150t  with number of verification scale interval (n)  in the range of 500 to 10000 for ‘e’ value of 5g  or more with ‘e’ value of 1x10k, 2x10k or  5x10k, where  k is a positive or negative whole  number or equal to zero manufactured by the same manufacturer in accordance with the same  principle, design and with the same materials with which, the said approved model has been",500 to 10000,5g,100.0
245,23561,2026-05-21,I-21/141/2026-W&M Section,S K ENGINEERING,Non-automatic weighing instrument,245.pdf,https://lm.doca.gov.in/ModelApproval/Certificates/2026/245.pdf,DOCA_MODEL_APPROVAL,PDF_TEXT,False,SK-WB,SK,"M/s  S.K. ENGINEERING, Survey No. 69/002, Shakti Farm",IND/09/26/245,Electronic Road  Weighbridge,Class III,40t,40.0,tonne,200kg,200.0,10kg,10000.0,LED,Strain Gauge  Load cell based,based  Load Cell,,C3,,1.1.0,9e4a4d49d26aa933a9560598e2de3ad9e880863,Sealing is done by passing the sealing wire through the holes provided on the body of  machine. A lead seal is put at the end of the wire for stamping purpose (a typical schematic  diagram of sealing provision to prevent the fraudulent practices of the model is given above  as Figure 2). A dip switch has also been provided in mother board/PCB to disable access to  external calibration.,"shall also cover the weighing instruments of  similar make, accuracy and performance of same series with capacity above 5t and up to 150t  with number of verification scale interval (n)  in the range of 500 to 10000 for ‘e’ value of 5g  or more  with ‘e’ value of 1x10k, 2x10k or  5x10k, where  k is a positive or negative whole  number or equal to zero manufactured by the same manufacturer in accordance with the same  principle, design and with the same materials with which, the said approved model has been",500 to 10000,5g,100.0
246,23669,2026-05-21,I-21/102/2026-W&M Section,Suzuki Electronics,Measuring Systems for Liquids Other than Water,246.pdf,https://lm.doca.gov.in/ModelApproval/Certificates/2026/246.pdf,DOCA_MODEL_APPROVAL,PDF_TEXT,False,SUTW,SUZUKI,"M/s SUZUKI ELECTRONICS, 899/3A, GIDC Makarpura",IND/09/26/246,Electronic Tank Weighing Type,Class III,30t,30.0,tonne,2t,2.0,10kg,10000.0,LED,Strain Gauge Load cell Based,Based  Load Cell,,C3,,H2.01,18AA81,Sealing is done by passing the sealing wire through the holes provided on the body of  machine. A lead seal is put at the end of the wire for stamping purpose (a typical schematic  diagram of sealing provision to prevent the fraudulent practices of the model is given above  as Figure 2). A dip switch has also been provided in mother board/PCB to disable access to  external calibration.,"shall also cover the weighing instruments of  similar make, accuracy and performance of same series with capacity above 5t and up to 100t  with number of verification scale interval (n)  in the range of 500 to 10000 for ‘e’ value of 5g  or more  with ‘e’ value of 1x10k, 2x10k or  5x10k, where  k is a positive or negative whole  number or equal to zero manufactured by the same manufacturer in accordance with the same  principle, design and with the same materials with which, the said approved model has been",500 to 10000,5g,100.0
247,24105,2026-05-22,I-21/155/2026-W&M Section,GEETA METALS AND SUPPLY CO.,Non-automatic weighing instrument,247.pdf,https://lm.doca.gov.in/ModelApproval/Certificates/2026/247.pdf,DOCA_MODEL_APPROVAL,PDF_TEXT,False,SIP ABS,SIPTECH,"M/s GEETA METALS AND SUPPLY CO., BAZAR TAND, UPPER",IND/09/26/247,Electronic Platform Weighing Machine,Class III,300 kg,300.0,kg,1kg,1.0,50 g,50.0,LED,Strain Gauge Type of Load Cell,RUDRRA SENSOR,RSL 642,C3,acity,MBD_BOARD_REV1.bin,9b1bla2ad1c45ca9e4ac95143adc36c608e430a59b10,Sealing is done by passing the sealing wire through the holes provided on the body of  machine. A lead seal is put at the end of the wire for stamping purpose (a typical schematic  diagram of sealing provision to prevent the fraudulent practices of the model is given above  as Figure 2). A dip switch has also been provided in mother board/PCB to disable access to  external calibration.,"shall also cover the weighing instruments of  similar make, accuracy and performance of same series with capacity above 50kg and up to  5000kg with number of verification scale interval (n)  in the range of 500 to 10000 for ‘e’  value of 5g or more  with ‘e’ value of 1x10k, 2x10k or  5x10k, where  k is a positive or negative  whole number or equal to zero manufactured by the same manufacturer in accordance with  the same principle, design and with the same materials with which, the said approved model",500 to 10000,5g or more  with ‘e’ value of 1x10k,100.0
248,23888,2026-05-25,21/146/2026,SPAN TECHNOLOGIES,Any other Weight or Measure,248.pdf,https://lm.doca.gov.in/ModelApproval/Certificates/2026/248.pdf,DOCA_MODEL_APPROVAL,PDF_TEXT,False,SSW4,SPAN,"M/s SPAN TECHNOLOGIES, 129, ENGINEERING PARK",IND/09/26/248,Electronics Crane Scale,Class III,10000kg,10000.0,kg,100kg,100.0,5kg,5000.0,Seven Segment Light Emitting Diode (LED),Strain Gauge type of load cell based,based   Load Cell,,C3,,V1.0.0,F3346106C9571B6707,Sealing is done by passing the sealing wire through the holes provided on the body of  machine. A lead seal is put at the end of the wire for stamping purpose (a typical schematic  diagram of sealing provision to prevent the fraudulent practices of the model is given above  as Figure 2). A dip switch has also been provided in mother board/PCB to disable access to  external calibration.,"shall also cover the weighing instruments of  similar make, accuracy and performance of same series with capacity above 5t and up to 30t  with number of verification scale interval (n)  in the range of 500 to 10000 for ‘e’ value of 5g  or more  with ‘e’ value of 1x10k, 2x10k or  5x10k, where  k is a positive or negative whole  number or equal to zero manufactured by the same manufacturer in accordance with the same  principle, design and with the same materials with which, the said approved model has been",500 to 10000,5g,100.0
249,24081,2026-05-25,21/159/2026,SHREE SALASAR SALES,Non-automatic weighing instrument,249.pdf,https://lm.doca.gov.in/ModelApproval/Certificates/2026/249.pdf,DOCA_MODEL_APPROVAL,PDF_TEXT,False,CPPF-III,CROMPTON PLUS,"M/s, SHREE SALASAR SALES. 16-B, Nandpuri",IND/09/26/249,Electronic platform type,Class III,300 kg,300.0,kg,1kg,1.0,50 g,50.0,LED,Strain Gauge Type of Load Cell based,based  Load Cell,,C3,,BPL 19.24,1100128A1-V3,Sealing is done by passing the sealing wire through the holes provided on the body of  machine. A lead seal is put at the end of the wire for stamping purpose (a typical schematic  diagram of sealing provision to prevent the fraudulent practices of the model is given above  as Figure 2). A dip switch has also been provided in mother board/PCB to disable access to external calibration.,"shall also cover the weighing instruments of  similar make, accuracy and performance of same series with capacity above 50kg and up to  5000kg with number of verification scale interval (n) in the range of 500 to 10000 for ‘e’ value of 5g or more with ‘e’ value of 1x10k, 2x10k or  5x10k, where  k is a positive or negative  whole number or equal to zero manufactured by the same manufacturer in accordance with  the same principle, design and with the same materials with which, the said approved model",500 to 10000,5g or more with ‘e’ value of 1x10k,100.0
250,24082,2026-05-25,21/159/2026,SHREE SALASAR SALES,Non-automatic weighing instrument,250.pdf,https://lm.doca.gov.in/ModelApproval/Certificates/2026/250.pdf,DOCA_MODEL_APPROVAL,PDF_TEXT,False,CPTT-III,CROMPTON PLUS,"M/s, SHREE SALASAR SALES. 16-B, Nandpuri",IND/09/26/250,Table top Multi-interval type,Class III,10/20/30kg,30.0,kg,20g,0.02,1/2/5g,5.0,LED,Strain Gauge Type of Load Cell based,based  Load Cell,,C3,,BPL 19.24,1100128A1-V3,Sealing is done by passing the sealing wire through the holes provided on the body of  machine. A lead seal is put at the end of the wire for stamping purpose (a typical schematic  diagram of sealing provision to prevent the fraudulent practices of the model is given above  as Figure 2). A dip switch has also been provided in mother board/PCB to disable access to external calibration.,"shall also cover the weighing instruments of  similar make, accuracy and performance of same series with capacity up to 50kg with number  of verification scale interval (n) in the range of 500 to 10000 for ‘e’ value of 5g or more and  with number of verification scale interval (n) in the range of 100 to 10000 for ‘e’ value of 100mg to 2g with ‘e’ value of 1x10k, 2x10k or  5x10k, where  k is a positive or negative whole  number or equal to zero manufactured by the same manufacturer in accordance with the same",500 to 10000,5g or more and,100.0
251,23694,2026-05-25,21/132/2026,M/S. ANITA TRADING COMPANY,Non-automatic weighing instrument,251.pdf,https://lm.doca.gov.in/ModelApproval/Certificates/2026/251.pdf,DOCA_MODEL_APPROVAL,PDF_TEXT,False,ASWB,ANITA,"M/s ANITA SCALES AND SYSTEMS, INDIRA GANDHI CHOWK, PO",IND/09/26/251,Electronic  Weighbridge,Class III,40000kg,40000.0,kg,200kg,200.0,10kg,10000.0,One LED display for Weight indication and One LCD,Strain Gauge Type Load cell based,based  Load Cell,,C3,,3.35,D300,Sealing is done by passing the sealing wire through the holes provided on the body of  machine. A lead seal is put at the end of the wire for stamping purpose (a typical schematic  diagram of sealing provision to prevent the fraudulent practices of the model is given above  as Figure 2). A dip switch has also been provided in mother board/PCB to disable access to  external calibration.,"shall also cover the weighing instruments of  similar make, accuracy and performance of same series with capacity above 5t and up to 150t  with number of verification scale interval (n)  in the range of 500 to 10000 for ‘e’ value of 5g  or more  with ‘e’ value of 1x10k, 2x10k or  5x10k, where  k is a positive or negative whole  number or equal to zero manufactured by the same manufacturer in accordance with the same  principle, design and with the same materials with which, the said approved model has been",500 to 10000,5g,100.0
252,23360,2026-05-25,I-21/135/2026-W&M Section,E.G Kantawalla Pvt Ltd,Non-automatic weighing instrument,252.pdf,https://lm.doca.gov.in/ModelApproval/Certificates/2026/252.pdf,DOCA_MODEL_APPROVAL,PDF_TEXT,False,ETSB-UA,EAGLE,"M/s, EG Kantawalla Pvt Ltd, Next to Prakash Memorial School",IND/09/26/252,Electronic Weigh bridge type,Class III,40t,40.0,tonne,200kg,200.0,10kg,10000.0,Graphic LCD,Strain Gauge Type (Analogue) Load cell based,based  Load Cell,,C3,,GTB_177_V1.0,43F8,Sealing is done by passing the sealing wire through the holes provided on the body of  machine. A lead seal is put at the end of the wire for stamping purpose (a typical schematic  diagram of sealing provision to prevent the fraudulent practices of the model is given above  as Figure 2). A dip switch has also been provided in mother board/PCB to disable access to  external calibration.,"shall also cover the weighing instruments of  similar make, accuracy and performance of same series with capacity above 5t and up to 150t  with number of verification scale interval (n)  in the range of 500 to 10000 for ‘e’ value of 5g  or more  with ‘e’ value of 1x10k, 2x10k or  5x10k, where  k is a positive or negative whole  number or equal to zero manufactured by the same manufacturer in accordance with the same  principle, design and with the same materials with which, the said approved model has been",500 to 10000,5g,100.0
253,24002,2026-05-26,I-21/156/2026-W&M Section,SHAKTI ELECTRONICS,Auto Rickshaw and Taxi Meter,253.pdf,https://lm.doca.gov.in/ModelApproval/Certificates/2026/253.pdf,DOCA_MODEL_APPROVAL,PDF_TEXT,False,S1,SHAKTI,"M/s Shakti Electronics, Basement, B/44",IND/09/26/,Auto Rickshaw and Taxi Meter,Class III,30 kg,30.0,kg,100 g,0.1,5 g,5.0,LED,Strain Gauge type load cell based,Standard Strain Gauge,,C3,,SH0.0.1,24A7,Standard lead seal with wire passing through chassis holes.,,500 to 10000,5g or more,100.0
254,23971,2026-05-27,I-21/140/2026-W&M Section,ADVANCED TECHNOLOGY SOLUTIONS,Non-automatic weighing instrument,254.pdf,https://lm.doca.gov.in/ModelApproval/Certificates/2026/254.pdf,DOCA_MODEL_APPROVAL,PDF_TEXT,False,SL-WB-III,SUN LIGHT PLUS,"M/s ADVANCED TECHNOLOGY SOLUTIONS, Krushi Nagar",IND/09/26/254,Electronic Weigh bridge type,Class III,40t,40.0,tonne,200 kg,200.0,10 kg,10000.0,LED Display indicates the weighing result and LCD is for,Strain Gauge Type load cell based,based  Load Cell,,C3,,v1.0.0,e561468cd91caaa79a6a013c181fffe77931619814dbaaf4a,Sealing is done by passing the sealing wire through the holes provided on the body of  machine. A lead seal is put at the end of the wire for stamping purpose (a typical schematic  diagram of sealing provision to prevent the fraudulent practices of the model is given above  as Figure 2). A dip switch has also been provided in mother board/PCB to disable access to  external calibration.,"shall also cover the weighing instruments of  similar make, accuracy and performance of same series with capacity above 5t and up to 150t  with number of verification scale interval (n)  in the range of 500 to 10000 for ‘e’ value of 5g  or more  with ‘e’ value of 1x10k, 2x10k or  5x10k, where  k is a positive or negative whole  number or equal to zero manufactured by the same manufacturer in accordance with the same  principle, design and with the same materials with which, the said approved model has been",500 to 10000,5g,100.0
255,23854,2026-05-27,I-21/151/2026-W&M Section,QUANTICA ENGINEERING WORKS PRIVATE LIMITED,Non-automatic weighing instrument,255.pdf,https://lm.doca.gov.in/ModelApproval/Certificates/2026/255.pdf,DOCA_MODEL_APPROVAL,PDF_TEXT,False,TVS,UER 34,"M/s Quantica Engineering Works Private Limited, 13/445, Ansariyan",IND/09/26/255,Electronic Weigh bridge type,Class III,40t,40.0,tonne,200 kg,200.0,10 kg,10000.0,LED Display indicates the weighing result and LCD is for,Strain Gauge Type load cell based,based  Load Cell,,C3,,Uer34_tvs.hex,2e482b2a4db37b38360b03d6b1e9f323cc96f68061,Sealing is done by passing the sealing wire through the holes provided on the body of  machine. A lead seal is put at the end of the wire for stamping purpose (a typical schematic  diagram of sealing provision to prevent the fraudulent practices of the model is given above  as Figure 2). A dip switch has also been provided in mother board/PCB to disable access to  external calibration.,"shall also cover the weighing instruments of  similar make, accuracy and performance of same series with capacity above 5t and up to 150t  with number of verification scale interval (n)  in the range of 500 to 10000 for ‘e’ value of 5g  or more  with ‘e’ value of 1x10k, 2x10k or  5x10k, where  k is a positive or negative whole  number or equal to zero manufactured by the same manufacturer in accordance with the same  principle, design and with the same materials with which, the said approved model has been",500 to 10000,5g,100.0
256,23986,2026-05-29,I-21/162/2026-W&M Section,M.S. WEIGHING SCALES & SYSTEMS,Non-automatic weighing instrument,256.pdf,https://lm.doca.gov.in/ModelApproval/Certificates/2026/256.pdf,DOCA_MODEL_APPROVAL,PDF_TEXT,False,MSS1,M.S. Scales,"M/s M.S. Weighing Scales & Systems, Ground Floor, GATA No. 1391",IND/09/26/256,Electronic Weigh bridge type,Class III,40t,40.0,tonne,200 kg,200.0,10 kg,10000.0,LED Display indicates the weighing result and LCD is for,Strain Gauge Type load cell based,based  Load Cell,,C3,,17.8.0,MD5 (7eea7a2952b946ab69ce54a037c123bd),Sealing is done by passing the sealing wire through the holes provided on the body of  machine. A lead seal is put at the end of the wire for stamping purpose (a typical schematic  diagram of sealing provision to prevent the fraudulent practices of the model is given above  as Figure 2). A dip switch has also been provided in mother board/PCB to disable access to  external calibration.,"shall also cover the weighing instruments of  similar make, accuracy and performance of same series with capacity above 5t and up to 150t  with number of verification scale interval (n)  in the range of 500 to 10000 for ‘e’ value of 5g  or more  with ‘e’ value of 1x10k, 2x10k or  5x10k, where  k is a positive or negative whole  number or equal to zero manufactured by the same manufacturer in accordance with the same  principle, design and with the same materials with which, the said approved model has been",500 to 10000,5g,100.0
257,23840,2026-05-29,I-21/163/2026-W&M Section,POSIFLEX TECHNOLOGY (INDIA) PRIVATE LIMITED,Non-automatic weighing instrument,257.pdf,https://lm.doca.gov.in/ModelApproval/Certificates/2026/257.pdf,DOCA_MODEL_APPROVAL,PDF_TEXT,False,MAGELLAN 9554,DATALOGIC,"M/s. DATALOGIC, S.P.A. Via Candini, 240012 Lippo di",IND/09/26/257,Table top Type,Class III,15kg,15.0,kg,100g,0.1,5g,5.0,LCD,Strain Gauge type load cell based,based  Load Cell,,C3,,2-14,6148D54,Sealing is done by passing the sealing wire through the holes provided on the body of  machine. A lead seal is put at the end of the wire for stamping purpose (sealing diagram and  photograph to prevent the fraudulent practices of the model is given above as Figure 2). A dip  switch has also been provided in mother board/PCB to disable access to external calibration  .,"shall also cover the weighing instruments of  similar make, accuracy and performance of same series with capacity up to 50kg with number  of verification scale interval (n)  in the range of 500 to 10000 for ‘e’ value of 5g or more and  with number of verification scale interval (n) in the range of 100 to 10000 for ‘e’ value of  100mg to 2g with ‘e’ value of 1x10k, 2x10k or  5x10k, where  k is a positive or negative whole  number or equal to zero manufactured by the same manufacturer in accordance with the same",500 to 10000,5g or more and,100.0
258,24114,2026-05-29,I-21/153/2026-W&M Section,MALAVIYA DIGITAL SCALE,Non-automatic weighing instrument,258.pdf,https://lm.doca.gov.in/ModelApproval/Certificates/2026/258.pdf,DOCA_MODEL_APPROVAL,PDF_TEXT,False,MDS-JW,MDS,"M/s MALAVIYA DIGITAL SCALE, Sr. N0.-606/1 & 607/5, VADLA",IND/09/26/258,Electronic Table Top Type,Class II,600g,0.6,kg,200mg,200.0,10mg,10.0,LED,Strain Gauge Type Load cell based,based  Load Cell,,C3,,"PMS63PCB V.3.0.0,",2BCB,Sealing is done by passing the sealing wire through the holes provided on the body of  machine. A lead seal is put at the end of the wire for stamping purpose (a typical schematic  diagram of sealing provision to prevent the fraudulent practices of the model is given above  as Figure 2). A dip switch has also been provided in mother board/PCB to disable access to  external calibration.,"shall also cover the weighing instruments of  similar make, accuracy and performance of same series with capacity up to 20kg with number  of verification scale interval (n)  in the range of 5000 to 60000 for ‘e’ value of 100mg or more  and with number of verification scale interval (n) in the range of 100 to 60000 for ‘e’ value  of 1mg to 50mg with ‘e’ value of 1x10k, 2x10k or  5x10k, where  k is a positive or negative  whole number or equal to zero manufactured by the same manufacturer in accordance with",5000 to 60000,100mg or more,100.0
259,24068,2026-06-01,I-21/160/2026-W&M Section,GEMINI SCALES & EQUIPMENT,Non-automatic weighing instrument,259.pdf,https://lm.doca.gov.in/ModelApproval/Certificates/2026/259.pdf,DOCA_MODEL_APPROVAL,PDF_TEXT,False,GEM T,GEMWEIGH,"M/s GEMINI SCALES & EQUIPMENTS, PLOT NO-5, SECTOR NO-1",IND/09/26/259,Electronic Table Top Weighing Machine,Class II,30kg,30.0,kg,100g,0.1,2g,2.0,LED,Strain Gauge Type Load Cell .,.  Load Cell,,C3,,v1.5.0.hex,e24a8d3c12b7f5a89e1b22f7c0d95e6f3b7c3d,Sealing is done by passing the sealing wire through the holes provided on the body of  machine. A lead seal is put at the end of the wire for stamping purpose (a typical schematic  diagram of sealing provision to prevent the fraudulent practices of the model is given above  as Figure 2). A dip switch has also been provided in mother board/PCB to disable access to  external calibration.,"shall also cover the weighing instruments of  similar make, accuracy and performance of same series with capacity up to 50kg with number  of verification scale interval (n)  in the range of 5000 to 60000 for ‘e’ value of 100mg or more  and with number of verification scale interval (n) in the range of 100 to 60000 for ‘e’ value  of 1mg to 50mg with ‘e’ value of 1x10k, 2x10k or  5x10k, where  k is a positive or negative  whole number or equal to zero manufactured by the same manufacturer in accordance with",5000 to 60000,100mg or more,100.0
260,24069,2026-06-01,I-21/160/2026-W&M Section,GEMINI SCALES & EQUIPMENT,Non-automatic weighing instrument,260.pdf,https://lm.doca.gov.in/ModelApproval/Certificates/2026/260.pdf,DOCA_MODEL_APPROVAL,PDF_TEXT,False,GEM P,GEMWEIGH,"M/s GEMINI SCALES & EQUIPMENTS, PLOT NO-5, SECTOR NO-1",IND/09/26/260,Electronic Platform Weighing Machine,Class III,300kg,300.0,kg,1kg,1.0,50g,50.0,LED,Strain Gauge Type Load Cell based.,based.  Load Cell,,C3,,v1.5.0.hex,e24a8d3c12b7f5a89e1b22f7c0d95e6f3b7c3d2f9a,Sealing is done by passing the sealing wire through the holes provided on the body of  machine. A lead seal is put at the end of the wire for stamping purpose (a typical schematic  diagram of sealing provision to prevent the fraudulent practices of the model is given above  as Figure 2). A dip switch has also been provided in mother board/PCB to disable access to  external calibration.,"shall also cover the weighing instruments of  similar make, accuracy and performance of same series with capacity above 50kg and up to  5000kg with number of verification scale interval (n)  in the range of 500 to 10000 for ‘e’  value of 5g or more  with ‘e’ value of 1x10k, 2x10k or  5x10k, where  k is a positive or negative  whole number or equal to zero manufactured by the same manufacturer in accordance with  the same principle, design and with the same materials with which, the said approved model",500 to 10000,5g or more  with ‘e’ value of 1x10k,100.0
261,23839,2026-06-01,I-21/158/2026-W&M Section,HARDIK MEDITECH,Non-automatic weighing instrument,261.pdf,https://lm.doca.gov.in/ModelApproval/Certificates/2026/261.pdf,DOCA_MODEL_APPROVAL,PDF_TEXT,False,ADELANTE INF-110,HARDIK MEDITECH,"M/s 
Hardik Meditech, Plot No.213, Sector-57",IND/09/26/,Non-automatic weighing instrument,Class II,30 kg,30.0,kg,100 g,0.1,5 g,5.0,Digital LED/LCD,Strain Gauge type load cell based,Standard Strain Gauge,,C3,,Ver-1.0,,Standard lead seal with wire passing through chassis holes.,,500 to 10000,5g or more,100.0
262,24011,2026-06-01,I-21/158/2026-W&M Section,HARDIK MEDITECH,Measuring tape,262.pdf,https://lm.doca.gov.in/ModelApproval/Certificates/2026/262.pdf,DOCA_MODEL_APPROVAL,PDF_TEXT,False,HM-210,HARDIK MEDITECH,"M/s Hardik 
Meditech, Plot No.213, Sector-57",IND/09/26/,Measuring tape,Class II,30 kg,30.0,kg,100 g,0.1,5 g,5.0,Digital LED/LCD,Strain Gauge type load cell based,Standard Strain Gauge,,C3,,Ver-1.0,,Standard lead seal with wire passing through chassis holes.,,500 to 10000,5g or more,100.0
263,24059,2026-06-01,I-21/164/2026-W&M Section,MATRIX ELECTRONICS,Non-automatic weighing instrument,263.pdf,https://lm.doca.gov.in/ModelApproval/Certificates/2026/263.pdf,DOCA_MODEL_APPROVAL,PDF_TEXT,False,MTT,MATRIX,"M/s. Matrix Electronics, Plot No 84 H No 4-88/11/3, Road No 1",IND/09/26/263,Table top Type,Class III,10kg/20kg/30kg,30.0,kg,20g,0.02,1g/2g/5g,5.0,LED,Strain Gauge type load cell based,based  Load Cell,,C3,,v1.5.0hex,e24a8d3c12b7f5a89e1b2f7c0d95e6f3b7c3d2f9a1e0b5c4d,Sealing is done by passing the sealing wire through the holes provided on the body of  machine. A lead seal is put at the end of the wire for stamping purpose (sealing diagram and  photograph to prevent the fraudulent practices of the model is given above as Figure 2). A dip  switch has also been provided in mother board/PCB to disable access to external calibration  .,"shall also cover the weighing instruments of  similar make, accuracy and performance of same series with capacity up to 50kg with number  of verification scale interval (n)  in the range of 500 to 10000 for ‘e’ value of 5g or more and  with number of verification scale interval (n) in the range of 100 to 10000 for ‘e’ value of  100mg to 2g with ‘e’ value of 1x10k, 2x10k or  5x10k, where  k is a positive or negative whole  number or equal to zero manufactured by the same manufacturer in accordance with the same",500 to 10000,5g or more and,100.0
264,23877,2026-06-02,I-21/170/2026-W&M Section,V-TECH INNOVATIONS,Flow Meters,264.pdf,https://lm.doca.gov.in/ModelApproval/Certificates/2026/264.pdf,DOCA_MODEL_APPROVAL,PDF_TEXT,False,VT140,V-Tech Innovations,"M/s. V-TECH 
INNOVATIONS, 805 A, 8th Floor",IND/09/26/264,Flow Meters,2 (hereinafter  referred to as the said,30 kg,30.0,kg,100 g,0.1,0.0001 m3,3.0,LCD,Strain Gauge type load cell based,Standard Strain Gauge,,C3,,V 1.5.1,3665776,Standard lead seal with wire passing through chassis holes.,,500 to 10000,5g or more,100.0
265,24122,2026-06-03,I-21/165/2026-W&M Section,MADHUR SOLUTIONS,Non-automatic weighing instrument,265.pdf,https://lm.doca.gov.in/ModelApproval/Certificates/2026/265.pdf,DOCA_MODEL_APPROVAL,PDF_TEXT,False,SWT,SWITCHMAT,"M/s MADHUR SOLUTIONS,1/5554, STREET No.- 16",IND/09/26/265,Electronic Table Top Weighing Machine,Class II,30kg,30.0,kg,100g,0.1,2g,2.0,LED,Strain Gauge Type Load Cell .,.  Load Cell,,C3,,d2.1.hex,89e1b2f7cod95e6f3b7c3d2fqa1eob5cd6a7b8,Sealing is done by passing the sealing wire through the holes provided on the body of  machine. A lead seal is put at the end of the wire for stamping purpose (a typical schematic  diagram of sealing provision to prevent the fraudulent practices of the model is given above  as Figure 2). A dip switch has also been provided in mother board/PCB to disable access to  external calibration.,"shall also cover the weighing instruments of  similar make, accuracy and performance of same series with capacity up to 50kg with number  of verification scale interval (n)  in the range of 5000 to 60000 for ‘e’ value of 100mg or more  and with number of verification scale interval (n) in the range of 100 to 60000 for ‘e’ value  of 1mg to 50mg with ‘e’ value of 1x10k, 2x10k or  5x10k, where  k is a positive or negative  whole number or equal to zero manufactured by the same manufacturer in accordance with",5000 to 60000,100mg or more,100.0
266,24123,2026-06-03,I-21/165/2026-W&M Section,MADHUR SOLUTIONS,Non-automatic weighing instrument,266.pdf,https://lm.doca.gov.in/ModelApproval/Certificates/2026/266.pdf,DOCA_MODEL_APPROVAL,PDF_TEXT,False,SWP,SWITCHMAT,"M/s MADHUR SOLUTIONS,1/5554, STREET No.- 16",IND/09/26/266,Electronic Platform Weighing Machine,Class III,300kg,300.0,kg,1kg,1.0,50g,50.0,LED,Strain Gauge Type Load Cell based.,based.  Load Cell,,C3,,d2.1.hex,89e1b2f7cod95e6f3b7c3d2fqa1eob5cd6a7b8c9d,Sealing is done by passing the sealing wire through the holes provided on the body of  machine. A lead seal is put at the end of the wire for stamping purpose (a typical schematic  diagram of sealing provision to prevent the fraudulent practices of the model is given above  as Figure 2). A dip switch has also been provided in mother board/PCB to disable access to  external calibration.,"shall also cover the weighing instruments of  similar make, accuracy and performance of same series with capacity above 50kg and up to  5000kg with number of verification scale interval (n)  in the range of 500 to 10000 for ‘e’  value of 5g or more  with ‘e’ value of 1x10k, 2x10k or  5x10k, where  k is a positive or negative  whole number or equal to zero manufactured by the same manufacturer in accordance with  the same principle, design and with the same materials with which, the said approved model",500 to 10000,5g or more  with ‘e’ value of 1x10k,100.0
267,24057,2026-06-03,I-21/168/2026-W&M Section,BIZERBA INDIA Pvt. Ltd.,Non-automatic weighing instrument,267.pdf,https://lm.doca.gov.in/ModelApproval/Certificates/2026/267.pdf,DOCA_MODEL_APPROVAL,PDF_TEXT,False,QSmart 800,Bizerba,"M/s Bizerba India Pvt. Ltd., India Land Global Industries Park, Plot 5",IND/09/26/267,Electronic Table Top Type,Class III,15kg,15.0,kg,40 g,0.04,2 g,2.0,LCD with touchscreen,Strain Gauge type load cell based,based  Load Cell,,C3,,Application Software Version A2.03.y,Details,Sealing is done by passing the sealing wire through the holes provided on the body of  machine. A lead seal is put at the end of the wire for stamping purpose (a typical schematic  diagram of sealing provision to prevent the fraudulent practices of the model is given above  as Figure 2). A dip switch has also been provided in mother board/PCB to disable access to  external calibration.,"shall also cover the weighing instruments of  similar make, accuracy and performance of same series with capacity up to 50kg with number  of verification scale interval (n)  in the range of 500 to 10000 for ‘e’ value of 5g or more and  with number of verification scale interval (n) in the range of 100 to 10000 for ‘e’ value of  100mg to 2g with ‘e’ value of 1x10k, 2x10k or  5x10k, where  k is a positive or negative whole  number or equal to zero manufactured by the same manufacturer in accordance with the same",500 to 10000,5g or more and,100.0
268,24037,2026-06-03,I-21/169/2026-W&M Section,SHRI LAKSHMI VENKATESWARA WEIGHING SCALES,Non-automatic weighing instrument,268.pdf,https://lm.doca.gov.in/ModelApproval/Certificates/2026/268.pdf,DOCA_MODEL_APPROVAL,PDF_TEXT,False,Mirai WB,MIRAI WEIGHTECH,"M/s Shri Lakshmi Venkateswara Weighing Scales, D. No. 17",IND/09/26/268,Electronic Road Weighbridge,Class III,40000 kg,40000.0,kg,200 kg,200.0,10 kg,10000.0,LED,Strain Gauge type load cell based,based  Load Cell,,C3,,V.1.0,933E,Sealing is done by passing the sealing wire through the holes provided on the body of  machine. A lead seal is put at the end of the wire for stamping purpose (a typical schematic  diagram of sealing provision to prevent the fraudulent practices of the model is given above  as Figure 2). A dip switch has also been provided in mother board/PCB to disable access to  external calibration.,"shall also cover the weighing instruments of  similar make, accuracy and performance of same series with capacity above 5t and up to 150t  with number of verification scale interval (n)  in the range of 500 to 10000 for ‘e’ value of 5g  or more  with ‘e’ value of 1x10k, 2x10k or  5x10k, where  k is a positive or negative whole  number or equal to zero manufactured by the same manufacturer in accordance with the same  principle, design and with the same materials with which, the said approved model has been",500 to 10000,5g,100.0
269,23372,2026-06-03,I-21/154/2026-W&M Section,E.G Kantawalla Pvt Ltd,Non-automatic weighing instrument,269.pdf,https://lm.doca.gov.in/ModelApproval/Certificates/2026/269.pdf,DOCA_MODEL_APPROVAL,PDF_TEXT,False,ETSB-UMA,EAGLE,"M/s EG Kantawalla Pvt Ltd, Next to Prakash Memorial School, Upper",IND/09/26/269,Electronic Weigh bridge type,Class III,40t,40.0,tonne,200kg,200.0,10 kg,10000.0,Graphic LCD,Strain Gauge Type Load Cell Based,Based  Load Cell,,C3,,GTB_177_V1.0,43 F8,Sealing is done by passing the sealing wire through the holes provided on the body of  machine. A lead seal is put at the end of the wire for stamping purpose (a typical schematic  diagram of sealing provision to prevent the fraudulent practices of the model is given above  as Figure 2). A dip switch has also been provided in mother board/PCB to disable access to  external calibration.,"shall also cover the weighing instruments of  similar make, accuracy and performance of same series with capacity above 5t and up to 150t  with number of verification scale interval (n)  in the range of 500 to 10000 for ‘e’ value of 5g  or more  with ‘e’ value of 1x10k, 2x10k or  5x10k, where  k is a positive or negative whole  number or equal to zero manufactured by the same manufacturer in accordance with the same  principle, design and with the same materials with which, the said approved model has been",500 to 10000,5g,100.0
270,18707,2026-06-03,I-21/325/2024-W&M Section,IV INNOVATIONS PRIVATE LIMITED,Any other Weight or Measure,270.pdf,https://lm.doca.gov.in/ModelApproval/Certificates/2026/270.pdf,DOCA_MODEL_APPROVAL,PDF_TEXT,False,TH-WS,IV Innovations Private Limited,"M/s IV Innovations Private Limited, A-51, WZ-211",IND/09/26/,Electronic Person Weighing,Class III,180kg,180.0,kg,50g,0.05,1kg,1000.0,LCD,Strain Gauge type load cell based,based  Load Cell,,C3,,V01,B9BB,Sealing is done by passing the sealing wire through the holes provided on the body of machine.  A lead seal is put at the end of the wire for stamping purpose (sealing diagram and photograph to  prevent the fraudulent practices of the model is given above as Figure 2). A dip switch has also been  provided in mother board/PCB to disable access to external calibration,"shall also cover the weighing instruments of similar make, accuracy and  performance of same series with up to 180kg with number of verification scale interval (n)  in the  range of 500 to 10000 for ‘e’ value of 5g or more with ‘e’ value of 1x10k, 2x10k or  5x10k, where  k is  a positive or negative whole number or equal to zero manufactured by the same manufacturer in  accordance with the same principle, design and with the same materials with which, the said approved  model has been manufactured.",500 to 10000,5g or more with ‘e’ value of 1x10k,100.0
271,18709,2026-06-03,I-21/325/2024-W&M Section,IV INNOVATIONS PRIVATE LIMITED,Any other Weight or Measure,271.pdf,https://lm.doca.gov.in/ModelApproval/Certificates/2026/271.pdf,DOCA_MODEL_APPROVAL,PDF_TEXT,False,TH,IV Innovations Private Limited,"M/s IV Innovations Private Limited, A-51, WZ-211",IND/09/26/271,Electronic Kitchen Scale,Class III,10kg,10.0,kg,20g,0.02,1g,1.0,LCD,Strain Gauge type load cell based,based  Load Cell,,C3,,V01,B9BB,Sealing is done by passing the sealing wire through the holes provided on the body of machine.  A lead seal is put at the end of the wire for stamping purpose (sealing diagram and photograph to  prevent the fraudulent practices of the model is given above as Figure 2). A dip switch has also been  provided in mother board/PCB to disable access to external calibration,"shall also cover the weighing instruments of similar make, accuracy and  performance of same series with up to 10kg with number of verification scale interval (n)  in the range  of 500 to 10000 for ‘e’ value of 5g or more with ‘e’ value of 1x10k, 2x10k or  5x10k, where  k is a  positive or negative whole number or equal to zero manufactured by the same manufacturer in  accordance with the same principle, design and with the same materials with which, the said approved  model has been manufactured.",500 to 10000,5g or more with ‘e’ value of 1x10k,100.0
272,23520,2026-06-04,I-21/173/2026-W&M Section,ADCO DIGITAL SYSTEMS,Non-automatic weighing instrument,272.pdf,https://lm.doca.gov.in/ModelApproval/Certificates/2026/272.pdf,DOCA_MODEL_APPROVAL,PDF_TEXT,False,ADJ-AB,ADCO,"M/s ADCO DIGITAL SYSTEMS, DARUSSALAM COMPLEX, 
THURAKKAL Jn.",IND/09/26/272,Electronic Table Top Weighing Machine,Class I,220g,0.22,kg,10mg,10.0,1mg,1.0,LCD,EMFC based,Standard Strain Gauge,,C3,,BSA200128,Details,Sealing is done by passing the sealing wire through the holes provided on the body of  machine. A lead seal is put at the end of the wire for stamping purpose (a typical schematic  diagram of sealing provision to prevent the fraudulent practices of the model is given above  as Figure 2). A dip switch has also been provided in mother board/PCB to disable access to  external calibration.,"shall also cover the weighing instruments of  similar make, accuracy and performance of same series with capacity up to 10kg with number  of verification scale interval (n)  50000 or more for ‘e’ value of 1mg or more with ‘e’ value  of 1x10k, 2x10k or  5x10k, where  k is a positive or negative whole number or equal to zero  manufactured by the same manufacturer in accordance with the same principle, design and  with the same materials with which, the said approved model has been manufactured.",500 to 10000,1mg or more with ‘e’ value,100.0
273,23684,2026-06-04,I-21/167/2026-W&M Section,WEIGHTRONICS AND SOLUTIONS,Non-automatic weighing instrument,273.pdf,https://lm.doca.gov.in/ModelApproval/Certificates/2026/273.pdf,DOCA_MODEL_APPROVAL,PDF_TEXT,False,WAS-189,WEIGHTRONICS,"M/s. WEIGHTRONICS AND SOLUTIONS, PLOT NO 1",IND/09/26/273,Electronic Weighbridge type,Class III,40000 kg,40000.0,kg,200 kg,200.0,10 kg,10000.0,LCD,Strain Gauge type load cell based,based  Load Cell,,C3,,IIT 1.16,011C5D000086,Sealing is done by passing the sealing wire through the holes provided on the body of  machine. A lead seal is put at the end of the wire for stamping purpose (a typical schematic  diagram of sealing provision to prevent the fraudulent practices of the model is given above  as Figure 2). A dip switch has also been provided in mother board/PCB to disable access to  external calibration.,"shall also cover the weighing instruments of  similar make, accuracy and performance of same series with capacity above 5t and up to 120t  with number of verification scale interval (n)  in the range of 500 to 10000 for ‘e’ value of 5g  or more  with ‘e’ value of 1x10k, 2x10k or  5x10k, where  k is a positive or negative whole  number or equal to zero manufactured by the same manufacturer in accordance with the same  principle, design and with the same materials with which, the said approved model has been",500 to 10000,5g,100.0
274,24067,2026-06-04,I-21/160/2026-W&M Section,GEMINI SCALES & EQUIPMENT,Non-automatic weighing instrument,274.pdf,https://lm.doca.gov.in/ModelApproval/Certificates/2026/274.pdf,DOCA_MODEL_APPROVAL,PDF_TEXT,False,GEM A,GEMWEIGH,"M/s GEMINI SCALES & EQUIPMENTS, PLOT NO-5, SECTOR NO-1",IND/09/26/274,Electronic Table Top Weighing Machine,Class I,600g,0.6,kg,100mg,100.0,1mg,1.0,LCD,EMFC,Standard Strain Gauge,,C3,,DJ-K-30-25RC5.HEX,0970,Sealing is done by passing the sealing wire through the holes provided on the body of  machine. A lead seal is put at the end of the wire for stamping purpose (a typical schematic  diagram of sealing provision to prevent the fraudulent practices of the model is given above  as Figure 2). A dip switch has also been provided in mother board/PCB to disable access to  external calibration.,"shall also cover the weighing instruments of  similar make, accuracy and performance of same series with capacity up to 10kg with number  of verification scale interval (n)  50000 or more for ‘e’ value of 1mg or more with ‘e’ value  of 1x10k, 2x10k or  5x10k, where  k is a positive or negative whole number or equal to zero  manufactured by the same manufacturer in accordance with the same principle, design and  with the same materials with which, the said approved model has been manufactured.",500 to 10000,1mg or more with ‘e’ value,100.0
275,23850,2026-06-04,I-21/172/2026-W&M Section,RETRO TRADE SOLUTIONS,Non-automatic weighing instrument,275.pdf,https://lm.doca.gov.in/ModelApproval/Certificates/2026/275.pdf,DOCA_MODEL_APPROVAL,PDF_TEXT,False,RWDC,RETRO WEIGH,"M/s AARYA & COMPANY, P NO. -E-42, E-BLOCK",IND/09/26/275,Electronic Weighbridge type,Class III,40000 kg,40000.0,kg,200 kg,200.0,10 kg,10000.0,One LED display for Weight indication and One LCD,Strain Gauge type load cell based,based  Load Cell,,C3,,d2.1.hex,89e1b2f7cod95e6f3b7c3d2fqa1eob5cd6a7b8c9doe,Sealing is done by passing the sealing wire through the holes provided on the body of  machine. A lead seal is put at the end of the wire for stamping purpose (a typical schematic  diagram of sealing provision to prevent the fraudulent practices of the model is given above  as Figure 2). A dip switch has also been provided in mother board/PCB to disable access to  external calibration.,"shall also cover the weighing instruments of  similar make, accuracy and performance of same series with capacity above 5t and up to 120t  with number of verification scale interval (n)  in the range of 500 to 10000 for ‘e’ value of 5g  or more  with ‘e’ value of 1x10k, 2x10k or  5x10k, where  k is a positive or negative whole  number or equal to zero manufactured by the same manufacturer in accordance with the same  principle, design and with the same materials with which, the said approved model has been",500 to 10000,5g,100.0
276,24019,2026-06-10,I-21/91/2026-W&M Section,SAFE AUTOMATION PRIVATE LIMITED,Catch Weighing Instrument (Check Weigher),276.pdf,https://lm.doca.gov.in/ModelApproval/Certificates/2026/276.pdf,DOCA_MODEL_APPROVAL,PDF_TEXT,False,HC…/EC…,Safe Automation Private Limited,"M/s 
Wipotech-OCS GmbH , Adam-Hoffmann-Str.26, 67657",IND/09/26/,Catch Weighing Instrument (Check Weigher),Class III,Max,30.0,kg,100 g,0.1,≤ 10000,10000.0,Digital LED/LCD,Strain Gauge type load cell based,Standard Strain Gauge,,C3,,Ver-1.0,,Standard lead seal with wire passing through chassis holes.,,500 to 10000,5g or more,100.0
277,24096,2026-06-10,I-21/178/2026-W&M Section,BMD GLOBAL TECHNOLOGIES PRIVATE LIMITED,Any other Weight or Measure,277.pdf,https://lm.doca.gov.in/ModelApproval/Certificates/2026/277.pdf,DOCA_MODEL_APPROVAL,PDF_TEXT,False,BMDPF,BMD TECHNOLOGIES,"M/s BMD Global Technologies Private Limited Naveen Traders 
Building, Kachcha Badli, Road",IND/09/26/277,Electronic Platform type,Class III,300 kg,300.0,kg,1kg,1.0,50g,50.0,Light Emitting Diode (LED),Strain Gauge Type  Load cell Based,Based  Load Cell,,C3,,mothercard_firmware_V.01,49rfgjk844ddbcvb33cfed6bfc14c066,Sealing is done by passing the sealing wire through the holes provided on the body of  machine. A lead seal is put at the end of the wire for stamping purpose (a typical schematic  diagram of sealing provision to prevent the fraudulent practices of the model is given above  as Figure 2). A dip switch has also been provided in mother board/PCB to disable access to  external calibration.,"shall also cover the weighing instruments of  similar make, accuracy and performance of same series with capacity above 50kg and up to  5000kg with number of verification scale interval (n)  in the range of 500 to 10000 for ‘e’  value of 5g or more  with ‘e’ value of 1x10k, 2x10k or  5x10k, where  k is a positive or negative  whole number or equal to zero manufactured by the same manufacturer in accordance with  the same principle, design and with the same materials with which, the said approved model",500 to 10000,5g or more  with ‘e’ value of 1x10k,100.0
278,24074,2026-06-11,I-21/175/2026-W&M Section,AGRA BALANCE MANUFACTURING COMPANY,Non-automatic weighing instrument,278.pdf,https://lm.doca.gov.in/ModelApproval/Certificates/2026/278.pdf,DOCA_MODEL_APPROVAL,PDF_TEXT,False,ABM-H,ABMCO,"M/s  AGRA BALANCE MANUFACTURING COMPANY, 28/47 KASHMERE  BAZAR, 
AGRA",IND/09/26/278,Electronic Table Top Weighing Machine,Class I,600g,0.6,kg,100mg,100.0,1mg,1.0,LCD,EMFC,Standard Strain Gauge,,C3,,DJ623 GT,0970,Sealing is done by passing the sealing wire through the holes provided on the body of  machine. A lead seal is put at the end of the wire for stamping purpose (a typical schematic  diagram of sealing provision to prevent the fraudulent practices of the model is given above  as Figure 2). A dip switch has also been provided in mother board/PCB to disable access to  external calibration.,"shall also cover the weighing instruments of  similar make, accuracy and performance of same series with capacity up to 10kg with number  of verification scale interval (n)  50000 or more for ‘e’ value of 1mg or more with ‘e’ value  of 1x10k, 2x10k or  5x10k, where  k is a positive or negative whole number or equal to zero  manufactured by the same manufacturer in accordance with the same principle, design and  with the same materials with which, the said approved model has been manufactured.",500 to 10000,1mg or more with ‘e’ value,100.0
279,24075,2026-06-11,I-21/175/2026-W&M Section,AGRA BALANCE MANUFACTURING COMPANY,Non-automatic weighing instrument,279.pdf,https://lm.doca.gov.in/ModelApproval/Certificates/2026/279.pdf,DOCA_MODEL_APPROVAL,PDF_TEXT,False,ABM-P,ABMCO,"M/s  AGRA BALANCE MANUFACTURING COMPANY, 28/47",IND/09/26/279,Electronic Plateform Weighing Machine,Class III,300kg,300.0,kg,1kg,1.0,50g,50.0,LED,Strain Gauge Type of Load cell based,Load Master,AM 500 JS,C3,,d2.1.hex,89e1b2f7cod95e6f3b7c3d2fqa1eob5c4d6a7b8c9doe1f2a,Sealing is done by passing the sealing wire through the holes provided on the body of  machine. A lead seal is put at the end of the wire for stamping purpose (a typical schematic  diagram of sealing provision to prevent the fraudulent practices of the model is given above  as Figure 2). A dip switch has also been provided in mother board/PCB to disable access to  external calibration.,"shall also cover the weighing instruments of  similar make, accuracy and performance of same series with capacity above 50kg and up to  5000kg with number of verification scale interval (n)  in the range of 500 to 10000 for ‘e’  value of 5g or more  with ‘e’ value of 1x10k, 2x10k or  5x10k, where  k is a positive or negative  whole number or equal to zero manufactured by the same manufacturer in accordance with  the same principle, design and with the same materials with which, the said approved model",500 to 10000,5g or more  with ‘e’ value of 1x10k,100.0
280,24132,2026-06-11,I-21/177/2026-W&M Section,JIVAN NAGJI AND COMPANY (INDIA) PRIVATE LIMITED,Non-automatic weighing instrument,280.pdf,https://lm.doca.gov.in/ModelApproval/Certificates/2026/280.pdf,DOCA_MODEL_APPROVAL,PDF_TEXT,False,JNPS-III,JUSTICE,"M/s, Jivan Nagji And Company (India ) Private Limited, 131-132",IND/09/26/280,Bench Type Electronic Platform Scale,Class III,300 kg,300.0,kg,1kg,1.0,50g,50.0,LED,Strain Gauge Type  Load cell Based,Based  Load Cell,,C3,,PMS-V.3,210063A1-V.3,Sealing is done by passing the sealing wire through the holes provided on the body of  machine. A lead seal is put at the end of the wire for stamping purpose (a typical schematic  diagram of sealing provision to prevent the fraudulent practices of the model is given above  as Figure 2). A dip switch has also been provided in mother board/PCB to disable access to  external calibration.,"shall also cover the weighing instruments of  similar make, accuracy and performance of same series with capacity above 50kg and up to  5000kg with number of verification scale interval (n)  in the range of 500 to 10000 for ‘e’  value of 5g or more  with ‘e’ value of 1x10k, 2x10k or  5x10k, where  k is a positive or negative",500 to 10000,5g or more  with ‘e’ value of 1x10k,100.0
281,23836,2026-06-11,I-21/176/2026-W&M Section,A ONE SALES,Non-automatic weighing instrument,281.pdf,https://lm.doca.gov.in/ModelApproval/Certificates/2026/281.pdf,DOCA_MODEL_APPROVAL,PDF_TEXT,False,FIZI-BT,FIZITECH,"M/s 
AONE 
SCALES 
CORPORATION, 
H.No-30,Plot",IND/09/26/,Electronic Platform Scale (MULTI INTERVAL),Class III,100/200/300kg,300.0,kg,200g,0.2,10/20/50g,50.0,LED,Strain Gauge Type of Load cell based,based  Load Cell,,C3,,v1.5.0hex,e24a8d3c12b7f5a89e1b22f7c0d95e6f3b7c3d2f9a1e0b5c,Sealing is done by passing the sealing wire through the holes provided on the body of  machine. A lead seal is put at the end of the wire for stamping purpose (a typical schematic  diagram of sealing provision to prevent the fraudulent practices of the model is given above  as Figure 2). A dip switch has also been provided in mother board/PCB to disable access to  external calibration.,"shall also cover the weighing instruments of  similar make, accuracy and performance of same series with capacity above 50kg and up to  5000kg with number of verification scale interval (n)  in the range of 500 to 10000 for ‘e’  value of 5g or more  with ‘e’ value of 1x10k, 2x10k or  5x10k, where  k is a positive or negative  whole number or equal to zero manufactured by the same manufacturer in accordance with  the same principle, design and with the same materials with which, the said approved model",500 to 10000,5g or more  with ‘e’ value of 1x10k,100.0
282,23629,2026-06-12,I-21/174/2026-W&M Section,METTLER-TOLEDO INDIA PRIVATE LIMITED,Catch Weighing Instrument (Check Weigher),282.pdf,https://lm.doca.gov.in/ModelApproval/Certificates/2026/282.pdf,DOCA_MODEL_APPROVAL,PDF_TEXT,False,C23,METTLER TOLEDO,"M/s, Mettler-Toledo India Private Limited, 
Amar Hill",IND/09/26/,Automatic Catch Weighing Instrument(Check Weigher),Class III,18 kg,18.0,kg,1000 g,1.0,5 g,5.0,Colour Touch Screen TFT,Strain Gauge type load cell,Accuracy class  XIII(x) where class desi,,XIII,,PL2.0.xx (‘xx’ is numerical value from 0 to 99),532E,"Sealing is done by passing the sealing wire through the holes provided on the body of the  machine. A typical schematic diagram and photograph of sealing provision to prevent the fraudulent  practices of the model is given above as Figure 2. A dip switch has also been provided in mother  board/PCB to disable access to external calibration.  Further, in exercise of the power conferred by sub-rule (9) of rule 8 of the Legal Metrology",,500 to 10000,5g or more and,100.0
283,24112,2026-06-12,I-21/166/2026-W&M Section,PACIFIC SCALES INDIA,Non-automatic weighing instrument,283.pdf,https://lm.doca.gov.in/ModelApproval/Certificates/2026/283.pdf,DOCA_MODEL_APPROVAL,PDF_TEXT,False,PHPS,PACIFIC+,"M/s. Pacific Scales India, K-30, Udyog Nagar",IND/09/26/283,Electronic Table Top Weighing Machine,Class I,600g,0.6,kg,100mg,100.0,1mg,1.0,LCD,EMFC,Standard Strain Gauge,,C3,,d2.1.hex,89e1b2f7c0d95e6f3b7c3d2f9a1e0b5c4d6a,Sealing is done by passing the sealing wire through the holes provided on the body of  machine. A lead seal is put at the end of the wire for stamping purpose (a typical schematic  diagram of sealing provision to prevent the fraudulent practices of the model is given above,"shall also cover the weighing instruments of  similar make, accuracy and performance of same series with capacity up to 10kg with number  of verification scale interval (n)  50000 or more for ‘e’ value of 1mg or more with ‘e’ value  of 1x10k, 2x10k or  5x10k, where  k is a positive or negative whole number or equal to zero  manufactured by the same manufacturer in accordance with the same principle, design and  with the same materials with which, the said approved model has been manufactured.",500 to 10000,1mg or more with ‘e’ value,100.0
284,24134,2026-06-15,21/186/2026,IRIS TECH,Non-automatic weighing instrument,284.pdf,https://lm.doca.gov.in/ModelApproval/Certificates/2026/284.pdf,DOCA_MODEL_APPROVAL,PDF_TEXT,False,HB-KS,IRIS TECH,"M/s IRIS TECH, Ground Floor, Gala No. G/1",IND/09/26/284,Digital Kitchen Scale Type,Class III,10kg,10.0,kg,20g,0.02,1g,1.0,LCD,Strain Gauge type load cell based,based   Load Cell,,C3,,BC-X6,ZH-J3006-V05,Sealing is done by passing the sealing wire through the holes provided on the body of  machine. A lead seal is put at the end of the wire for stamping purpose (sealing diagram and  photograph to prevent the fraudulent practices of the model is given above as Figure 2). A dip  switch has also been provided in mother board/PCB to disable access to external calibration  .,"shall also cover the weighing instruments of  similar make, accuracy and performance of same series with capacity up to 10kg with number  of verification scale interval (n) in the range of 500 to 10000 for ‘e’ value of 5g or more and with number of verification scale interval (n) in the range of 100 to 10000 for ‘e’ value of 100mg to 2g with ‘e’ value of 1x10k, 2x10k or  5x10k, where  k is a positive or negative whole  number or equal to zero manufactured by the same manufacturer in accordance with the same",500 to 10000,5g or more and,100.0
285,24135,2026-06-15,21/186/2026,IRIS TECH,Non-automatic weighing instrument,285.pdf,https://lm.doca.gov.in/ModelApproval/Certificates/2026/285.pdf,DOCA_MODEL_APPROVAL,PDF_TEXT,False,HB-LS,IRIS TECH,"M/s IRIS TECH, Ground Floor, Gala No. G/1",IND/09/26/285,Digital Hanging Scale Type,Class III,10kg/50kg,50.0,kg,100g,0.1,5g/10g,10.0,LCD,Strain Gauge type load cell based,based   Load Cell,,C3,,358MB_V3.0,AA0127102EE034BC38C4ED55,Sealing is done by passing the sealing wire through the holes provided on the body of  machine. A lead seal is put at the end of the wire for stamping purpose (sealing diagram and,"shall also cover the weighing instruments of  similar make, accuracy and performance of same series with capacity up to 50kg with number  of verification scale interval (n) in the range of 500 to 10000 for ‘e’ value of 5g or more and with number of verification scale interval (n) in the range of 100 to 10000 for ‘e’ value of 100mg to 2g with ‘e’ value of 1x10k, 2x10k or  5x10k, where  k is a positive or negative whole  number or equal to zero manufactured by the same manufacturer in accordance with the same",500 to 10000,5g or more and,100.0
286,23869,2026-06-18,I-21/188/2026-W&M Section,A&D INSTRUMENTS INDIA PRIVATE LIMITED,Non-automatic weighing instrument,286.pdf,https://lm.doca.gov.in/ModelApproval/Certificates/2026/286.pdf,DOCA_MODEL_APPROVAL,PDF_TEXT,False,BH-DT,A&D,"M/s.  A&D Company Limited, Higashi-Ikebukuro, Toshima-Ku",IND/09/26/286,Table top type,Class I,51g/220g,0.051,kg,1mg,1.0,‘e’,5.0,LCD,EMFC,Standard Strain Gauge,,C3,,1.003,73ff19b72583a36e89f836bc252304ba(md5),Sealing is done by passing the sealing wire through the holes provided on the body of  machine. A lead seal is put at the end of the wire for stamping purpose (Sealing diagram and  photograph to prevent the fraudulent practices of the model is given above as Figure 2). A dip  switch has also been provided in mother board/PCB to disable access to external calibration.,"shall also cover the weighing instruments of  similar make, accuracy and performance of same series with capacity up to 220g with number  of verification scale interval (n)  50000 or more for ‘e’ value of 1mg or more with ‘e’ value  of 1x10k, 2x10k or  5x10k, where  k is a positive or negative whole number or equal to zero  manufactured by the same manufacturer in accordance with the same principle, design and  with the same materials with which, the said approved model has been manufactured.",500 to 10000,1mg or more with ‘e’ value,100.0
287,24152,2026-06-19,I-21/192/2026-W&M Section,J D ENTERPRISES,Non-automatic weighing instrument,287.pdf,https://lm.doca.gov.in/ModelApproval/Certificates/2026/287.pdf,DOCA_MODEL_APPROVAL,PDF_TEXT,False,JTT,JAYDISON,"M/s J D ENTERPRISES,213,GALI No.-7",IND/09/26/287,Electronic Table Top Scale,Class II,30kg,30.0,kg,100g,0.1,2g,2.0,LED,Strain Gauge Type Load Cell .,.  Load Cell,,C3,,d2.1.hex,89e1b2f7cod95e6f3b7c3d2fqa1eob5cd6a7b8,Sealing is done by passing the sealing wire through the holes provided on the body of  machine. A lead seal is put at the end of the wire for stamping purpose (a typical schematic,"shall also cover the weighing instruments of  similar make, accuracy and performance of same series with capacity up to 50kg with number  of verification scale interval (n)  in the range of 5000 to 60000 for ‘e’ value of 100mg or more  and with number of verification scale interval (n) in the range of 100 to 60000 for ‘e’ value  of 1mg to 50mg with ‘e’ value of 1x10k, 2x10k or  5x10k, where  k is a positive or negative  whole number or equal to zero manufactured by the same manufacturer in accordance with",5000 to 60000,100mg or more,100.0
288,24151,2026-06-19,I-21/192/2026-W&M Section,J D ENTERPRISES,Non-automatic weighing instrument,288.pdf,https://lm.doca.gov.in/ModelApproval/Certificates/2026/288.pdf,DOCA_MODEL_APPROVAL,PDF_TEXT,False,JTP,JAYDISON,"M/s J D ENTERPRISES,213,GALI No.-7",IND/09/26/288,Electronic Platform Scale,Class III,300kg,300.0,kg,1kg,1.0,50g,50.0,LED,Strain Gauge Type Load Cell based.,based.  Load Cell,,C3,,d2.1.hex,89e1b2f7cod95e6f3b7c3d2fqa1eob5cd6a7b8c9d,Sealing is done by passing the sealing wire through the holes provided on the body of  machine. A lead seal is put at the end of the wire for stamping purpose (a typical schematic  diagram of sealing provision to prevent the fraudulent practices of the model is given above  as Figure 2). A dip switch has also been provided in mother board/PCB to disable access to  external calibration.,"shall also cover the weighing instruments of  similar make, accuracy and performance of same series with capacity above 50kg and up to  5000kg with number of verification scale interval (n)  in the range of 500 to 10000 for ‘e’  value of 5g or more  with ‘e’ value of 1x10k, 2x10k or  5x10k, where  k is a positive or negative  whole number or equal to zero manufactured by the same manufacturer in accordance with  the same principle, design and with the same materials with which, the said approved model",500 to 10000,5g or more  with ‘e’ value of 1x10k,100.0
289,24136,2026-06-19,I-21/195/2026-W&M Section,IRIS TECH,Non-automatic weighing instrument,289.pdf,https://lm.doca.gov.in/ModelApproval/Certificates/2026/289.pdf,DOCA_MODEL_APPROVAL,PDF_TEXT,False,HB-BS,IRIS TECH,"M/s IRIS TECH, Ground Floor, Gala No. G/1",IND/09/26/,Person Weighing Scale,Class III,180kg,180.0,kg,1kg,1.0,50g,50.0,LED,Strain Gauge type load cell based,based   Load Cell,,C3,,SD8114_V3.0,CS1621,Sealing is done by passing the sealing wire through the holes provided on the body of  machine. A lead seal is put at the end of the wire for stamping purpose (sealing diagram and  photograph to prevent the fraudulent practices of the model is given above as Figure 2). A dip  switch has also been provided in mother board/PCB to disable access to external calibration  .,"shall also cover the weighing instruments of  similar make, accuracy and performance of same series with capacity up to 180kg with  number of verification scale interval (n)  in the range of 500 to 10000 for ‘e’ value of 5g or  more with ‘e’ value of 1x10k, 2x10k or  5x10k, where  k is a positive or negative whole number  or equal to zero manufactured by the same manufacturer in accordance with the same  principle, design and with the same materials with which, the said approved model has been",500 to 10000,5g or,100.0
290,24001,2026-06-19,I-21/191/2026-W&M Section,LARS MARKETING,Any other Weight or Measure,290.pdf,https://lm.doca.gov.in/ModelApproval/Certificates/2026/290.pdf,DOCA_MODEL_APPROVAL,PDF_TEXT,False,WFS,WEIGHDOT,"M/s Lars Marketing, 205, Guru Ram Dass Bhawan",IND/09/26/,Electronic Platform Scale,Class III,300kg,300.0,kg,1kg,1.0,50g,50.0,LED,Strain Gauge Type Load Cell based.,based.  Load Cell,,C3,,HE 6.0,0F93F8FD,Sealing is done by passing the sealing wire through the holes provided on the body of  machine. A lead seal is put at the end of the wire for stamping purpose (a typical schematic  diagram of sealing provision to prevent the fraudulent practices of the model is given above  as Figure 2). A dip switch has also been provided in mother board/PCB to disable access to  external calibration.,"shall also cover the weighing instruments of  similar make, accuracy and performance of same series with capacity above 50kg and up to  5000kg with number of verification scale interval (n)  in the range of 500 to 10000 for ‘e’  value of 5g or more  with ‘e’ value of 1x10k, 2x10k or  5x10k, where  k is a positive or negative  whole number or equal to zero manufactured by the same manufacturer in accordance with  the same principle, design and with the same materials with which, the said approved model",500 to 10000,5g or more  with ‘e’ value of 1x10k,100.0
291,24084,2026-06-19,I-21/134/2026-W&M Section,AVIGHNA EPC SERVICES PRIVATE LIMITED,Measuring Systems for Liquids Other than Water,291.pdf,https://lm.doca.gov.in/ModelApproval/Certificates/2026/291.pdf,DOCA_MODEL_APPROVAL,PDF_TEXT,False,AVILOAD,Avighna EPC Service Private,"M/s Avighna EPC Services Private Limited, Plot No -12A, South Block",IND/09/26/,Batch Controller,0.5 (hereinafter  referred to,30 kg,30.0,kg,100 g,0.1,5 g,5.0,Graphic Liquid Crystal Display,Strain Gauge type load cell based,Standard Strain Gauge,,C3,,Ver-1.0,,Standard lead seal with wire passing through chassis holes.,,500 to 10000,5g or more,100.0
292,22112,2026-06-23,I-21/185/2026-W&M Section,FLEXO PACK MACHINES PRIVATE LIMITED,Any other Weight or Measure,292.pdf,https://lm.doca.gov.in/ModelApproval/Certificates/2026/292.pdf,DOCA_MODEL_APPROVAL,PDF_TEXT,False,FP-XXX,Flexo Pack,"M/s. Flexo Pack Machines 
Private Limited, Plot No: 48/16/6, Mathura Road",IND/09/26/,Automatic gravimetric filling instrument (Associative (selective,"X(x), where x=1 of series “FP-XXX” and with brand name “Flexo Pack",5 kg;,5.0,kg,100 g,0.1,0.1 g,0.1,LCD with touch screen,Strain gauge type Load cell based,based   Accuracy class,,C3,,S30723,,Standard lead seal with wire passing through chassis holes.,,500 to 10000,5g or more,100.0
293,24063,2026-06-23,I-21/171/2026-W&M Section,KANDHAN EQUIPMENTS PRIVATE LIMITED,Discontinuous Totalizing Automatic Weighing Instrument (Hopper weigher),293.pdf,https://lm.doca.gov.in/ModelApproval/Certificates/2026/293.pdf,DOCA_MODEL_APPROVAL,PDF_TEXT,False,BP,KANDHAN,"the same 
manufacturer in accordance with the same principle, design and with the same materials with which, 
the said approved model has been manufactured",IND/09/26/,Discontinuous Totalizing Automatic Weighing Instrument (Hopper weigher),1 of,upto 250 tonne/hr manufactured by the same,250.0,tonne,200kg,200.0,(dt),5.0,LED,Electronics and  load cell based,based  Max. Capacity,,C3,acity,1.01,476a84df6f352ab250c83526c56203270cd63947081c165bee27060d58eafbe1,Standard lead seal with wire passing through chassis holes.,"shall also cover the weighing instruments of similar make, accuracy and  performance of same series with maximum capacity upto 250 tonne/hr manufactured by the same  manufacturer in accordance with the same principle, design and with the same materials with which,  the said approved model has been manufactured                                                                                   [F.No. I-21/171/2026-W&M Section]",500 to 10000,5g or more,100.0
294,24160,2026-06-23,I-21/189/2026-W&M Section,HARDIK MEDITECH,Non-automatic weighing instrument,294.pdf,https://lm.doca.gov.in/ModelApproval/Certificates/2026/294.pdf,DOCA_MODEL_APPROVAL,PDF_TEXT,False,NOVA P-180 E,ADELANTE,"M/s Hardik Meditech, Plot no. -208, Sector-57",IND/09/26/294,Mechanical Hanging Type,Class III,25kg,25.0,kg,1kg,1.0,100g,100.0,Dial Type,Spring and Lever based,Standard Strain Gauge,,C3,,Ver-1.0,,"Sealing is done by passing the sealing wire through the spring.  A lead seal is put at  the end of the wire for stamping purpose (Sealing diagram to prevent the fraudulent practices  of the model is given above as Figure 2).    Further, in exercise of the power conferred by sub-rule (9) of rule 8 of the Legal","shall also cover the weighing instruments of  similar make, accuracy and performance of same series with capacity up to 25kg with number  of verification scale interval (n)  in the range of 100 to 1000 for ‘e’ value of 5g or more with  ‘e’ value of 1x10k, 2x10k or  5x10k, where  k is a positive or negative whole number or equal  to zero manufactured by the same manufacturer in accordance with the same principle, design  and with the same materials with which, the said approved model has been manufactured.",100 to 1000,5g or more with,100.0
295,23474,2026-06-23,I-21/183/2026-W&M Section,INFLOW TECHNOLOGIES PRIVATE LIMITED,Non-automatic weighing instrument,295.pdf,https://lm.doca.gov.in/ModelApproval/Certificates/2026/295.pdf,DOCA_MODEL_APPROVAL,PDF_TEXT,False,MP 7000,ZEBRA,"M/s  ZEBRA Technologies Asia Pacific Pte Ltd. 182, Cecil Street , Frasers",IND/09/26/295,Table top Type,Class III,15kg,15.0,kg,100g,0.1,5g,5.0,LCD,Strain Gauge type load cell based,based   Load Cell,,C3,,Version 2,110352,Sealing is done by passing the sealing wire through the holes provided on the body of  machine. A lead seal is put at the end of the wire for stamping purpose (sealing diagram and  photograph to prevent the fraudulent practices of the model is given above as Figure 2). A dip  switch has also been provided in mother board/PCB to disable access to external calibration  .,"shall also cover the weighing instruments of  similar make, accuracy and performance of same series with capacity up to 15kg with number  of verification scale interval (n)  in the range of 500 to 10000 for ‘e’ value of 5g or more and  with number of verification scale interval (n) in the range of 100 to 10000 for ‘e’ value of  100mg to 2g with ‘e’ value of 1x10k, 2x10k or  5x10k, where  k is a positive or negative whole  number or equal to zero manufactured by the same manufacturer in accordance with the same",500 to 10000,5g or more and,100.0
296,24138,2026-06-25,I-21/200/2026-W&M Section,VIJAY PRECISION INSTRUMENTS,Non-automatic weighing instrument,296.pdf,https://lm.doca.gov.in/ModelApproval/Certificates/2026/296.pdf,DOCA_MODEL_APPROVAL,PDF_TEXT,False,VPIPF,VIJAY PRECESION INSTRUMENT,"M/s, VIJAY PRECISION INSTRUMENT, 525 B",IND/09/26/296,Platform-Multi interval type,Class III,100/200/300kg,300.0,kg,200g,0.2,10/20/50g,50.0,LED,Strain Gauge Type Load Cell based.,based.  Load Cell,,C3,,R5.0V1,2FA045,Sealing is done by passing the sealing wire through the holes provided on the body of  machine. A lead seal is put at the end of the wire for stamping purpose (a typical schematic  diagram of sealing provision to prevent the fraudulent practices of the model is given above  as Figure 2). A dip switch has also been provided in mother board/PCB to disable access to  external calibration.,"shall also cover the weighing instruments of  similar make, accuracy and performance of same series with capacity above 50kg and up to  5000kg with number of verification scale interval (n)  in the range of 500 to 10000 for ‘e’  value of 5g or more  with ‘e’ value of 1x10k, 2x10k or  5x10k, where  k is a positive or negative  whole number or equal to zero manufactured by the same manufacturer in accordance with  the same principle, design and with the same materials with which, the said approved model",500 to 10000,5g or more  with ‘e’ value of 1x10k,100.0
297,23811,2026-06-25,I-21/199/2026-W&M Section,HARDIK MEDITECH,Non-automatic weighing instrument,297.pdf,https://lm.doca.gov.in/ModelApproval/Certificates/2026/297.pdf,DOCA_MODEL_APPROVAL,PDF_TEXT,False,NOVA P-180D,ADELANTE,"M/s Hardik Meditech, Plot no. -213, Sector-57",IND/09/26/297,Personal Weighing Scale Type,Class III,180kg,180.0,kg,2kg,2.0,100g,100.0,LED,Strain Gauge Type Load Cell based.,based.  Load Cell,,C3,,S02,A8AA,Sealing is done by passing the sealing wire through the holes provided on the body of  machine. A lead seal is put at the end of the wire for stamping purpose (a typical schematic  diagram of sealing provision to prevent the fraudulent practices of the model is given above  as Figure 2). A dip switch has also been provided in mother board/PCB to disable access to  external calibration.,"shall also cover the weighing instruments of  similar make, accuracy and performance of same series with capacity upto 180kg with number  of verification scale interval (n) in the range of 500 to 10000 for ‘e’ value of 5g or more with  ‘e’ value of 1x10k, 2x10k or 5x10k, where k is a positive or negative whole number or equal  to zero manufactured by the same manufacturer in accordance with the same principle, design  and with the same materials with which, the said approved model has been manufactured",500 to 10000,5g or more with,100.0
298,24070,2026-06-25,I-21/204/2026-W&M Section,ESSAE -TERAOKA PRIVATE LIMITED,Non-automatic weighing instrument,298.pdf,https://lm.doca.gov.in/ModelApproval/Certificates/2026/298.pdf,DOCA_MODEL_APPROVAL,PDF_TEXT,False,AI,ESSAE,"M/s. ESSAE -TERAOKA PRIVATE LIMITED # 410, 100ft Road 4th Block, Koramangala",IND/09/26/298,Table top Type,Class III,30kg,30.0,kg,100g,0.1,5g,5.0,TFT-LCD Touch Screen,Strain Gauge type load cell based,based  Load Cell,,C3,,Vr.hpxx (where is xx is number from 00 to 99),f5ab34f8,Sealing is done by passing the sealing wire through the holes provided on the body of  machine. A lead seal is put at the end of the wire for stamping purpose (sealing diagram and  photograph to prevent the fraudulent practices of the model is given above as Figure 2). A dip  switch has also been provided in mother board/PCB to disable access to external calibration  .,"shall also cover the weighing instruments of  similar make, accuracy and performance of same series with capacity up to 50kg with number  of verification scale interval (n)  in the range of 500 to 10000 for ‘e’ value of 5g or more and  with number of verification scale interval (n) in the range of 100 to 10000 for ‘e’ value of  100mg to 2g with ‘e’ value of 1x10k, 2x10k or  5x10k, where  k is a positive or negative whole  number or equal to zero manufactured by the same manufacturer in accordance with the same",500 to 10000,5g or more and,100.0
299,24140,2026-06-25,I-21/198/2026-W&M Section,M.S SCALES & SYSTEMS,Non-automatic weighing instrument,299.pdf,https://lm.doca.gov.in/ModelApproval/Certificates/2026/299.pdf,DOCA_MODEL_APPROVAL,PDF_TEXT,False,MSRT,RESULT,"M/s  M.S. SCALES & SYSTEMS, PLOT NO.-746, POLE NO.-V966",IND/09/26/,Electronic Table Top Weighing Instruments,Class II,30kg,30.0,kg,100g,0.1,2g,2.0,LED,Strain Gauge Type of  Load Cell,ADI ARTECH,60310 Accuracy,C-3,,v1.5.0.hex,e24a8d3c12b7f5a89e1b22f7c0d95e6f3b7c3d2f9ale0b5c4d6a7,"Sealing is done by passing the sealing wire through the holes provided on the body of machine. A lead  seal is put at the end of the wire for stamping purpose (a typical schematic diagram of sealing provision to  prevent the fraudulent practices of the model is given above as Figure 2). A dip switch has also been provided  in mother board/PCB to disable access to external calibration.  Further, in exercise of the power conferred by sub-rule (9) of rule 8 of the Legal Metrology (Approval","shall also cover the weighing instruments of similar make, accuracy and performance of same series with  capacity up to 50kg with number of verification scale interval (n)  in the range of 5000 to 60000 for ‘e’ value of  100mg or more and with number of verification scale interval (n) in the range of 100 to 60000 for ‘e’ value of  1mg to 50mg with ‘e’ value of 1x10k, 2x10k or  5x10k, where  k is a positive or negative whole number or equal  to zero manufactured by the same manufacturer in accordance with the same principle, design and with the same  materials with which, the said approved model has been manufactured.",5000 to 60000,100mg or more and with number of verification scale interval (n) in the range of 100 to 60000 for ‘e’ value of,100.0
300,24141,2026-06-25,I-21/198/2026-W&M Section,M.S SCALES & SYSTEMS,Non-automatic weighing instrument,300.pdf,https://lm.doca.gov.in/ModelApproval/Certificates/2026/300.pdf,DOCA_MODEL_APPROVAL,PDF_TEXT,False,MSRP,RESULT,"M/s  M.S. SCALES & SYSTEMS, PLOT NO.-746, POLE NO.-V966",IND/09/26/300,Electronic Platform Weighing Machine,Class III,300kg,300.0,kg,1kg,1.0,50g,50.0,LED,Strain Gauge Type of  Load Cell,ADI ARTECH,60310 Accuracy,C-3,,v1.5.0.hex,e24a8d3c12b7f5a89e1b22f7c0d95e6f3b7c3d2f9ale0b5c4d6a7b,"Sealing is done by passing the sealing wire through the holes provided on the body of machine. A lead  seal is put at the end of the wire for stamping purpose (a typical schematic diagram of sealing provision to  prevent the fraudulent practices of the model is given above as Figure 2). A dip switch has also been provided  in mother board/PCB to disable access to external calibration.  Further, in exercise of the power conferred by sub-rule (9) of rule 8 of the Legal Metrology (Approval","shall also cover the weighing instruments of similar make, accuracy and performance of same series with  capacity above 50kg and up to 5000kg with number of verification scale interval (n)  in the range of 500 to  10000 for ‘e’ value of 5g or more  with ‘e’ value of 1x10k, 2x10k or  5x10k, where  k is a positive or negative  whole number or equal to zero manufactured by the same manufacturer in accordance with the same principle,  design and with the same materials with which, the said approved model has been manufactured.","500 to 
10000",5g or more  with ‘e’ value of 1x10k,100.0
301,24054,2026-06-29,I-21/181/2026-W&M Section,MIAL INSTRUMENTS PRIVATE LIMITED,Measuring Systems for Liquids Other than Water,301.pdf,https://lm.doca.gov.in/ModelApproval/Certificates/2026/301.pdf,DOCA_MODEL_APPROVAL,PDF_TEXT,False,MEF 2100,MIAL INSTRUMENTS,"M/s Mial Instruments Private Limited,856/6, G.I.D.C.",IND/09/26/301,Measuring Systems for Liquids Other than Water,0.5 of series “MEF 2100” and with the brand name “MIAL INSTRUMENTS” (hereafter in referred,30 kg,30.0,kg,100 g,0.1,5 g,5.0,LCD,Electromagnetic Induction,Standard Strain Gauge,,C3,,FL20.11.V3.10,F99F1003-250514,Standard lead seal with wire passing through chassis holes.,,500 to 10000,5g or more,100.0
302,24046,2026-06-29,I-21/179/2026-W&M Section,JAIN AND SONS,Non-automatic weighing instrument,302.pdf,https://lm.doca.gov.in/ModelApproval/Certificates/2026/302.pdf,DOCA_MODEL_APPROVAL,PDF_TEXT,False,JS-109,JAIN SONS,"M/s, Jain and Sons Behind Annapurna Talkies, Jain Colony",IND/09/26/302,Electronic Weighbridge type,Class III,40t,40.0,tonne,200kg,200.0,10kg,10000.0,LED Display indicates the weighing result and LCD is for,Strain Gauge Type Load Cell Based,Based  Load Cell,,C3,,v1.0.0,e561468cd91caaa79a6a013c181fffe77931619814dbaaf4a,Sealing is done by passing the sealing wire through the holes provided on the body of  machine. A lead seal is put at the end of the wire for stamping purpose (a typical schematic  diagram of sealing provision to prevent the fraudulent practices of the model is given above  as Figure 2). A dip switch has also been provided in mother board/PCB to disable access to  external calibration.,"shall also cover the weighing instruments of  similar make, accuracy and performance of same series with capacity above 5t and up to 150t  with number of verification scale interval (n)  in the range of 500 to 10000 for ‘e’ value of 5g  or more  with ‘e’ value of 1x10k, 2x10k or  5x10k, where  k is a positive or negative whole  number or equal to zero manufactured by the same manufacturer in accordance with the same  principle, design and with the same materials with which, the said approved model has been",500 to 10000,5g,100.0
303,24087,2026-07-01,I-21/206/2026-W&M Section,S S WEIGHING SYSTEM,Non-automatic weighing instrument,303.pdf,https://lm.doca.gov.in/ModelApproval/Certificates/2026/303.pdf,DOCA_MODEL_APPROVAL,PDF_TEXT,False,SWSPF,SWS,"M/s S S WEIGHING SYSTEM, Bazar Samiti Road, Mathurapur",IND/09/26/303,Electronic Platform Weighing Machine,Class III,300kg,300.0,kg,1kg,1.0,50g,50.0,LED,Strain Gauge Type of  Load Cell,SWS,SWS-LD,C3,500 kg,v1.0.0,3B4155992A85ACEEE7,Sealing is done by passing the sealing wire through the holes provided on the body of  machine. A lead seal is put at the end of the wire for stamping purpose (a typical schematic  diagram of sealing provision to prevent the fraudulent practices of the model is given above  as Figure 2). A dip switch has also been provided in mother board/PCB to disable access to  external calibration.,"shall also cover the weighing instruments of  similar make, accuracy and performance of same series with capacity above 50kg and up to  5000kg with number of verification scale interval (n)  in the range of 500 to 10000 for ‘e’  value of 5g or more  with ‘e’ value of 1x10k, 2x10k or  5x10k, where  k is a positive or negative  whole number or equal to zero manufactured by the same manufacturer in accordance with  the same principle, design and with the same materials with which, the said approved model",500 to 10000,5g or more  with ‘e’ value of 1x10k,100.0
304,24126,2026-07-01,I-21/196/2026-W&M Section,BEURER INDIA PRIVATE LIMITED,Sphygmomanometer (Blood Pressure Meter),304.pdf,https://lm.doca.gov.in/ModelApproval/Certificates/2026/304.pdf,DOCA_MODEL_APPROVAL,PDF_TEXT,False,BM 23,BEURER,"M/s PT Beurer Indonesia Technolgy, Kawasan Industri Kendal, 
Jl. Lokapala Nomor 3",IND/09/26/,Sphygmomanometer (Blood Pressure Meter),Class III,30 kg,30.0,kg,100 g,0.1,1mmHg. A LCD display indicates the results of the measurement and the instrument,1.0,indicates the results of the measurement and the instrument,Strain Gauge type load cell based,Standard Strain Gauge,,C3,,is 700400.,,Standard lead seal with wire passing through chassis holes.,,500 to 10000,5g or more,100.0
305,24139,2026-07-03,I-21/205/2026-W&M Section,VIJAY PRECISION INSTRUMENTS,Non-automatic weighing instrument,305.pdf,https://lm.doca.gov.in/ModelApproval/Certificates/2026/305.pdf,DOCA_MODEL_APPROVAL,PDF_TEXT,False,VPITT,VIJAY PRECISION INSTRUMENT,"M/s. Vijay Precision Instrument,525 B. Pir Lote, Chirni",IND/09/26/305,Electronic Table top (Multi Interval),Class III,10kg/20kg/30kg,30.0,kg,20g,0.02,1g/2g/5g,5.0,LED,Strain Gauge type load cell based,based  Load Cell,,C3,,R5.0V1,2FA045,Sealing is done by passing the sealing wire through the holes provided on the body of  machine. A lead seal is put at the end of the wire for stamping purpose (sealing diagram and  photograph to prevent the fraudulent practices of the model is given above as Figure 2). A dip  switch has also been provided in mother board/PCB to disable access to external calibration.,"shall also cover the weighing instruments of  similar make, accuracy and performance of same series with capacity up to 50kg with number  of verification scale interval (n)  in the range of 500 to 10000 for ‘e’ value of 5g or more and  with number of verification scale interval (n) in the range of 100 to 10000 for ‘e’ value of  100mg to 2g with ‘e’ value of 1x10k, 2x10k or  5x10k, where  k is a positive or negative whole  number or equal to zero manufactured by the same manufacturer in accordance with the same",500 to 10000,5g or more and,100.0
306,24142,2026-07-03,I-21/211/2026-W&M Section,S B ENTERPRISE,Non-automatic weighing instrument,306.pdf,https://lm.doca.gov.in/ModelApproval/Certificates/2026/306.pdf,DOCA_MODEL_APPROVAL,PDF_TEXT,False,S-TT,Samriddhi,"M/s S B ENTERPRISE, Vill: Madhya Aranghata, P.O.- Aranghata",IND/09/26/306,Electronic Table Top (Multi Interval) Weighing Machine,Class III,10/20/30 kg,30.0,kg,20g,0.02,1/2/5 g,5.0,LED,Strain Gauge  load cell based,based  Load Cell,,C3,,V.2.0,0f6672090c949fdd55dc0edbc190a78da3453647,Sealing is done by passing the sealing wire through the holes provided on the body of  machine. A lead seal is put at the end of the wire for stamping purpose (a typical schematic  diagram of sealing provision to prevent the fraudulent practices of the model is given above  as Figure 2). A dip switch has also been provided in mother board/PCB to disable access to  external calibration.,"shall also cover the weighing instruments of  similar make, accuracy and performance of same series with capacity up to 50kg with number  of verification scale interval (n)  in the range of 500 to 10000 for ‘e’ value of 5g or more and  with number of verification scale interval (n) in the range of 100 to 10000 for ‘e’ value of  100mg to 2g with ‘e’ value of 1x10k, 2x10k or  5x10k, where  k is a positive or negative whole  number or equal to zero manufactured by the same manufacturer in accordance with the same",500 to 10000,5g or more and,100.0
307,24143,2026-07-03,I-21/211/2026-W&M Section,S B ENTERPRISE,Non-automatic weighing instrument,307.pdf,https://lm.doca.gov.in/ModelApproval/Certificates/2026/307.pdf,DOCA_MODEL_APPROVAL,PDF_TEXT,False,S-PT,Samriddhi,"M/s S B ENTERPRISE, Vill: Madhya Aranghata, P.O.- Aranghata",IND/09/26/307,Electronic Platform (Multi Scale Interval) Weighing scale,Class III,150/300kg,300.0,kg,400g,0.4,) Weighing scale,5.0,LED,Strain Gauge  load cell based,based  Load Cell,,C3,,V.2.0,0f6672090c949fdd55dc0edbc190a78da3453647,Sealing is done by passing the sealing wire through the holes provided on the body of  machine. A lead seal is put at the end of the wire for stamping purpose (a typical schematic  diagram of sealing provision to prevent the fraudulent practices of the model is given above  as Figure 2). A dip switch has also been provided in mother board/PCB to disable access to  external calibration.,"shall also cover the weighing instruments of  similar make, accuracy and performance of same series with capacity above 50kg and up to  5000kg with number of verification scale interval (n)  in the range of 500 to 10000 for ‘e’  value of 5g or more  with ‘e’ value of 1x10k, 2x10k or  5x10k, where  k is a positive or negative  whole number or equal to zero manufactured by the same manufacturer in accordance with  the same principle, design and with the same materials with which, the said approved model",500 to 10000,5g or more  with ‘e’ value of 1x10k,100.0
308,23997,2026-07-03,I-21/210/2026-W&M Section,S S WEIGHING SYSTEM,Non-automatic weighing instrument,308.pdf,https://lm.doca.gov.in/ModelApproval/Certificates/2026/308.pdf,DOCA_MODEL_APPROVAL,PDF_TEXT,False,SWSWB,SWS,"M/s S S WEIGHING SYSTEM, Bazar Samiti Road, Mathurapur",IND/09/26/308,Electronic Road Weighbridge type,Class III,40t,40.0,tonne,200kg,200.0,10kg,10000.0,LED,Strain Gauge Type Load Cell Based,Based  Load Cell,,C3,,v1.0.0,A96520584A7BE18537,Sealing is done by passing the sealing wire through the holes provided on the body of  machine. A lead seal is put at the end of the wire for stamping purpose (a typical schematic  diagram of sealing provision to prevent the fraudulent practices of the model is given above  as Figure 2). A dip switch has also been provided in mother board/PCB to disable access to  external calibration.,"shall also cover the weighing instruments of  similar make, accuracy and performance of same series with capacity above 5t and up to 150t  with number of verification scale interval (n)  in the range of 500 to 10000 for ‘e’ value of 5g  or more  with ‘e’ value of 1x10k, 2x10k or  5x10k, where  k is a positive or negative whole  number or equal to zero manufactured by the same manufacturer in accordance with the same  principle, design and with the same materials with which, the said approved model has been",500 to 10000,5g,100.0
309,23577,2026-07-03,I-21/23/2026-W&M Section,ENDRESS + HAUSER (INDIA) PRIVATE LIMITED,Gas Meters,309.pdf,https://lm.doca.gov.in/ModelApproval/Certificates/2026/309.pdf,DOCA_MODEL_APPROVAL,PDF_TEXT,False,described,ENDRESS,"M/s Endress+Hauser SICK 
GmbH+Co.KG, Bergener Ring 27, 01458 Ottendorf-Okrilla and imported & marketed in India",IND/09/26/309,Gas Meters,1.0,30 kg,30.0,kg,100 g,0.1,5 g,5.0,Digital LED/LCD,Strain Gauge type load cell based,Standard Strain Gauge,,C3,,Ver-1.0,V2.04.00,Standard lead seal with wire passing through chassis holes.,,500 to 10000,5g or more,100.0
310,23579,2026-07-03,I-21/23/2026-W&M Section,ENDRESS + HAUSER (INDIA) PRIVATE LIMITED,Gas Meters,310.pdf,https://lm.doca.gov.in/ModelApproval/Certificates/2026/310.pdf,DOCA_MODEL_APPROVAL,PDF_TEXT,False,described,ENDRESS,"M/s Endress+Hauser SICK 
GmbH+Co.KG, Bergener Ring 27, 01458 Ottendorf-Okrilla and imported & marketed in India",IND/09/26/,Gas Meters,1.0,30 kg,30.0,kg,100 g,0.1,5 g,5.0,Digital LED/LCD,Strain Gauge type load cell based,Standard Strain Gauge,,C3,,Ver-1.0,1.02.01,Standard lead seal with wire passing through chassis holes.,,500 to 10000,5g or more,100.0
311,23584,2026-07-03,I-21/23/2026-W&M Section,ENDRESS + HAUSER (INDIA) PRIVATE LIMITED,Gas Meters,311.pdf,https://lm.doca.gov.in/ModelApproval/Certificates/2026/311.pdf,DOCA_MODEL_APPROVAL,PDF_TEXT,False,described,ENDRESS,"M/s 
Endress+Hauser SICK GmbH+Co.KG, Bergener Ring 27, 01458 Ottendorf-Okrilla and imported",IND/09/26/,Gas Meters,"0.5 (hereinafter referred to as the said model), manufactured by M/s",30 kg,30.0,kg,100 g,0.1,5 g,5.0,Digital LED/LCD,Strain Gauge type load cell based,Standard Strain Gauge,,C3,,s,1.05.00,Standard lead seal with wire passing through chassis holes.,,500 to 10000,5g or more,100.0
312,24090,2026-07-03,I-21/214/2026-W&M Section,OMRON HEALTHCARE MANUFACTURING INDIA PRIVATE LIMITED,Sphygmomanometer (Blood Pressure Meter),312.pdf,https://lm.doca.gov.in/ModelApproval/Certificates/2026/312.pdf,DOCA_MODEL_APPROVAL,PDF_TEXT,False,HEM-7181,Omron,"M/s Omron Healthcare Manufacturing India Private Limited, 19 & 110A, 
Origins by Mahindra World City",IND/09/26/,Sphygmomanometer (Blood Pressure Meter),Class III,30 kg,30.0,kg,100 g,0.1,1mmHg. A LCD display indicates the results of the measurement and the instrument,1.0,indicates the results of the measurement and the instrument,Strain Gauge type load cell based,Standard Strain Gauge,,C3,,of the model is 010002 and checksum is 6532.,is 6532.,Standard lead seal with wire passing through chassis holes.,,500 to 10000,5g or more,100.0
313,24091,2026-07-03,I-21/214/2026-W&M Section,OMRON HEALTHCARE MANUFACTURING INDIA PRIVATE LIMITED,Sphygmomanometer (Blood Pressure Meter),313.pdf,https://lm.doca.gov.in/ModelApproval/Certificates/2026/313.pdf,DOCA_MODEL_APPROVAL,PDF_TEXT,False,HEM-7090,Omron,"M/s Omron Healthcare Manufacturing India Private Limited, 19 & 110A, 
Origins by Mahindra World City",IND/09/26/,Sphygmomanometer (Blood Pressure Meter),Class III,30 kg,30.0,kg,100 g,0.1,1mmHg. A LCD display indicates the results of the measurement and the instrument,1.0,indicates the results of the measurement and the instrument,Strain Gauge type load cell based,Standard Strain Gauge,,C3,,of the model is 010002 and checksum is 6532.,is 6532.,Standard lead seal with wire passing through chassis holes.,,500 to 10000,5g or more,100.0
314,24092,2026-07-03,I-21/214/2026-W&M Section,OMRON HEALTHCARE MANUFACTURING INDIA PRIVATE LIMITED,Sphygmomanometer (Blood Pressure Meter),314.pdf,https://lm.doca.gov.in/ModelApproval/Certificates/2026/314.pdf,DOCA_MODEL_APPROVAL,PDF_TEXT,False,HEM-7090-L,Omron,"M/s Omron Healthcare Manufacturing India Private Limited, 19 &",IND/09/26/314,Sphygmomanometer (Blood Pressure Meter),Class III,30 kg,30.0,kg,100 g,0.1,1mmHg. A LCD display indicates the results of the measurement and the instrument,1.0,indicates the results of the measurement and the instrument,Strain Gauge type load cell based,Standard Strain Gauge,,C3,,of the model is 010002 and checksum is 6532.,is 6532.,Standard lead seal with wire passing through chassis holes.,,500 to 10000,5g or more,100.0
315,24155,2026-07-03,I-21/207/2026-W&M Section,CAELIX INDUSTRIES,Non-automatic weighing instrument,315.pdf,https://lm.doca.gov.in/ModelApproval/Certificates/2026/315.pdf,DOCA_MODEL_APPROVAL,PDF_TEXT,False,CI-TT III,CAELIX,"M/s 
CAELIX  INDUSTRIES, AMRELI ROAD SAVARKUNDLA-364515 (GUJARAT) and which is",IND/09/26/315,Electronic Table Top Weighing Machine,Class III,30kg,30.0,kg,100g,0.1,5g,5.0,LED,Strain Gauge type load cell based.,based.  Load Cell,,C3,,v1.5.0hex,e24a8d3c12b7f5a89e1b22f7c0d95e6f3b7c3d2f9a1e0b,Sealing is done by passing the sealing wire through the holes provided on the body of machine.  A lead seal is put at the end of the wire for stamping purpose (a typical schematic diagram of sealing  provision to prevent the fraudulent practices of the model is given above as Figure 2). A dip switch  has also been provided in mother board/PCB to disable access to external calibration.,"shall also cover the weighing instruments of similar make, accuracy and  performance of same series with capacity up to 50kg with number of verification scale interval (n) in  the range of 500 to 10000 for ‘e’ value of 5g or more and with number of verification scale interval  (n) in the range of 100 to 10000 for ‘e’ value of 100mg to 2g with ‘e’value of 1x10k, 2x10k or 5x10k,  where k is a positive or negative whole number or equal to zero manufactured by the same  manufacturer in accordance with the same principle, design and with the same materials with which,",500 to 10000,5g or more and with number of verification scale interval,100.0
316,24156,2026-07-03,I-21/207/2026-W&M Section,CAELIX INDUSTRIES,Non-automatic weighing instrument,316.pdf,https://lm.doca.gov.in/ModelApproval/Certificates/2026/316.pdf,DOCA_MODEL_APPROVAL,PDF_TEXT,False,CI-P-III,CAELIX,"M/s 
CAELIX  INDUSTRIES, AMRELI ROAD SAVARKUNDLA-364515 (GUJARAT) and which is",IND/09/26/316,Electronic Platform Weighing Machine,Class III,300kg,300.0,kg,1kg,1.0,50g,50.0,LED,Strain Gauge type load cell based.,based.  Load Cell,,C3,,v1.5.0hex,e24a8d3c12b7f5a89e1b22f7c0d95e6f3b7c3d2f9a1e0b,Sealing is done by passing the sealing wire through the holes provided on the body of machine.  A lead seal is put at the end of the wire for stamping purpose (a typical schematic diagram of sealing  provision to prevent the fraudulent practices of the model is given above as Figure 2). A dip switch  has also been provided in mother board/PCB to disable access to external calibration.,"shall also cover the weighing instruments of similar make, accuracy and  performance of same series with capacity above 50kg and up to 5000kg with number of verification  scale interval (n) in the range of 500 to 10000 for ‘e’ value of 5g or more with ‘e’ value of 1x10k,  2x10k or 5x10k, where k is a positive or negative whole number or equal to zero manufactured by the  same manufacturer in accordance with the same principle, design and with the same materials with  which, the said approved",500 to 10000,5g or more with ‘e’ value of 1x10k,100.0
317,24162,2026-07-03,I-21/207/2026-W&M Section,CAELIX INDUSTRIES,Non-automatic weighing instrument,317.pdf,https://lm.doca.gov.in/ModelApproval/Certificates/2026/317.pdf,DOCA_MODEL_APPROVAL,PDF_TEXT,False,CI-TT-I,CAELIX,"M/s 
CAELIX  INDUSTRIES, AMRELI ROAD SAVARKUNDLA-364515 (GUJARAT) and which is",IND/09/26/317,Electronic Table Top Weighing Machine,Class I,500g,0.5,kg,100mg,100.0,1mg,1.0,LCD,EMFC,Standard Strain Gauge,,C3,,DJ623 GT,0970,"Sealing is done by passing the sealing wire through the holes provided on the body of machine.  A lead seal is put at the end of the wire for stamping purpose (a typical schematic diagram of sealing  provision to prevent the fraudulent practices of the model is given above as Figure 2). A dip switch  has also been provided in mother board/PCB to disable access to external calibration.  Further, in exercise of the power conferred by sub-rule (9) of rule 8 of the Legal Metrology","shall also cover the weighing instruments of similar make, accuracy and  performance of same series with capacity up to 10kg with number of verification scale interval (n)   50000 or more for ‘e’ value of 1mg or more with ‘e’ value of 1x10k, 2x10k or  5x10k, where  k is a  positive or negative whole number or equal to zero manufactured by the same manufacturer in  accordance with the same principle, design and with the same materials with which, the said approved  model has been manufactured.",500 to 10000,1mg or more with ‘e’ value of 1x10k,100.0
318,24170,2026-07-03,I-21/207/2026-W&M Section,CAELIX INDUSTRIES,Non-automatic weighing instrument,318.pdf,https://lm.doca.gov.in/ModelApproval/Certificates/2026/318.pdf,DOCA_MODEL_APPROVAL,PDF_TEXT,False,CI-TT P III,CAELIX,"M/s 
CAELIX  INDUSTRIES, AMRELI ROAD SAVARKUNDLA-364515(GUJARAT) and which is",IND/09/26/318,Electronic Table Top Scale (PRICE COMPUTING TYPE),Class III,30kg,30.0,kg,100g,0.1,5g,5.0,LED,Strain Gauge type load cell based.,based.  Load Cell,,C3,,v1.5.0hex,e24a8d3c12b7f5a89e1b22f7c0d95e6f3b7c3d2f9a1e0b,Sealing is done by passing the sealing wire through the holes provided on the body of machine.  A lead seal is put at the end of the wire for stamping purpose (a typical schematic diagram of sealing  provision to prevent the fraudulent practices of the model is given above as Figure 2). A dip switch  has also been provided in mother board/PCB to disable access to external calibration.,"shall also cover the weighing instruments of similar make, accuracy and  performance of same series with capacity up to 50kg with number of verification scale interval (n) in  the range of 500 to 10000 for ‘e’ value of 5g or more and with number of verification scale interval  (n) in the range of 100 to 10000 for ‘e’ value of 100mg to 2g with ‘e’ value of 1x10k, 2x10k or 5x10k,  where k is a positive or negative whole number or equal to zero manufactured by the same  manufacturer in accordance with the same principle, design and with the same materials with which,",500 to 10000,5g or more and with number of verification scale interval,100.0
319,24197,2026-07-06,I-21/194/2026-W&M Section,PIETRO FIORENTINI DB INDIA PRIVATE LIMITED,Gas Meters,319.pdf,https://lm.doca.gov.in/ModelApproval/Certificates/2026/319.pdf,DOCA_MODEL_APPROVAL,PDF_TEXT,False,described,PIETRO,"M/s Pietro Fiorentini s.P.a Via Enrico Fermi 8/10, 36057 Arcugnano",IND/09/26/,Gas Meters,1.5 (hereinafter referred to as the,30 kg,30.0,kg,100 g,0.1,5 g,5.0,Digital LED/LCD,Strain Gauge type load cell based,Standard Strain Gauge,,C3,,Ver-1.0,,Standard lead seal with wire passing through chassis holes.,,500 to 10000,5g or more,100.0
320,24093,2026-07-06,I-21/214/2026-W&M Section,OMRON HEALTHCARE MANUFACTURING INDIA PRIVATE LIMITED,Sphygmomanometer (Blood Pressure Meter),320.pdf,https://lm.doca.gov.in/ModelApproval/Certificates/2026/320.pdf,DOCA_MODEL_APPROVAL,PDF_TEXT,False,HEM-7183T1-FL,Omron,"M/s Omron Healthcare Manufacturing India Private Limited, 19",IND/09/26/320,Sphygmomanometer (Blood Pressure Meter),Class III,30 kg,30.0,kg,100 g,0.1,1mmHg. A LCD display indicates the results of the measurement and the instrument,1.0,indicates the results of the measurement and the instrument,Strain Gauge type load cell based,Standard Strain Gauge,,C3,,of the model is 010002 and checksum is 6532.,is 6532.,Standard lead seal with wire passing through chassis holes.,,500 to 10000,5g or more,100.0
321,24094,2026-07-06,I-21/214/2026-W&M Section,OMRON HEALTHCARE MANUFACTURING INDIA PRIVATE LIMITED,Sphygmomanometer (Blood Pressure Meter),321.pdf,https://lm.doca.gov.in/ModelApproval/Certificates/2026/321.pdf,DOCA_MODEL_APPROVAL,PDF_TEXT,False,HEM-7183T1-FLB,Omron,"M/s Omron Healthcare Manufacturing India Private Limited, 
19 & 110A, Origins by Mahindra World City",IND/09/26/321,Sphygmomanometer (Blood Pressure Meter),Class III,30 kg,30.0,kg,100 g,0.1,1mmHg. A LCD display indicates the results of the measurement and the instrument,1.0,indicates the results of the measurement and the instrument,Strain Gauge type load cell based,Standard Strain Gauge,,C3,,of the model is 010002 and checksum is 6532.,is 6532.,Standard lead seal with wire passing through chassis holes.,,500 to 10000,5g or more,100.0
322,23801,2026-07-06,I-21/203/2026-W&M Section,OHAUS WEIGHING INDIA PRIVATE LIMITED,Non-automatic weighing instrument,322.pdf,https://lm.doca.gov.in/ModelApproval/Certificates/2026/322.pdf,DOCA_MODEL_APPROVAL,PDF_TEXT,False,EXPLORER,OHAUS,"M/s. OHAUS WEIGHING INDIA PRIVATE LIMITED Amar Hill, Saki",IND/09/26/322,Table top Type,Class II,6200g,6.2,kg,5g,0.005,”e,5.0,TFT,EMFC,Standard Strain Gauge,,C3,,1.02 (1.xx (xx is 00 to 99)),ff00c0f28d7777a961fb27034626f5f5c1ece22513b378811,Sealing is done by passing the sealing wire through the holes provided on the body of  machine. A lead seal is put at the end of the wire for stamping purpose (a typical schematic  diagram of sealing provision to prevent the fraudulent practices of the model is given above  as Figure 2). A dip switch has also been provided in mother board/PCB to disable access to  external calibration.,"shall also cover the weighing instruments of  similar make, accuracy and performance of same series with capacity up to 50kg with number  of verification scale interval (n)  in the range of 5000 to 100000 for ‘e’ value of 100mg or  more and with number of verification scale interval (n) in the range of 100 to 100000 for ‘e’  value of 1mg to 50mg with ‘e’ value of 1x10k, 2x10k or  5x10k, where  k is a positive or  negative whole number or equal to zero manufactured by the same manufacturer in",5000 to 100000,100mg or,100.0
323,23859,2026-07-06,I-21/203/2026-W&M Section,OHAUS WEIGHING INDIA PRIVATE LIMITED,Non-automatic weighing instrument,323.pdf,https://lm.doca.gov.in/ModelApproval/Certificates/2026/323.pdf,DOCA_MODEL_APPROVAL,PDF_TEXT,False,EXPLORER PLUS,OHAUS,"M/s. OHAUS WEIGHING INDIA PRIVATE LIMITED Amar Hill, 
Saki Vihar Road, Powai",IND/09/26/,Table top,Class II,8200g,8.2,kg,5g,0.005,100mg,100.0,TFT,EMFC,Standard Strain Gauge,,C3,,1.02 (1.xx (xx is 00 to 99)),ff00c0f28d7777a961fb27034626f5f5c1ece22513b378811,Sealing is done by passing the sealing wire through the holes provided on the body of  machine. A lead seal is put at the end of the wire for stamping purpose (a typical schematic  diagram of sealing provision to prevent the fraudulent practices of the model is given above  as Figure 2). A dip switch has also been provided in mother board/PCB to disable access to  external calibration.,"shall also cover the weighing instruments of  similar make, accuracy and performance of same series with capacity up to 50kg with number  of verification scale interval (n)  in the range of 5000 to 100000 for ‘e’ value of 100mg or  more and with number of verification scale interval (n) in the range of 100 to 100000 for ‘e’  value of 1mg to 50mg with ‘e’ value of 1x10k, 2x10k or  5x10k, where  k is a positive or  negative whole number or equal to zero manufactured by the same manufacturer in",5000 to 100000,100mg or,100.0
324,24146,2026-07-06,I-21/216/2026-W&M Section,RADHE SHYAM METAL INDUSTRIES,Non-automatic weighing instrument,324.pdf,https://lm.doca.gov.in/ModelApproval/Certificates/2026/324.pdf,DOCA_MODEL_APPROVAL,PDF_TEXT,False,LGPF-III,LIGHT GREEN,"M/s Radhe Shyam Metal Industries, Behind Essar Petrol Pump, 
Nesadi Road",IND/09/26/324,Electronic Platform (Multi Interval) type weighing,Class III,100/200/300kg,300.0,kg,200g,0.2,10/20/50g,50.0,LED,Strain Gauge type load cell based,based  Load Cell,,C3,,weight12.hex,Details,Sealing is done by passing the sealing wire through the holes provided on the body of  machine. A lead seal is put at the end of the wire for stamping purpose (a typical schematic  diagram of sealing provision to prevent the fraudulent practices of the model is given above  as Figure 2). A dip switch has also been provided in mother board/PCB to disable access to  external calibration.,"shall also cover the weighing instruments of similar make,  accuracy and performance of same series with capacity above 50kg and up to 5000kg with  number of verification scale interval (n) in the range of 500 to 10000 for ‘e’ value of 5g or  more with ‘e’ value of 1x10k, 2x10k or 5x10k, where k is a positive or negative whole number  or equal to zero manufactured by the same manufacturer in accordance with the same principle,  design and with the same materials with which, the said approved model has been",500 to 10000,5g or,100.0
325,24145,2026-07-06,I-21/216/2026-W&M Section,RADHE SHYAM METAL INDUSTRIES,Non-automatic weighing instrument,325.pdf,https://lm.doca.gov.in/ModelApproval/Certificates/2026/325.pdf,DOCA_MODEL_APPROVAL,PDF_TEXT,False,LGTT-III,LIGHT GREEN,"M/s Radhe Shyam Metal Industries, Behind Essar Petrol",IND/09/26/,Table top-Multi interval type,Class III,10/20/30kg,30.0,kg,20g,0.02,1/2/5g,5.0,LED,Strain Gauge type load cell based,based  Load Cell,,C3,,weight12.hex,Details,Sealing is done by passing the sealing wire through the holes provided on the body of  machine. A lead seal is put at the end of the wire for stamping purpose (a typical schematic  diagram of sealing provision to prevent the fraudulent practices of the model is given above  as Figure 2). A dip switch has also been provided in mother board/PCB to disable access to  external calibration.,"shall also cover the weighing instruments of  similar make, accuracy and performance of same series with capacity up to 50kg with number  of verification scale interval (n) in the range of 500 to 10000 for ‘e’ value of 5g or more and  with number of verification scale interval (n) in the range of 100 to 10000 for ‘e’ value of  100mg to 2g with ‘e’ value of 1x10k, 2x10k or 5x10k, where k is a positive or negative whole  number or equal to zero manufactured by the same manufacturer in accordance with the same",500 to 10000,5g or more and,100.0
326,24095,2026-07-06,I-21/182/2026-W&M Section,H.P.S INDUSTRIES,Non-automatic weighing instrument,326.pdf,https://lm.doca.gov.in/ModelApproval/Certificates/2026/326.pdf,DOCA_MODEL_APPROVAL,PDF_TEXT,False,KTWB,KING TECH HPS,"M/s H.P.S. Industries, Ground Floor, Plot No. 1663/5344",IND/09/26/,Electronic Weighbridge,Class III,40t,40.0,tonne,200kg,200.0,10kg,10000.0,One LED display for weight indication and One LCD,Strain Gauge Type  Load cell Based,Based  Load Cell,,C3,,1.03,MD5 (CD2DE6BEB4BFFCF7ADA8C738665908E6),Sealing is done by passing the sealing wire through the holes provided on the body of  machine. A lead seal is put at the end of the wire for stamping purpose (a typical schematic  diagram of sealing provision to prevent the fraudulent practices of the model is given above  as Figure 2). A dip switch has also been provided in mother board/PCB to disable access to  external calibration.,"shall also cover the weighing instruments of  similar make, accuracy and performance of same series with capacity above 5t and up to 150t  with number of verification scale interval (n)  in the range of 500 to 10000 for ‘e’ value of 5g  or more  with ‘e’ value of 1x10k, 2x10k or  5x10k, where  k is a positive or negative whole  number or equal to zero manufactured by the same manufacturer in accordance with the same  principle, design and with the same materials with which, the said approved model has been",500 to 10000,5g,100.0
327,18801,2026-07-06,I-21/202/2026-W&M Section,AAROHI EMBEDDED SYSTEMS PRIVATE LIMITED,Flow Meters,327.pdf,https://lm.doca.gov.in/ModelApproval/Certificates/2026/327.pdf,DOCA_MODEL_APPROVAL,PDF_TEXT,False,MFI-013,Aarohi,"M/s. Aarohi Embedded 
Systems Private Limited, Plot No. G-(1004-8)A, Kishan Gate No-3",IND/09/26/,Flow Meters,0.5 of series “MFI-013” and with the brand,30 kg,30.0,kg,100 g,0.1,5 g,5.0,Graphic LCD,Strain Gauge type load cell based,Standard Strain Gauge,,C3,,V2.33b.zip,d8bf15836e948ceb038ea2725e9913bd,Standard lead seal with wire passing through chassis holes.,,500 to 10000,5g or more,100.0
328,24104,2026-07-06,I-21/217/2026-W&M Section,NOGUILT FITNESS AND NUTRITION INDIA PRIVATE LIMITED,Non-automatic weighing instrument,328.pdf,https://lm.doca.gov.in/ModelApproval/Certificates/2026/328.pdf,DOCA_MODEL_APPROVAL,PDF_TEXT,False,NGFN,FITELO,"M/s Noguilt Fitness And Nutrition India Private Limited. 2nd Floor, Plot",IND/09/26/328,Electronic Personal Weighing Scale,Class III,180kg,180.0,kg,1kg,1.0,50g,50.0,LCD,Strain Gauge type load cell based,based  Load Cell,,C3,,LYB-1005-VB,Details,Sealing is done by passing the sealing wire through the holes provided on the body of  machine. A lead seal is put at the end of the wire for stamping purpose (a typical schematic  diagram of sealing provision to prevent the fraudulent practices of the model is given above  as Figure 2). A dip switch has also been provided in mother board/PCB to disable access to  external calibration.,"shall also cover the weighing instruments of  similar make, accuracy and performance of same series with capacity up to 200kg with  number of verification scale interval (n) in the range of 500 to 10000 for ‘e’ value of 5g or  more with ‘e’ value of 1x10k, 2x10k or 5x10k, where k is a positive or negative whole number  or equal to zero manufactured by the same manufacturer in accordance with the same  principle, design and with the same materials with which, the said approved model has been",500 to 10000,5g or,100.0
329,24157,2026-07-06,I-21/215/2026-W&M Section,DIGITARE INTERNATIONAL,Non-automatic weighing instrument,329.pdf,https://lm.doca.gov.in/ModelApproval/Certificates/2026/329.pdf,DOCA_MODEL_APPROVAL,PDF_TEXT,False,DGT-PF,DIGITARE,"M/s, DIGITARE INTERNATIONAL. Near Maldhari Fatak, Dheber Road",IND/09/26/,Electronic Platform type weighing instrument,Class III,300kg,300.0,kg,1kg,1.0,50g,50.0,LED,Strain Gauge type load cell based,based  Load Cell,,C3,,M12-B4,Details,Sealing is done by passing the sealing wire through the holes provided on the body of  machine. A lead seal is put at the end of the wire for stamping purpose (a typical schematic  diagram of sealing provision to prevent the fraudulent practices of the model is given above  as Figure 2). A dip switch has also been provided in mother board/PCB to disable access to  external calibration.,"shall also cover the weighing instruments of  similar make, accuracy and performance of same series with capacity above 50kg and up to  5000kg with number of verification scale interval (n) in the range of 500 to 10000 for ‘e’ value  of 5g or more with ‘e’ value of 1x10k, 2x10k or 5x10k, where k is a positive or negative whole  number or equal to zero manufactured by the same manufacturer in accordance with the same  principle, design and with the same materials with which, the said approved model has been",500 to 10000,5g or more with ‘e’ value of 1x10k,100.0
330,24158,2026-07-06,I-21/215/2026-W&M Section,DIGITARE INTERNATIONAL,Non-automatic weighing instrument,330.pdf,https://lm.doca.gov.in/ModelApproval/Certificates/2026/330.pdf,DOCA_MODEL_APPROVAL,PDF_TEXT,False,DGT-TT,DIGITARE,"M/s DIGITARE INTERNATIONAL. Near Maldhari Fatak, Dheber Road, 
Rajkot-360002 Gujarat and which is assigned the approval mark IND/09/26/ 330 (the picture",IND/09/26/,Electronic Table Top type,Class III,30kg,30.0,kg,100g,0.1,5g,5.0,LED,Strain Gauge type load cell based,based  Load Cell,,C3,,M12-B4,Details,Sealing is done by passing the sealing wire through the holes provided on the body of  machine. A lead seal is put at the end of the wire for stamping purpose (a typical schematic  diagram of sealing provision to prevent the fraudulent practices of the model is given above  as Figure 2). A dip switch has also been provided in mother board/PCB to disable access to  external calibration.,"shall also cover the weighing instruments of  similar make, accuracy and performance of same series with capacity up to 50kg with number  of verification scale interval (n) in the range of 500 to 10000 for ‘e’ value of 5g or more and  with number of verification scale interval (n) in the range of 100 to 10000 for ‘e’ value of  100mg to 2g with ‘e’ value of 1x10k, 2x10k or 5x10k, where k is a positive or negative whole  number or equal to zero manufactured by the same manufacturer in accordance with the same",500 to 10000,5g or more and,100.0
331,24047,2026-07-09,I-21/187/2026-W&M Section,VISAI LABS PRIVATE LIMITED,Any other Weight or Measure,331.pdf,https://lm.doca.gov.in/ModelApproval/Certificates/2026/331.pdf,DOCA_MODEL_APPROVAL,PDF_TEXT,False,V-Measure,VISAI LABS PRIVATE LIMITED,"M/s. VISAI LABS PRIVATE LIMITED, Module",IND/09/26/331,Any other Weight or Measure,Class III,30 kg,30.0,kg,100 g,0.1,d” (L X,5.0,Touch Screen TFT,Strain Gauge type load cell based,Standard Strain Gauge,,C3,,V2.6.14,09c1b5ab1f07172ffd6a5385c255dbd9,"Sealing is done by passing the sealing wire through the holes provided on the body of machine  (a typical schematic diagram and photograph of sealing provision to prevent the fraudulent practices  of the model is given above as Figure 2). A dip switch has also been provided in mother board/PCB to  disable access to external calibration.  Further, in exercise of the power conferred by sub-rule (9) of rule 8 of the Legal Metrology",,500 to 10000,5g or more,100.0
332,24048,2026-07-09,I-21/187/2026-W&M Section,VISAI LABS PRIVATE LIMITED,Any other Weight or Measure,332.pdf,https://lm.doca.gov.in/ModelApproval/Certificates/2026/332.pdf,DOCA_MODEL_APPROVAL,PDF_TEXT,False,V-Measure,VISAI LABS PRIVATE LIMITED,"M/s. VISAI LABS PRIVATE LIMITED, Module",IND/09/26/332,Any other Weight or Measure,Class III,30 kg,30.0,kg,100 g,0.1,d” (L X,5.0,Touch Screen TFT,Strain Gauge type load cell based,Standard Strain Gauge,,C3,,V2.6.14,09c1b5ab1f07172ffd6a5385c255dbd9,"Sealing is done by passing the sealing wire through the holes provided on the body of machine  (a typical schematic diagram and photograph of sealing provision to prevent the fraudulent practices  of the model is given above as Figure 2). A dip switch has also been provided in mother board/PCB to  disable access to external calibration.  Further, in exercise of the power conferred by sub-rule (9) of rule 8 of the Legal Metrology",,500 to 10000,5g or more,100.0
333,24173,2026-07-09,I-21/218/2026-W&M Section,SHREE LAXMI ENTERPRISES,Non-automatic weighing instrument,333.pdf,https://lm.doca.gov.in/ModelApproval/Certificates/2026/333.pdf,DOCA_MODEL_APPROVAL,PDF_TEXT,False,CLR,SLE SANSUI,"M/s Shree Laxmi Enterprises, Plot No.- 728/1269, Pikola",IND/09/26/333,Bench Scale,Class III,100kg,100.0,kg,200g,0.2,10g,10.0,LED,Strain Gauge type load cell based,based  Load Cell,,C3,,V 1.01,Details,Sealing is done by passing the sealing wire through the holes provided on the body of  machine. A lead seal is put at the end of the wire for stamping purpose (a typical schematic  diagram of sealing provision to prevent the fraudulent practices of the model is given above  as Figure 2). A dip switch has also been provided in mother board/PCB to disable access to  external calibration.,"shall also cover the weighing instruments of  similar make, accuracy and performance of same series with capacity above 50kg and up to  200kg with number of verification scale interval (n) in the range of 500 to 10000 for ‘e’ value  of 5g or more with ‘e’ value of 1x10k, 2x10k or 5x10k, where k is a positive or negative whole  number or equal to zero manufactured by the same manufacturer in accordance with the same  principle, design and with the same materials with which, the said approved model has been",500 to 10000,5g or more with ‘e’ value of 1x10k,100.0
334,24174,2026-07-09,I-21/218/2026-W&M Section,SHREE LAXMI ENTERPRISES,Non-automatic weighing instrument,334.pdf,https://lm.doca.gov.in/ModelApproval/Certificates/2026/334.pdf,DOCA_MODEL_APPROVAL,PDF_TEXT,False,CG,SLE SANSUI,"M/s Shree Laxmi Enterprises, Plot No.- 728/1269, Pikola",IND/09/26/334,Table top Type Scale,Class III,30kg,30.0,kg,100g,0.1,5g,5.0,LED,Strain Gauge type load cell based,based  Load Cell,,C3,,V 1.01,Details,Sealing is done by passing the sealing wire through the holes provided on the body of  machine. A lead seal is put at the end of the wire for stamping purpose (a typical schematic  diagram of sealing provision to prevent the fraudulent practices of the model is given above  as Figure 2). A dip switch has also been provided in mother board/PCB to disable access to  external calibration.,"shall also cover the weighing instruments of  similar make, accuracy and performance of same series with capacity up to 50kg with number  of verification scale interval (n) in the range of 500 to 10000 for ‘e’ value of 5g or more and  with number of verification scale interval (n) in the range of 100 to 10000 for ‘e’ value of  100mg to 2g with ‘e’value of 1x10k, 2x10k or 5x10k, where k is a positive or negative whole  number or equal to zero manufactured by the same manufacturer in accordance with thesame",500 to 10000,5g or more and,100.0
335,24175,2026-07-09,I-21/218/2026-W&M Section,SHREE LAXMI ENTERPRISES,Non-automatic weighing instrument,335.pdf,https://lm.doca.gov.in/ModelApproval/Certificates/2026/335.pdf,DOCA_MODEL_APPROVAL,PDF_TEXT,False,CSR,SLE SANSUI,"M/s Shree Laxmi Enterprises, Plot No.- 728/1269, Pikola",IND/09/26/335,Platform Type Scale,Class III,300kg,300.0,kg,1kg,1.0,50g,50.0,LED,Strain Gauge type load cell based,based  Load Cell,,C3,,V 1.01,Details,Sealing is done by passing the sealing wire through the holes provided on the body of  machine. A lead seal is put at the end of the wire for stamping purpose (a typical schematic  diagram of sealing provision to prevent the fraudulent practices of the model is given above  as Figure 2). A dip switch has also been provided in mother board/PCB to disable access to  external calibration.,"shall also cover the weighing instruments of  similar make, accuracy and performance of same series with capacity above 50kg and up to  5000kg with number of verification scale interval (n) in the range of 500 to 10000 for ‘e’ value  of 5g or more with ‘e’ value of 1x10k, 2x10k or 5x10k, where k is a positive or negative whole  number or equal to zero manufactured by the same manufacturer in accordance with the same  principle, design and with the same materials with which, the said approved model has been",500 to 10000,5g or more with ‘e’ value of 1x10k,100.0
336,23688,2026-07-09,I-21/220/2026-W&M Section,POWER SCALE,Any other Weight or Measure,336.pdf,https://lm.doca.gov.in/ModelApproval/Certificates/2026/336.pdf,DOCA_MODEL_APPROVAL,PDF_TEXT,False,CAD,POWER,"M/s POWER SCALE, MAHADEV ESTATE PART 6, CTM RAMOL",IND/09/26/,Electronic Table top Weighing Scale,Class I,600g,0.6,kg,100mg,100.0,1mg,1.0,LCD,EMFC,Standard Strain Gauge,,C3,,V 1.1.0,e24a8d3c12b7f5a89e1b2f7c0d95e6f3b7c3d2f9a1e0b5c4,Sealing is done by passing the sealing wire through the holes provided on the body of  machine. A lead seal is put at the end of the wire for stamping purpose (a typical schematic  diagram of sealing provision to prevent the fraudulent practices of the model is given above  as Figure 2). A dip switch has also been provided in mother board/PCB to disable access to  external calibration.,"shall also cover the weighing instruments of  similar make, accuracy and performance of same series with capacity up to 5kg with number  of verification scale interval (n)  50000 or more for ‘e’ value of 1mg or more with ‘e’ value  of 1x10k, 2x10k or  5x10k, where  k is a positive or negative whole number or equal to zero  manufactured by the same manufacturer in accordance with the same principle, design and  with the same materials with which, the said approved model has been manufactured.",500 to 10000,1mg or more with ‘e’ value,100.0
337,24003,2026-07-10,I-21/219/2026-W&M Section,METTLER-TOLEDO INDIA PRIVATE LIMITED,Non-automatic weighing instrument,337.pdf,https://lm.doca.gov.in/ModelApproval/Certificates/2026/337.pdf,DOCA_MODEL_APPROVAL,PDF_TEXT,False,IND 400,METTLER TOLEDO,"M/s METTLER- TOLEDO INDIA Pvt. Ltd. Amar Hill, Saki",IND/09/26/337,Electronic Table Top Weighing Scale,Class II,30kg,30.0,kg,100g,0.1,2g,2.0,TFT colour Graphic Display,Strain Gauge Load Cell Based,Based   Load Cell,,C3,,2.xx.yyyy,Details,Sealing is done by passing the sealing wire through the holes provided on the body of  machine. A lead seal is put at the end of the wire for stamping purpose (a typical schematic  diagram of sealing provision to prevent the fraudulent practices of the model is given above  as Figure 2). A dip switch has also been provided in mother board/PCB to disable access to  external calibration.,"shall also cover the weighing instruments of  similar make, accuracy and performance of same series with capacity up to 50kg with number  of verification scale interval (n)  in the range of 5000 to 60000 for ‘e’ value of 100mg or more  and with number of verification scale interval (n) in the range of 100 to 60000 for ‘e’ value  of 1mg to 50mg with ‘e’ value of 1x10k, 2x10k or  5x10k, where  k is a positive or negative  whole number or equal to zero manufactured by the same manufacturer in accordance with",5000 to 60000,100mg or more,100.0
338,24004,2026-07-10,I-21/219/2026-W&M Section,METTLER-TOLEDO INDIA PRIVATE LIMITED,Non-automatic weighing instrument,338.pdf,https://lm.doca.gov.in/ModelApproval/Certificates/2026/338.pdf,DOCA_MODEL_APPROVAL,PDF_TEXT,False,IND 400,METTLER TOLEDO,"M/s METTLER- TOLEDO INDIA Pvt, Ltd., Amar Hill",IND/09/26/338,Electronic Platform Weighing Scale,Class II,300kg,300.0,kg,1000g,1.0,20g,20.0,TFT colour Graphic Display,Strain Gauge Load Cell Based,Based   Load Cell,,C3,,2.xx.yyyy,Details,Sealing is done by passing the sealing wire through the holes provided on the body of  machine. A lead seal is put at the end of the wire for stamping purpose (a typical schematic  diagram of sealing provision to prevent the fraudulent practices of the model is given above  as Figure 2). A dip switch has also been provided in mother board/PCB to disable access to  external calibration.,"shall also cover the weighing instruments of  similar make, accuracy and performance of same series with capacity above 50kg and up to  5000kg with number of verification scale interval (n)  in the range of 5000 to 60000 for ‘e’  value of 100mg or more with ‘e’ value of 1x10k, 2x10k or  5x10k, where  k is a positive or  negative whole number or equal to zero manufactured by the same manufacturer in  accordance with the same principle, design and with the same materials with which, the said",5000 to 60000,100mg or more with ‘e’ value of 1x10k,100.0
339,24005,2026-07-10,I-21/219/2026-W&M Section,METTLER-TOLEDO INDIA PRIVATE LIMITED,Non-automatic weighing instrument,339.pdf,https://lm.doca.gov.in/ModelApproval/Certificates/2026/339.pdf,DOCA_MODEL_APPROVAL,PDF_TEXT,False,IND 400,METTLER TOLEDO,"M/s METTLER- TOLEDO INDIA Pvt, Ltd., Amar Hill",IND/09/26/339,Electronic Table Top Weighing Scale,Class II,30kg,30.0,kg,50g,0.05,1g,1.0,TFT colour Graphic Display,EMFC,Standard Strain Gauge,,C3,,2.xx.yyyy,Details,Sealing is done by passing the sealing wire through the holes provided on the body of  machine. A lead seal is put at the end of the wire for stamping purpose (a typical schematic  diagram of sealing provision to prevent the fraudulent practices of the model is given above  as Figure 2). A dip switch has also been provided in mother board/PCB to disable access to  external calibration.,"shall also cover the weighing instruments of  similar make, accuracy and performance of same series with capacity up to 50kg with number  of verification scale interval (n) in the range of 500 to 10000 for ‘e’ value of 5g or more and  with number of verification scale interval (n) in the range of 100 to 10000 for ‘e’ value of  100mg to 2g with ‘e’ value of 1x10k, 2x10k or 5x10k, where k is a positive or negative whole  number or equal to zero manufactured by the same manufacturer in accordance with the same",500 to 10000,5g or more and,100.0
340,24006,2026-07-10,I-21/219/2026-W&M Section,METTLER-TOLEDO INDIA PRIVATE LIMITED,Non-automatic weighing instrument,340.pdf,https://lm.doca.gov.in/ModelApproval/Certificates/2026/340.pdf,DOCA_MODEL_APPROVAL,PDF_TEXT,False,IND 400,METTLER TOLEDO,"M/s METTLER- TOLEDO INDIA Pvt, Ltd., Amar Hill",IND/09/26/340,Electronic Platform Weighing Scale,Class II,300kg,300.0,kg,500g,0.5,10g,10.0,TFT colour Graphic Display,EMFC,Standard Strain Gauge,,C3,,2.xx.yyyy,Details,Sealing is done by passing the sealing wire through the holes provided on the body of  machine. A lead seal is put at the end of the wire for stamping purpose (a typical schematic  diagram of sealing provision to prevent the fraudulent practices of the model is given above  as Figure 2). A dip switch has also been provided in mother board/PCB to disable access to  external calibration.,"shall also cover the weighing instruments of  similar make, accuracy and performance of same series with capacity above 50kg and up to  5000kg with number of verification scale interval (n)  in the range of 5000 to 100000 for ‘e’  value of 100mg or more with ‘e’ value of 1x10k, 2x10k or  5x10k, where  k is a positive or  negative whole number or equal to zero manufactured by the same manufacturer in  accordance with the same principle, design and with the same materials with which, the said",5000 to 100000,100mg or more with ‘e’ value of 1x10k,100.0
341,23533,2026-07-10,I-21/201/2026-W&M Section,BIZERBA INDIA Pvt. Ltd.,Catch Weighing Instrument (Check Weigher),341.pdf,https://lm.doca.gov.in/ModelApproval/Certificates/2026/341.pdf,DOCA_MODEL_APPROVAL,PDF_TEXT,False,CWI,BIZERBA,"M/s. BIZERBA INDIA PRIVATE LIMITED, India",IND/09/26/,Automatic Catch Weighing Instrument(Check Weigher),Class III,10kg,10.0,kg,1000g,1.0,1g,1.0,Colour Touch screen LCD,Strain gauge type load cell,"Accuracy class  XIII(x), where class des",,XIII,,15.38-1008-2412,0x0952,Sealing is done by passing the sealing wire through the holes provided in the two sealing nuts  fitted on the back of the device. The seal wire is passed through the holes of the sealing nuts and  fastened by a lead seal for verification stamp. A typical schematic diagram and photograph of sealing  provision to prevent the fraudulent practices of the model is given above as Figure 2. A dip switch has  also been provided in mother board/PCB to disable access to external calibration.,,500 to 10000,5g or more and,100.0
342,23534,2026-07-10,I-21/201/2026-W&M Section,BIZERBA INDIA Pvt. Ltd.,Catch Weighing Instrument (Check Weigher),342.pdf,https://lm.doca.gov.in/ModelApproval/Certificates/2026/342.pdf,DOCA_MODEL_APPROVAL,PDF_TEXT,False,CWA,BIZERBA,"M/s. BIZERBA INDIA PRIVATE LIMITED, India",IND/09/26/,Automatic Catch Weighing Instrument(Check Weigher),Class III,10kg,10.0,kg,1000g,1.0,1g,1.0,Colour Touch screen LCD,Strain gauge type load cell,"Accuracy class  XIII(x), where class des",,XIII,,6.467.51.002.26,0x9254,Sealing is done by passing the sealing wire through the screw holes provided at the back of the  device. A lead seal is put at the end of the wire for stamping purpose. A typical schematic diagram and  photograph of sealing provision to prevent the fraudulent practices of the model is given above as  Figure 2. A dip switch has also been provided in mother board/PCB to disable access to external  calibration.,,500 to 10000,5g or more and with number,100.0
343,23808,2026-07-10,I-21/190/2026-W&M Section,ACZET PRIVATE LIMITED,Non-automatic weighing instrument,343.pdf,https://lm.doca.gov.in/ModelApproval/Certificates/2026/343.pdf,DOCA_MODEL_APPROVAL,PDF_TEXT,False,ALT,Aczet,"M/s Aczet Private Limited, Survey No.70, Hissa No.4",IND/09/26/343,Table top type,Class I,220g,0.22,kg,10mg,10.0,1mg,1.0,TOUCH SCREEN TFT LCD display,EMFC,Standard Strain Gauge,,C3,,0.0.0.2,001075f0942c1d189118358734281b30b72d9b50,Sealing is done by passing the sealing wire through the holes provided on the body of  machine. A lead seal is put at the end of the wire for stamping purpose (a typical schematic  diagram of sealing provision to prevent the fraudulent practices of the model is given above  as Figure 2). A dip switch has also been provided in mother board/PCB to disable access to  external calibration.,"shall also cover the weighing instruments of  similar make, accuracy and performance of same series with capacity up to 10kg with number  of verification scale interval (n)  50000 or more for ‘e’ value of 1mg or more with ‘e’ value  of 1x10k, 2x10k or  5x10k, where  k is a positive or negative whole number or equal to zero  manufactured by the same manufacturer in accordance with the same principle, design and  with the same materials with which, the said approved model has been manufactured.",500 to 10000,1mg or more with ‘e’ value,100.0
344,24060,2026-07-14,I-21/184/2026-W&M Section,MAA NIRMALA & COMPANY,Non-automatic weighing instrument,344.pdf,https://lm.doca.gov.in/ModelApproval/Certificates/2026/344.pdf,DOCA_MODEL_APPROVAL,PDF_TEXT,False,STT,SONI TIGER,"M/s MAA NIRMALA & COMPANY , JAMUI SIKANDRA ROAD, 
JAMUI",IND/09/26/344,Electronic,Class III,10/20/30kg,30.0,kg,20g,0.02,1/2/5g,5.0,LED,Strain Gauge Type Load Cell .,.  Load Cell,,C3,,v1.5.0hex,e24a8d3c12b7f5a89e1b22f7c0d95e6f3b7c3d,Sealing is done by passing the sealing wire through the holes provided on the body of  machine. A lead seal is put at the end of the wire for stamping purpose (a typical schematic  diagram of sealing provision to prevent the fraudulent practices of the model is given above  as Figure 2). A dip switch has also been provided in mother board/PCB to disable access to  external calibration.,"shall also cover the weighing instruments of  similar make, accuracy and performance of same series with capacity up to 50kg with number  of verification scale interval (n)  in the range of 500 to 10000 for ‘e’ value of 5g or more and  with number of verification scale interval (n) in the range of 100 to 10000 for ‘e’ value of  100mg to 2g with ‘e’ value of 1x10k, 2x10k or  5x10k, where  k is a positive or negative whole  number or equal to zero manufactured by the same manufacturer in accordance with the same",500 to 10000,5g or more and,100.0
345,24061,2026-07-14,I-21/184/2026-W&M Section,MAA NIRMALA & COMPANY,Non-automatic weighing instrument,345.pdf,https://lm.doca.gov.in/ModelApproval/Certificates/2026/345.pdf,DOCA_MODEL_APPROVAL,PDF_TEXT,False,STP,SONI TIGER,"M/s MAA NIRMALA & COMPANY , JAMUI SIKANDRA ROAD, 
JAMUI",IND/09/26/345,Electronic Platform Scale (MULTI INTERVAL),Class III,100/200/300kg,300.0,kg,200g,0.2,10/20/50g,50.0,LED,Strain Gauge Type Load Cell based.,based.  Load Cell,,C3,,v1.5.0hex,e24a8d3c12b7f5a89e1b22f7c0d95e6f3b7c3d2f9a,Sealing is done by passing the sealing wire through the holes provided on the body of  machine. A lead seal is put at the end of the wire for stamping purpose (a typical schematic  diagram of sealing provision to prevent the fraudulent practices of the model is given above  as Figure 2). A dip switch has also been provided in mother board/PCB to disable access to  external calibration.,"shall also cover the weighing instruments of  similar make, accuracy and performance of same series with capacity above 50kg and up to  5000kg with number of verification scale interval (n)  in the range of 500 to 10000 for ‘e’  value of 5g or more  with ‘e’ value of 1x10k, 2x10k or  5x10k, where  k is a positive or negative  whole number or equal to zero manufactured by the same manufacturer in accordance with  the same principle, design and with the same materials with which, the said approved model",500 to 10000,5g or more  with ‘e’ value of 1x10k,100.0
346,24191,2026-07-14,I-21/222/2026-W&M Section,"M/S,TWS PRIVATE LIMITED",Non-automatic weighing instrument,346.pdf,https://lm.doca.gov.in/ModelApproval/Certificates/2026/346.pdf,DOCA_MODEL_APPROVAL,PDF_TEXT,False,TWSTT-III,TOTAL,"M/s TWS PRIVATE LIMITED, 38, Shreenathji Industrial Estate",IND/09/26/346,Electronic Table top type,Class III,30kg,30.0,kg,100g,0.1,5g,5.0,LED,Strain Gauge type load cell based,based  Load Cell,,C3,,M12-B4,Details,Sealing is done by passing the sealing wire through the holes provided on the body of  machine. A lead seal is put at the end of the wire for stamping purpose (a typical schematic  diagram of sealing provision to prevent the fraudulent practices of the model is given above  as Figure 2). A dip switch has also been provided in mother board/PCB to disable access to  external calibration.,"shall also cover the weighing instruments of  similar make, accuracy and performance of same series with capacity up to 50kg with number  of verification scale interval (n) in the range of 500 to 10000 for ‘e’ value of 5g or more and  with number of verification scale interval (n) in the range of 100 to 10000 for ‘e’ value of  100mg to 2g with ‘e’value of 1x10k, 2x10k or 5x10k, where k is a positive or negative whole  number or equal to zero manufactured by the same manufacturer in accordance with the same",500 to 10000,5g or more and,100.0
347,24192,2026-07-14,I-21/222/2026-W&M Section,"M/S,TWS PRIVATE LIMITED",Non-automatic weighing instrument,347.pdf,https://lm.doca.gov.in/ModelApproval/Certificates/2026/347.pdf,DOCA_MODEL_APPROVAL,PDF_TEXT,False,TWSPF-III,TOTAL,"M/s,TWS PRIVATE LIMITED, 38",IND/09/26/347,Electronic Platform type weighing instrument,Class III,300kg,300.0,kg,1kg,1.0,50g,50.0,LED,Strain Gauge type load cell based,based  Load Cell,,C3,,M12-B4,Details,Sealing is done by passing the sealing wire through the holes provided on the body of  machine. A lead seal is put at the end of the wire for stamping purpose (a typical schematic  diagram of sealing provision to prevent the fraudulent practices of the model is given above  as Figure 2). A dip switch has also been provided in mother board/PCB to disable access to  external calibration.,"shall also cover the weighing instruments of  similar make, accuracy and performance of same series with capacity above 50kg and up to  5000kg with number of verification scale interval (n) in the range of 500 to 10000 for ‘e’ value  of 5g or more with ‘e’ value of 1x10k, 2x10k or 5x10k, where k is a positive or negative whole  number or equal to zero manufactured by the same manufacturer in accordance with the same  principle, design and with the same materials with which, the said approved model has been",500 to 10000,5g or more with ‘e’ value of 1x10k,100.0
348,24204,2026-07-14,I-21/223/2026-W&M Section,GARGI INDUSTRIES,Non-automatic weighing instrument,348.pdf,https://lm.doca.gov.in/ModelApproval/Certificates/2026/348.pdf,DOCA_MODEL_APPROVAL,PDF_TEXT,False,GIDT,NUVANA,"M/s GARGI 
INDUSTRIES, 
E-43, 
GARDEN",IND/09/26/348,Electronic Table Top Scale,Class II,30kg,30.0,kg,100g,0.1,2g,2.0,LED,Strain Gauge type load cell,Green Label,CZL601,C3,40kg,v1.5.0.hex,Details,Sealing is done by passing the sealing wire through the holes provided on the body of machine.  A lead seal is put at the end of the wire for stamping purpose (a typical schematic diagram of sealing  provision to prevent the fraudulent practices of the model is given above as Figure 2). A dip switch has  also been provided in mother board/PCB to disable access to external calibration.,"shall also cover the weighing instruments of similar make, accuracy and  performance of same series with capacity up to 50kg with number of verification scale interval (n)  in  the range of 5000 to 60000 for ‘e’ value of 100mg or more and with number of verification scale interval  (n) in the range of 100 to 60000 for ‘e’ value of 1mg to 50mg with ‘e’ value of 1x10k, 2x10k or  5x10k,  where  k is a positive or negative whole number or equal to zero manufactured by the same manufacturer  in accordance with the same principle, design and with the same materials with which, the said approved",5000 to 60000,100mg or more and with number of verification scale interval,100.0
349,23650,2026-07-15,I-21/180/2026-W&M Section,BLUE OCEAN AUTOPACK,Catch Weighing Instrument (Check Weigher),349.pdf,https://lm.doca.gov.in/ModelApproval/Certificates/2026/349.pdf,DOCA_MODEL_APPROVAL,PDF_TEXT,False,BCW-30,BLUE OCEAN AUTOPACK,"M/s. 
Blue Ocean Autopack, Flat No.-A/806,Satyam Sherya",IND/09/26/349,Automatic Catch Weighing Instrument(Check Weigher),Class III,10 kg,10.0,kg,1000 g,1.0,2 g,2.0,Mode of operation,Electronics and  load cell based,based   Accuracy class,,C3,,Ver.2.0,65536,"Sealing is done by passing the sealing wire through the holes provided on the body of the machine and a lead  seal is put at the end of the wire for stamping purpose. A typical schematic diagram and photograph of sealing  provision to prevent the fraudulent practices of the model is given above as Figure 2. A dip switch has also been  provided in mother board/PCB to disable access to external calibration.  Further, in exercise of the power conferred by sub-rule (9) of rule 8 of the Legal Metrology (Approval of",,"500 to 
10000",5g or more and with number of verification scale interval (n) in the range of 100 to 10000 for,100.0
350,24233,2026-07-15,I-21/224/2026-W&M Section,MEDICARE PRODUCTS INC,Sphygmomanometer (Blood Pressure Meter),350.pdf,https://lm.doca.gov.in/ModelApproval/Certificates/2026/350.pdf,DOCA_MODEL_APPROVAL,PDF_TEXT,False,MCP-AS-101,MCP,"M/s. Medicare Products In., Basement ground 1st Floor, C53 A",IND/09/26/350,Sphygmomanometer (Blood Pressure Meter),Class III,30 kg,30.0,kg,100 g,0.1,2mmHg. A dial type display indicates the results of the measurement.,2.0,indicates the results of the measurement.,Strain Gauge type load cell based,Standard Strain Gauge,,C3,,Ver-1.0,,Standard lead seal with wire passing through chassis holes.,,500 to 10000,5g or more,100.0
351,24103,2026-07-17,I-21/225/2026-W&M Section,BMD GLOBAL TECHNOLOGIES PRIVATE LIMITED,Any other Weight or Measure,351.pdf,https://lm.doca.gov.in/ModelApproval/Certificates/2026/351.pdf,DOCA_MODEL_APPROVAL,PDF_TEXT,False,BMDTT,BMD TECHNOLOGIES,"M/s BMD Global Technologies Private Limited, Naveen Traders Building, Kacha Badli",IND/09/26/351,Table Top Type,Class II,30kg,30.0,kg,100g,0.1,2g,2.0,LED,Strain Gauge type load cell,Green Label,CZL601,C2,40kg,mothercard_firmware_V.01,Details,Sealing is done by passing the sealing wire through the holes provided on the body of  machine. A lead seal is put at the end of the wire for stamping purpose (a typical schematic diagram  of sealing provision to prevent the fraudulent practices of the model is given above as Figure 2). A  dip switch has also been provided in mother board/PCB to disable access to external calibration.,"shall also cover the weighing instruments of similar make, accuracy and  performance of same series with capacity up to 50kg with number of verification scale interval (n)   in the range of 5000 to 60000 for ‘e’ value of 100mg or more and with number of verification scale  interval (n) in the range of 100 to 60000 for ‘e’ value of 1mg to 50mg with ‘e’ value of 1x10k,  2x10k or  5x10k, where  k is a positive or negative whole number or equal to zero manufactured by  the same manufacturer in accordance with the same principle, design and with the same materials",5000 to 60000,100mg or more and with number of verification scale,100.0
352,24201,2026-07-17,I-21/229/2026-W&M Section,BEURER INDIA PRIVATE LIMITED,Clinical Thermometer,352.pdf,https://lm.doca.gov.in/ModelApproval/Certificates/2026/352.pdf,DOCA_MODEL_APPROVAL,PDF_TEXT,False,FT 12,Beurer,"M/s. Beurer India 
Private Limited, Building No.01, N-13",IND/09/26/352,Clinical Thermometer,Class II,30 kg,30.0,kg,100 g,0.1,or digital increment of 0.1 °C and display is liquid,0.1,is liquid,Strain Gauge type load cell based,Standard Strain Gauge,,C3,,Ver-1.0,,Standard lead seal with wire passing through chassis holes.,,500 to 10000,5g or more,100.0
353,24181,2026-07-17,I-21/229/2026-W&M Section,BEURER INDIA PRIVATE LIMITED,Clinical Thermometer,353.pdf,https://lm.doca.gov.in/ModelApproval/Certificates/2026/353.pdf,DOCA_MODEL_APPROVAL,PDF_TEXT,False,FT 09,Beurer,"M/s. Beurer India 
Private Limited, Building No.01, N-13",IND/09/26/,Clinical Thermometer,Class II,30 kg,30.0,kg,100 g,0.1,or digital increment of 0.1 °C and display is liquid,0.1,is liquid,Strain Gauge type load cell based,Standard Strain Gauge,,C3,,Ver-1.0,,Standard lead seal with wire passing through chassis holes.,,500 to 10000,5g or more,100.0
354,24159,2026-07-20,I-21/231/2026-W&M Section,QAWI EXIM INTERNATIONAL,Non-automatic weighing instrument,354.pdf,https://lm.doca.gov.in/ModelApproval/Certificates/2026/354.pdf,DOCA_MODEL_APPROVAL,PDF_TEXT,False,WH-A08,QAWI EXIM INTERNATIONAL,"M/s QAWI EXIM International, 14th Floor, Flat No.",IND/09/26/354,Digital Hanging Scale Type,Class III,10kg/50kg,50.0,kg,100g,0.1,5g/10g,10.0,LCD,Strain Gauge type load cell based,based   Load Cell,,C3,,2358MB_V3.0,AA0127102EE034BC38C4ED55,Sealing is done by passing the sealing wire through the holes provided on the body of  machine. A lead seal is put at the end of the wire for stamping purpose (sealing diagram and  photograph to prevent the fraudulent practices of the model is given above as Figure 2). A dip  switch has also been provided in mother board/PCB to disable access to external calibration,"shall also cover the weighing instruments of  similar make, accuracy and performance of same series with capacity up to 50kg with number  of verification scale interval (n)  in the range of 500 to 10000 for ‘e’ value of 5g or more and  with number of verification scale interval (n) in the range of 100 to 10000 for ‘e’ value of  100mg to 2g with ‘e’ value of 1x10k, 2x10k or  5x10k, where  k is a positive or negative whole  number or equal to zero manufactured by the same manufacturer in accordance with the same",500 to 10000,5g or more and,100.0
355,24128,2026-07-20,I-21/227/2026-W&M Section,JIVAN NAGJI AND COMPANY (INDIA) PRIVATE LIMITED,Non-automatic weighing instrument,355.pdf,https://lm.doca.gov.in/ModelApproval/Certificates/2026/355.pdf,DOCA_MODEL_APPROVAL,PDF_TEXT,False,JNI-AS,JUSTICE,"M/s Jivan Nagji And Company (INDIA) Private Limited 131-132, Atish",IND/09/26/355,Table top type,Class I,220g,0.22,kg,10mg,10.0,1mg,1.0,LCD,EMFC based,Standard Strain Gauge,,C3,,analytical_v2.1.hex,Details,Sealing is done by passing the sealing wire through the holes provided on the body of  machine. A lead seal is put at the end of the wire for stamping purpose (a typical schematic  diagram of sealing provision to prevent the fraudulent practices of the model is given above  as Figure 2). A dip switch has also been provided in mother board/PCB to disable access to  external calibration.,"shall also cover the weighing instruments of  similar make, accuracy and performance of same series with capacity up to 10kg with number  of verification scale interval (n)  50000 or more for ‘e’ value of 1mg or more with ‘e’ value  of 1x10k, 2x10k or  5x10k, where  k is a positive or negative whole number or equal to zero  manufactured by the same manufacturer in accordance with the same principle, design and  with the same materials with which, the said approved model has been manufactured.",500 to 10000,1mg or more with ‘e’ value,100.0
356,18525,2026-07-20,I-21/145/2026-W&M Section,ZENNER AQUAMET INDIA PRIVATE LIMITED,Water Meter,356.pdf,https://lm.doca.gov.in/ModelApproval/Certificates/2026/356.pdf,DOCA_MODEL_APPROVAL,PDF_TEXT,False,IUWS,ZENNER,"M/s Zenner 
Aquamet India Private Limited , Plot No.260, Sector-68",IND/09/26/,Water Meter,2 (hereinafter  referred,30 kg,30.0,kg,100 g,0.1,0.001 m3,3.0,LCD,Strain Gauge type load cell based,Standard Strain Gauge,,C3,,1.8.5,1929,Standard lead seal with wire passing through chassis holes.,,500 to 10000,5g or more,100.0
357,24115,2026-07-22,I-21/153/2026-W&M Section,MALAVIYA DIGITAL SCALE,Non-automatic weighing instrument,357.pdf,https://lm.doca.gov.in/ModelApproval/Certificates/2026/357.pdf,DOCA_MODEL_APPROVAL,PDF_TEXT,False,MDS-H,MDS,"M/s MALAVIYA DIGITAL SCALE, Sr.N0.-606/1 &607/5, VADLA",IND/09/26/357,Electronic Hanging Scale,Class III,200kg,200.0,kg,400g,0.4,20g,20.0,Seven Segment Light Emitting Diode (LED),Strain Gauge Type of Load cell based,based  Load Cell,,C3,,v1.5.0hex,e24a8d3c12b7f5a89e1b22f7c0d95e6f3b7c3d2f9a1e0b5c,Sealing is done by passing the sealing wire through the holes provided on the body of  machine. A lead seal is put at the end of the wire for stamping purpose (a typical schematic  diagram of sealing provision to prevent the fraudulent practices of the model is given above  as Figure 2). A dip switch has also been provided in mother board/PCB to disable access to  external calibration.,"shall also cover the weighing instruments of  similar make, accuracy and performance of same series with capacity above 50kg and up to  500kg with number of verification scale interval (n)  in the range of 500 to 10000 for ‘e’ value  of 5g or more  with ‘e’ value of 1x10k, 2x10k or  5x10k, where  k is a positive or negative  whole number or equal to zero manufactured by the same manufacturer in accordance with  the same principle, design and with the same materials with which, the said approved model",500 to 10000,5g or more  with ‘e’ value of 1x10k,100.0
358,24199,2026-07-23,I-21/233/2026-W&M Section,WEIGHCAL METROLOGY SERVICES PRIVATE LIMITED,Non-automatic weighing instrument,358.pdf,https://lm.doca.gov.in/ModelApproval/Certificates/2026/358.pdf,DOCA_MODEL_APPROVAL,PDF_TEXT,False,TT,WEIGHCAL,"M/s WEIGHCAL 
METROLOGY SERVICES PRIVATE LIMITED, PLOT NO. 18/19, VIVEK COOPERATIVE",IND/09/26/,Electronic Table Top Scale (MULTI INTERVAL),Class III,10/20/30kg,30.0,kg,20g,0.02,1/2/5g,5.0,LED,Strain Gauge Type Load Cell .,.  Load Cell,,C3,,Motherboard_Firmware_v1.0.0,F3346106C9571B6707,"Sealing is done by passing the sealing wire through the holes provided on the body of machine.  A lead seal is put at the end of the wire for stamping purpose (a typical schematic diagram of sealing  provision to prevent the fraudulent practices of the model is given above as Figure 2). A dip switch  has also been provided in mother board/PCB to disable access to external calibration.  Further, in exercise of the power conferred by sub-rule (9) of rule 8 of the Legal Metrology","shall also cover the weighing instruments of similar make, accuracy and  performance of same series with capacity up to 50kg with number of verification scale interval (n)  in  the range of 500 to 10000 for ‘e’ value of 5g or more and with number of verification scale interval  (n) in the range of 100 to 10000 for ‘e’ value of 100mg to 2g with ‘e’ value of 1x10k, 2x10k or  5x10k,  where  k is a positive or negative whole number or equal to zero manufactured by the same  manufacturer in accordance with the same principle, design and with the same materials with which,",500 to 10000,5g or more and with number of verification scale interval,100.0
359,24198,2026-07-23,I-21/233/2026-W&M Section,WEIGHCAL METROLOGY SERVICES PRIVATE LIMITED,Non-automatic weighing instrument,359.pdf,https://lm.doca.gov.in/ModelApproval/Certificates/2026/359.pdf,DOCA_MODEL_APPROVAL,PDF_TEXT,False,PS,WEIGHCAL,"M/s WEIGHCAL 
METROLOGY SERVICES PRIVATE LIMITED, PLOT NO. 18/19, VIVEK COOPERATIVE",IND/09/26/359,Electronic Platform Scale (MULTI INTERVAL),Class III,100/200/300kg,300.0,kg,200g,0.2,10/20/50g,50.0,LED,Strain Gauge Type Load Cell based.,based.  Load Cell,,C3,,Motherboard_Firmware_v1.0.0,F3346106C9571B6707,"Sealing is done by passing the sealing wire through the holes provided on the body of machine.  A lead seal is put at the end of the wire for stamping purpose (a typical schematic diagram of sealing  provision to prevent the fraudulent practices of the model is given above as Figure 2). A dip switch  has also been provided in mother board/PCB to disable access to external calibration.  Further, in exercise of the power conferred by sub-rule (9) of rule 8 of the Legal Metrology","shall also cover the weighing instruments of similar make, accuracy and  performance of same series with capacity above 50kg and up to 5000kg with number of verification  scale interval (n)  in the range of 500 to 10000 for ‘e’ value of 5g or more  with ‘e’ value of 1x10k,  2x10k or  5x10k, where  k is a positive or negative whole number or equal to zero manufactured by the  same manufacturer in accordance with the same principle, design and with the same materials with  which, the said approved model has been manufactured.",500 to 10000,5g or more  with ‘e’ value of 1x10k,100.0
360,24028,2026-07-23,I-21/209/2026-W&M Section,OMRON HEALTHCARE INDIA PRIVATE LIMITED,Non-automatic weighing instrument,360.pdf,https://lm.doca.gov.in/ModelApproval/Certificates/2026/360.pdf,DOCA_MODEL_APPROVAL,PDF_TEXT,False,KaradaScan 375 Plus,OMRON,"M/s Omron Healthcare Co. Ltd., 53 Kunotsubo, Teradocho",IND/09/26/,Person Weighing Type,Class III,100 kg/135kg,135.0,kg,2kg,2.0,100g/200g,200.0,LCD,Strain Gauge type load cell based,based  Load Cell,,C3,,For Main CPU (BH67F2495)  004 (Software Version),Details,Sealing is done by passing the sealing wire through the holes provided on the body of  machine. A lead seal is put at the end of the wire for stamping purpose (a typical schematic  diagram of sealing provision to prevent the fraudulent practices of the model is given above  as Figure 2). A dip switch has also been provided in mother board/PCB to disable access to  external calibration.,,500 to 10000,5g or more,100.0
361,25232,2026-07-24,I-21/235/2026-W&M Section,CAD INTERNATIONAL TRADE LLP,Non-automatic weighing instrument,361.pdf,https://lm.doca.gov.in/ModelApproval/Certificates/2026/361.pdf,DOCA_MODEL_APPROVAL,PDF_TEXT,False,CAD,CAD,"M/s 
CAD INTERNATIONAL TRADE LLP, MAHADEV ESTATE PART 6, SHED No. 6",IND/09/26/361,Electronic Table top type,Class I,220g,0.22,kg,10mg,10.0,1mg,1.0,LCD,EMFC,Standard Strain Gauge,,C3,,pms_v1.02.hex,11111-999999,Sealing is done by passing the sealing wire through the holes provided on the body of machine. A lead  seal is put at the end of the wire for stamping purpose (Sealing diagram and photograph to prevent the fraudulent  practices of the model is given above as Figure 2). A dip switch has also been provided in mother board/PCB to  disable access to external calibration.,"shall also cover the weighing instruments of similar make, accuracy and performance of same series with  capacity up to 10kg with number of verification scale interval (n)  50000 or more for ‘e’ value of 1mg or more  with ‘e’ value of 1x10k, 2x10k or  5x10k, where  k is a positive or negative whole number or equal to zero  manufactured by the same manufacturer in accordance with the same principle, design and with the same  materials with which, the said approved model has been manufactured.",500 to 10000,1mg or more,100.0
362,25233,2026-07-24,I-21/235/2026-W&M Section,CAD INTERNATIONAL TRADE LLP,Any other Weight or Measure,362.pdf,https://lm.doca.gov.in/ModelApproval/Certificates/2026/362.pdf,DOCA_MODEL_APPROVAL,PDF_TEXT,False,CAD II,CAD,"M/s CAD INTERNATIONAL TRADE LLP,MAHADEV ESTATE PART 6, SHED No.6",IND/09/26/,Electronic Table top type,Class II,30kg,30.0,kg,100g,0.1,2g,2.0,LED,Strain Gauge Type Load Cell Based,Based   Load Cell Details,,C3,,CAD_firmware_v2.21.0.hex,0970,Sealing is done by passing the sealing wire through the holes provided on the body of machine. A lead  seal is put at the end of the wire for stamping purpose (Sealing diagram and photograph to prevent the fraudulent  practices of the model is given above as Figure 2). A dip switch has also been provided in mother board/PCB to  disable access to external calibration.,"shall also cover the weighing instruments of similar make, accuracy and performance of same series with  capacity up to 50kg with number of verification scale interval (n)  in the range of 5000 to 60000 for ‘e’ value of  100mg or more and with number of verification scale interval (n) in the range of 100 to 60000 for ‘e’ value of  1mg to 50mg with ‘e’ value of 1x10k, 2x10k or  5x10k, where  k is a positive or negative whole number or equal  to zero manufactured by the same manufacturer in accordance with the same principle, design and with the same  materials with which, the said approved model has been manufactured.",5000 to 60000,100mg or more and with number of verification scale interval (n) in the range of 100 to 60000 for ‘e’ value of,100.0
363,24171,2026-07-24,I-21/236/2026-W&M Section,TECHNO FARM,Non-automatic weighing instrument,363.pdf,https://lm.doca.gov.in/ModelApproval/Certificates/2026/363.pdf,DOCA_MODEL_APPROVAL,PDF_TEXT,False,K100,TECHNOFARM,"M/s Techno Farm, 404, Village - Rahakra",IND/09/26/363,Electronic Platform (Bench) Scale,Class III,300kg,300.0,kg,1kg,1.0,50g,50.0,LED,Strain Gauge Type of Load cell based,based  Load Cell,,C3,,1.2.1,e5d40ff44fcdd0534a77c25b7c2f2fbca162c7f4e02b0a45b94,Sealing is done by passing the sealing wire through the holes provided on the body of  machine. A lead seal is put at the end of the wire for stamping purpose (a typical schematic  diagram of sealing provision to prevent the fraudulent practices of the model is given above  as Figure 2). A dip switch has also been provided in mother board/PCB to disable access to  external calibration.,"shall also cover the weighing instruments of  similar make, accuracy and performance of same series with capacity above 50kg and up to  1000kg with number of verification scale interval (n)  in the range of 500 to 10000 for ‘e’  value of 5g or more  with ‘e’ value of 1x10k, 2x10k or  5x10k, where  k is a positive or negative  whole number or equal to zero manufactured by the same manufacturer in accordance with  the same principle, design and with the same materials with which, the said approved model",500 to 10000,5g or more  with ‘e’ value of 1x10k,100.0
364,23820,2026-07-29,I-21/238/2026-W&M Section,MAXTRON INSTRUMENTS,Non-automatic weighing instrument,364.pdf,https://lm.doca.gov.in/ModelApproval/Certificates/2026/364.pdf,DOCA_MODEL_APPROVAL,PDF_TEXT,False,XACT,MAXTRON,"M/s MAXTRON INSTRUMENTS, 519/1, SANSAR COMPOUND",IND/09/26/364,Electronic Platform Weighing Machine,Class II,300 kg,300.0,kg,1kg,1.0,20 g,20.0,LED,Strain Gauge  load cell based,based  Load Cell,,C3,,mothercard_firmware_v1.5.0.hex,e24a8d3c12b7f5a89e1b2f7c0d95e6f3b7c3d2f9a1e0b5c4d6a,Sealing is done by passing the sealing wire through the holes provided on the body of  machine. A lead seal is put at the end of the wire for stamping purpose (a typical schematic  diagram of sealing provision to prevent the fraudulent practices of the model is given above  as Figure 2). A dip switch has also been provided in mother board/PCB to disable access to  external calibration.,"shall also cover the weighing instruments of  similar make, accuracy and performance of same series with capacity above 50kg and up to  5000kg with number of verification scale interval (n)  in the range of 5000 to 60000 for ‘e’  value of 100mg or more with ‘e’ value of 1x10k, 2x10k or  5x10k, where  k is a positive or  negative whole number or equal to zero manufactured by the same manufacturer in  accordance with the same principle, design and with the same materials with which, the said",5000 to 60000,100mg or more with ‘e’ value of 1x10k,100.0
365,24202,2026-07-29,I-21/240/2026-W&M Section,MATRIX ELECTRONICS,Non-automatic weighing instrument,365.pdf,https://lm.doca.gov.in/ModelApproval/Certificates/2026/365.pdf,DOCA_MODEL_APPROVAL,PDF_TEXT,False,MPT,MATRIX,"M/s MATRIX ELECTRONICS,PLOT NO.-84,H.NO.-4-88/11/3",IND/09/26/365,"Electronic Table top ( Multi Interval, Price computing Type)",Class III,10/30 kg,30.0,kg,20g,0.02,1/5g,5.0,LED,Strain Gauge Type of load Cell,Load Master,BT 50 LM Accuracy,C3,,d2.1.hex,89e1b2f7cod95e6f3b7c3d2fqa1eob5cd6a7b8c9doe1f2a3e24a8d3,Sealing is done by passing the sealing wire through the holes provided on the body of  machine. A lead seal is put at the end of the wire for stamping purpose (a typical schematic  diagram of sealing provision to prevent the fraudulent practices of the model is given above  as Figure 2). A dip switch has also been provided in mother board/PCB to disable access to  external calibration.,"shall also cover the weighing instruments of  similar make, accuracy and performance of same series with capacity up to 50kg with number  of verification scale interval (n)  in the range of 500 to 10000 for ‘e’ value of 5g or more and  with number of verification scale interval (n) in the range of 100 to 10000 for ‘e’ value of  100mg to 2g with ‘e’ value of 1x10k, 2x10k or  5x10k, where  k is a positive or negative whole  number or equal to zero manufactured by the same manufacturer in accordance with the same",500 to 10000,5g or more and,100.0
366,24203,2026-07-29,I-21/240/2026-W&M Section,MATRIX ELECTRONICS,Non-automatic weighing instrument,366.pdf,https://lm.doca.gov.in/ModelApproval/Certificates/2026/366.pdf,DOCA_MODEL_APPROVAL,PDF_TEXT,False,MPF,MATRIX,"M/s MATRIX ELECTRONICS,PLOT NO.-84, H.NO.- 4",IND/09/26/366,Electronic Platform Type ( Multi Interval),Class III,100/200 kg,200.0,kg,200g,0.2,10/20 g,20.0,LED,Strain Gauge Type of load Cell,Load Master,BT 500 LM Accuracy,C3,,d2.1.hex,89e1b2f7cod95e6f3b7c3d2fqa1eob5cd6a7b8c9doe1f2a3e24a8,Sealing is done by passing the sealing wire through the holes provided on the body of  machine. A lead seal is put at the end of the wire for stamping purpose (a typical schematic  diagram of sealing provision to prevent the fraudulent practices of the model is given above  as Figure 2). A dip switch has also been provided in mother board/PCB to disable access to  external calibration.,"shall also cover the weighing instruments of similar  make, accuracy and performance of same series with capacity above 50kg and up to 5000kg  with number of verification scale interval (n) in the range of 500 to 10000 for ‘e’ value of 5g  or more with ‘e’ value of 1x10k, 2x10k or 5x10k, where k is a positive or negative whole  number or equal to zero manufactured by the same manufacturer in accordance with the same  principle, design and with the same materials with which, the said approved model has been",500 to 10000,5g,100.0
367,24127,2026-07-29,I-21/237/2026-W&M Section,"M/S, GURU KRIPA ENTERPRISES",Non-automatic weighing instrument,367.pdf,https://lm.doca.gov.in/ModelApproval/Certificates/2026/367.pdf,DOCA_MODEL_APPROVAL,PDF_TEXT,False,GKEPF-III,TATA TRONICS,"M/s. GURU KRIPA ENTERPRISES, Behind badi masjid",IND/09/26/,Electronic Platform type weighing instrument,Class III,300 kg,300.0,kg,1kg,1.0,50 g,50.0,LED,Strain Gauge Type load Cell based,based  Load Cell,,C3,,V3,3F90,Sealing is done by passing the sealing wire through the holes provided on the body of  machine. A lead seal is put at the end of the wire for stamping purpose (a typical schematic  diagram of sealing provision to prevent the fraudulent practices of the model is given above  as Figure 2). A dip switch has also been provided in mother board/PCB to disable access to  external calibration.,"shall also cover the weighing instruments of similar  make, accuracy and performance of same series with capacity above 50kg and up to 5000kg  with number of verification scale interval (n) in the range of 500 to 10000 for ‘e’ value of 5g  or more with ‘e’ value of 1x10k, 2x10k or 5x10k, where k is a positive or negative whole  number or equal to zero manufactured by the same manufacturer in accordance with the same  principle, design and with the same materials with which, the said approved model has been",500 to 10000,5g,100.0
368,24129,2026-07-29,I-21/237/2026-W&M Section,"M/S, GURU KRIPA ENTERPRISES",Non-automatic weighing instrument,368.pdf,https://lm.doca.gov.in/ModelApproval/Certificates/2026/368.pdf,DOCA_MODEL_APPROVAL,PDF_TEXT,False,GKETT-III,TATA TRONICS,"M/s, GURU KRIPA ENTERPRISES, Behind badi masjid",IND/09/26/368,Electronic  Table top type,Class III,30 kg,30.0,kg,100g,0.1,5 g,5.0,LED,Strain Gauge Type load Cell based,based  Load Cell,,C3,,V3,3F90,Sealing is done by passing the sealing wire through the holes provided on the body of  machine. A lead seal is put at the end of the wire for stamping purpose (a typical schematic  diagram of sealing provision to prevent the fraudulent practices of the model is given above  as Figure 2). A dip switch has also been provided in mother board/PCB to disable access to  external calibration.,"shall also cover the weighing instruments of  similar make, accuracy and performance of same series with capacity up to 50kg with number  of verification scale interval (n)  in the range of 500 to 10000 for ‘e’ value of 5g or more and  with number of verification scale interval (n) in the range of 100 to 10000 for ‘e’ value of",500 to 10000,5g or more and,100.0
369,24097,2026-07-29,I-21/239/2026-W&M Section,NIXIES METERS PRIVATE LIMITED,Water Meter,369.pdf,https://lm.doca.gov.in/ModelApproval/Certificates/2026/369.pdf,DOCA_MODEL_APPROVAL,PDF_TEXT,False,NX-MJM,IDEAL,"M/s Nixies Meters 
Private Limited, EPIP Industrial Layout, Block No.32",IND/09/26/,Water Meter (Mechanical-Multi-Jet type),2 (hereinafter  referred to as the said,30 kg,30.0,kg,100 g,0.1,5 g,5.0,Mechanical Dial,Strain Gauge type load cell based,Standard Strain Gauge,,C3,,Ver-1.0,,"Sealing is done by passing the lead wire through the holes and without braking the sealing  wire, it is not possible to change the volume of the cavity. A typical schematic diagram and photograph  of sealing provision to prevent the fraudulent practices of the model is given above as Figure 2.",,500 to 10000,5g or more,100.0
370,25251,2026-07-30,I-21/241/2026-W&M Section,DISHA INSTRUMENTS AND SURGICAL INDUSTRIES,Sphygmomanometer (Blood Pressure Meter),370.pdf,https://lm.doca.gov.in/ModelApproval/Certificates/2026/370.pdf,DOCA_MODEL_APPROVAL,PDF_TEXT,False,GX,DISHA,"M/s. Disha Instruments & Surgical Industries, Sr.No.42, Gujarwadi",IND/09/26/370,Sphygmomanometer (Blood Pressure Meter),Class III,30 kg,30.0,kg,100 g,0.1,2mmHg. A dial type display indicates the results of the measurement.,2.0,indicates the results of the measurement.,Strain Gauge type load cell based,Standard Strain Gauge,,C3,,Ver-1.0,,Standard lead seal with wire passing through chassis holes.,,500 to 10000,5g or more,100.0
371,23587,2026-07-30,I-21/213/2026-W&M Section,VRV ASIA PACIFIC PRIVATE LIMITED,Measuring Systems for Liquids Other than Water,371.pdf,https://lm.doca.gov.in/ModelApproval/Certificates/2026/371.pdf,DOCA_MODEL_APPROVAL,PDF_TEXT,False,DynaLNG,Chart,"M/s. VRV ASIA PACIFIC PRIVATE 
LIMITED,220, Pelto Way",IND/09/26/,Measuring system for liquid other than water (LNG Dispenser),1.5 of series “DynaLNG” with brand name “Chart,30 kg,30.0,kg,100 g,0.1,5 g,5.0,Type,Strain Gauge type load cell based,Standard Strain Gauge,,C3,,Ver-1.0,Function,Standard lead seal with wire passing through chassis holes.,,500 to 10000,5g or more,100.0
372,24214,2026-08-03,21/243/2026,RAJ SCALE COMPANY,Non-automatic weighing instrument,372.pdf,https://lm.doca.gov.in/ModelApproval/Certificates/2026/372.pdf,DOCA_MODEL_APPROVAL,PDF_TEXT,False,RSC-III,RAJTEK,"M/s RAJ SCALE COMPANY, H.NO.-1-8-528/1, BLOCK NO.22/1",IND/09/26/372,Electronic Weighbridge type,Class III,40t,40.0,tonne,200kg,200.0,10kg,10000.0,One LED for weight indication and One LCD display for,Strain Gauge Type Load Cell Based,Based  Load Cell,,C3,,v1.0.0,95783673123076bad32751aab2e5cfcac89413fald8fa70f5,Sealing is done by passing the sealing wire through the holes provided on the body of  machine. A lead seal is put at the end of the wire for stamping purpose (a typical schematic  diagram of sealing provision to prevent the fraudulent practices of the model is given above  as Figure 2). A dip switch has also been provided in mother board/PCB to disable access to  external calibration.,"shall also cover the weighing instruments of  similar make, accuracy and performance of same series with capacity above 5t and up to 150t  with number of verification scale interval (n)  in the range of 500 to 10000 for ‘e’ value of 5g  or more  with ‘e’ value of 1x10k, 2x10k or  5x10k, where  k is a positive or negative whole  number or equal to zero manufactured by the same manufacturer in accordance with the same  principle, design and with the same materials with which, the said approved model has been",500 to 10000,5g,100.0
373,24147,2026-08-04,I-21/221/2026-W&M Section,AGRAWAL NIRMAN,Non-automatic weighing instrument,373.pdf,https://lm.doca.gov.in/ModelApproval/Certificates/2026/373.pdf,DOCA_MODEL_APPROVAL,PDF_TEXT,False,AGHS-III,AGRAWAL DIGITAL SCALE,"M/s Agrawal Nirman, Plot No. 80, Siyaganj",IND/09/26/,Electronic Hanging Scale type weighing instrument,Class III,300kg,300.0,kg,1kg,1.0,50g,50.0,LED,Strain Gauge type load cell based,based  Load Cell,,C3,,weight12.hex,Details,Sealing is done by passing the sealing wire through the holes provided on the body of  machine. A lead seal is put at the end of the wire for stamping purpose (a typical schematic  diagram of sealing provision to prevent the fraudulent practices of the model is given above  as Figure 2). A dip switch has also been provided in mother board/PCB to disable access to  external calibration.,"shall also cover the weighing instruments of  similar make, accuracy and performance of same series with capacity above 50kg and up to  500kg with number of verification scale interval (n) in the range of 500 to 10000 for ‘e’ value  of 5g or more with ‘e’ value of 1x10k, 2x10k or 5x10k, where k is a positive or negative whole  number or equal to zero manufactured by the same manufacturer in accordance with the same  principle, design and with the same materials with which, the said approved model has been",500 to 10000,5g or more with ‘e’ value of 1x10k,100.0
374,23874,2026-08-04,I-21/246/2026-W&M Section,N-Tech Instruments,Non-automatic weighing instrument,374.pdf,https://lm.doca.gov.in/ModelApproval/Certificates/2026/374.pdf,DOCA_MODEL_APPROVAL,PDF_TEXT,False,CW-WB,CALWIN,"M/s. N-Tech Instruments, # 102, Sri Raghavendra Residency",IND/09/26/,Electronic  Weighbridge type,Class III,30000 kg,30000.0,kg,200kg,200.0,10kg,10000.0,LED for weight and LCD for entry of parameters,Strain Gauge Type of load Cell,Apalto,ACB D30,C-3,,v1.0.0F,E9578367FE3123076bFEad32751aFEab2e5cfcFEac89413,Sealing is done by passing the sealing wire through the holes provided on the body of  machine. A lead seal is put at the end of the wire for stamping purpose (a typical schematic  diagram of sealing provision to prevent the fraudulent practices of the model is given above  as Figure 2). A dip switch has also been provided in mother board/PCB to disable access to  external calibration.,"shall also cover the Weighing instruments of  similar make, accuracy and performance of same series with capacity above 5tonne and up to  100tonne with number of verification scale intervals (n)in the range of 500 to 10000 for ‘e’  value of 5g or more with ‘e’ value of 1x10k, 2x10k or 5x10k, where k is a positive or negative  whole number or equal to zero manufactured by the same manufacturer in accordance with the  same principle, design and with the same materials with which, the said approved model has",500 to 10000,5g or more with ‘e’ value of 1x10k,100.0
375,24041,2026-08-11,I-21/247/2026-W&M Section,VSAN ELECTRICALS AND SENSORS,Flow Meters,375.pdf,https://lm.doca.gov.in/ModelApproval/Certificates/2026/375.pdf,DOCA_MODEL_APPROVAL,PDF_TEXT,False,VSAN-M,VSAN,"M/s. 
VSAN ELECTRICALS AND SENSORS, No. 10, Rajarajan Nagar Extension",IND/09/26/,Flow meter ( positive displacement),0.3 of series “VSAN-M” and with the brand name “VSAN,30 kg,30.0,kg,100 g,0.1,0.1 liter,0.1,Mechanical (cyclometer register),Strain Gauge type load cell based,Standard Strain Gauge,,C3,,Ver-1.0,,Standard lead seal with wire passing through chassis holes.,,500 to 10000,5g or more,100.0
376,24206,2026-08-11,I-21/245/2026-W&M Section,SARTORIUS INDIA PRIVATE LIMITED,Non-automatic weighing instrument,376.pdf,https://lm.doca.gov.in/ModelApproval/Certificates/2026/376.pdf,DOCA_MODEL_APPROVAL,PDF_TEXT,False,described,SARTORIUS,"M/s Sartorius Lab Instruments GmbH & Co. KG, Otto-Brenner-Strasse 20, 
37079 Göttingen",IND/09/26/,Non-automatic weighing instrument,I,", Max",30.0,kg,100 g,0.1,e,5.0,Digital LED/LCD,Strain Gauge type load cell based,Standard Strain Gauge,,C3,,Ver-1.0,,Sealing is done by passing the sealing wire through the holes provided on the body of  the machine. A lead seal is put at the end of the wire for stamping purposes (a typical  schematic diagram of sealing provision to prevent the fraudulent practice of the model is given  above as Figure (2). A dip switch has been provided in the motherboard/PCB to disable access  to external calibration.,,500 to 10000,5g or more,100.0
377,24207,2026-08-11,I-21/245/2026-W&M Section,SARTORIUS INDIA PRIVATE LIMITED,Non-automatic weighing instrument,377.pdf,https://lm.doca.gov.in/ModelApproval/Certificates/2026/377.pdf,DOCA_MODEL_APPROVAL,PDF_TEXT,False,described,SARTORIUS,"M/s Sartorius Lab Instruments GmbH & Co. KG, Otto-Brenner-Strasse 20, 
37079 Göttingen",IND/09/26/,Non-automatic weighing instrument,I,", Max",30.0,kg,100 g,0.1,e,5.0,Digital LED/LCD,Strain Gauge type load cell based,Standard Strain Gauge,,C3,,Ver-1.0,,Sealing is done by passing the sealing wire through the holes provided on the body of  the machine. A lead seal is put at the end of the wire for stamping purposes (a typical  schematic diagram of sealing provision to prevent the fraudulent practice of the model is given  above as Figure (2). A dip switch has been provided in the motherboard/PCB to disable access  to external calibration.,,500 to 10000,5g or more,100.0
378,24208,2026-08-11,I-21/245/2026-W&M Section,SARTORIUS INDIA PRIVATE LIMITED,Non-automatic weighing instrument,378.pdf,https://lm.doca.gov.in/ModelApproval/Certificates/2026/378.pdf,DOCA_MODEL_APPROVAL,PDF_TEXT,False,described,SARTORIUS,"M/s Sartorius Lab Instruments GmbH & Co. KG, Otto-Brenner-Strasse 20, 
37079 Göttingen",IND/09/26/,Non-automatic weighing instrument,I,", Max",30.0,kg,100 g,0.1,e,5.0,Digital LED/LCD,Strain Gauge type load cell based,Standard Strain Gauge,,C3,,Ver-1.0,,Sealing is done by passing the sealing wire through the holes provided on the body of  the machine. A lead seal is put at the end of the wire for stamping purposes (a typical  schematic diagram of sealing provision to prevent the fraudulent practice of the model is given  above as Figure (2). A dip switch has been provided in the motherboard/PCB to disable access  to external calibration.,,500 to 10000,5g or more,100.0
379,24210,2026-08-11,I-21/245/2026-W&M Section,SARTORIUS INDIA PRIVATE LIMITED,Non-automatic weighing instrument,379.pdf,https://lm.doca.gov.in/ModelApproval/Certificates/2026/379.pdf,DOCA_MODEL_APPROVAL,PDF_TEXT,False,described,SARTORIUS,"M/s Sartorius Lab Instruments GmbH & Co. KG, Otto-Brenner-Strasse 20, 
37079 Göttingen",IND/09/26/,Non-automatic weighing instrument,I,", Max",30.0,kg,100 g,0.1,e,5.0,Digital LED/LCD,Strain Gauge type load cell based,Standard Strain Gauge,,C3,,Ver-1.0,,Sealing is done by passing the sealing wire through the holes provided on the body of  the machine. A lead seal is put at the end of the wire for stamping purposes (a typical  schematic diagram of sealing provision to prevent the fraudulent practice of the model is given  above as Figure (2). A dip switch has been provided in the motherboard/PCB to disable access  to external calibration.,,500 to 10000,5g or more,100.0
380,24212,2026-08-11,I-21/245/2026-W&M Section,SARTORIUS INDIA PRIVATE LIMITED,Non-automatic weighing instrument,380.pdf,https://lm.doca.gov.in/ModelApproval/Certificates/2026/380.pdf,DOCA_MODEL_APPROVAL,PDF_TEXT,False,described,SARTORIUS,"M/s Sartorius Lab Instruments GmbH & Co. KG, Otto-Brenner-Strasse 20, 
37079 Göttingen",IND/09/26/380,Non-automatic weighing instrument,I,", Max",30.0,kg,100 g,0.1,e,5.0,Digital LED/LCD,Strain Gauge type load cell based,Standard Strain Gauge,,C3,,Ver-1.0,,Sealing is done by passing the sealing wire through the holes provided on the body of  the machine. A lead seal is put at the end of the wire for stamping purposes (a typical  schematic diagram of sealing provision to prevent the fraudulent practice of the model is given  above as Figure (2). A dip switch has been provided in the motherboard/PCB to disable access  to external calibration.,,500 to 10000,5g or more,100.0
381,24213,2026-08-11,I-21/245/2026-W&M Section,SARTORIUS INDIA PRIVATE LIMITED,Non-automatic weighing instrument,381.pdf,https://lm.doca.gov.in/ModelApproval/Certificates/2026/381.pdf,DOCA_MODEL_APPROVAL,PDF_TEXT,False,described,SARTORIUS,"M/s Sartorius Lab Instruments GmbH & Co. KG, Otto-Brenner-Strasse 20, 
37079 Göttingen",IND/09/26/,Non-automatic weighing instrument,Class II,", Max",30.0,kg,100 g,0.1,e,5.0,Digital LED/LCD,Strain Gauge type load cell based,Standard Strain Gauge,,C3,,Ver-1.0,,Sealing is done by passing the sealing wire through the holes provided on the body of  the machine. A lead seal is put at the end of the wire for stamping purposes (a typical  schematic diagram of sealing provision to prevent the fraudulent practice of the model is given  above as Figure (2). A dip switch has been provided in the motherboard/PCB to disable access  to external calibration.,,500 to 10000,5g or more,100.0
382,24215,2026-08-11,I-21/245/2026-W&M Section,SARTORIUS INDIA PRIVATE LIMITED,Non-automatic weighing instrument,382.pdf,https://lm.doca.gov.in/ModelApproval/Certificates/2026/382.pdf,DOCA_MODEL_APPROVAL,PDF_TEXT,False,described,SARTORIUS,"M/s Sartorius Lab Instruments GmbH & Co. KG, Otto-Brenner-Strasse 20, 
37079 Göttingen",IND/09/26/382,Non-automatic weighing instrument,Class II,", Max",30.0,kg,100 g,0.1,e,5.0,Digital LED/LCD,Strain Gauge type load cell based,Standard Strain Gauge,,C3,,Ver-1.0,,Sealing is done by passing the sealing wire through the holes provided on the body of  the machine. A lead seal is put at the end of the wire for stamping purposes (a typical  schematic diagram of sealing provision to prevent the fraudulent practice of the model is given  above as Figure (2). A dip switch has been provided in the motherboard/PCB to disable access  to external calibration.,,500 to 10000,5g or more,100.0
383,24216,2026-08-11,I-21/245/2026-W&M Section,SARTORIUS INDIA PRIVATE LIMITED,Non-automatic weighing instrument,383.pdf,https://lm.doca.gov.in/ModelApproval/Certificates/2026/383.pdf,DOCA_MODEL_APPROVAL,PDF_TEXT,False,described,SARTORIUS,"M/s Sartorius Lab Instruments GmbH & Co. KG, Otto-Brenner-Strasse 20, 
37079 Göttingen",IND/09/26/,Non-automatic weighing instrument,Class II,", Max",30.0,kg,100 g,0.1,e,5.0,Digital LED/LCD,Strain Gauge type load cell based,Standard Strain Gauge,,C3,,Ver-1.0,,Sealing is done by passing the sealing wire through the holes provided on the body of  the machine. A lead seal is put at the end of the wire for stamping purposes (a typical  schematic diagram of sealing provision to prevent the fraudulent practice of the model is given  above as Figure (2). A dip switch has been provided in the motherboard/PCB to disable access  to external calibration.,,500 to 10000,5g or more,100.0
384,24217,2026-08-11,I-21/245/2026-W&M Section,SARTORIUS INDIA PRIVATE LIMITED,Non-automatic weighing instrument,384.pdf,https://lm.doca.gov.in/ModelApproval/Certificates/2026/384.pdf,DOCA_MODEL_APPROVAL,PDF_TEXT,False,described,SARTORIUS,"M/s Sartorius Lab Instruments GmbH & Co. KG, Otto-Brenner-Strasse 20, 
37079 Göttingen",IND/09/26/,Non-automatic weighing instrument,I,", Max",30.0,kg,100 g,0.1,e,5.0,Digital LED/LCD,Strain Gauge type load cell based,Standard Strain Gauge,,C3,,Ver-1.0,,Sealing is done by passing the sealing wire through the holes provided on the body of  the machine. A lead seal is put at the end of the wire for stamping purposes (a typical  schematic diagram of sealing provision to prevent the fraudulent practice of the model is given  above as Figure (2). A dip switch has been provided in the motherboard/PCB to disable access  to external calibration.,,500 to 10000,5g or more,100.0
385,24218,2026-08-11,I-21/245/2026-W&M Section,SARTORIUS INDIA PRIVATE LIMITED,Non-automatic weighing instrument,385.pdf,https://lm.doca.gov.in/ModelApproval/Certificates/2026/385.pdf,DOCA_MODEL_APPROVAL,PDF_TEXT,False,described,SARTORIUS,"M/s Sartorius Lab Instruments GmbH & Co. KG, Otto-Brenner-Strasse 20, 
37079 Göttingen",IND/09/26/,Non-automatic weighing instrument,I,", Max",30.0,kg,100 g,0.1,e,5.0,Digital LED/LCD,Strain Gauge type load cell based,Standard Strain Gauge,,C3,,Ver-1.0,,Sealing is done by passing the sealing wire through the holes provided on the body of  the machine. A lead seal is put at the end of the wire for stamping purposes (a typical  schematic diagram of sealing provision to prevent the fraudulent practice of the model is given  above as Figure (2). A dip switch has been provided in the motherboard/PCB to disable access  to external calibration.,,500 to 10000,5g or more,100.0
386,24219,2026-08-11,I-21/245/2026-W&M Section,SARTORIUS INDIA PRIVATE LIMITED,Non-automatic weighing instrument,386.pdf,https://lm.doca.gov.in/ModelApproval/Certificates/2026/386.pdf,DOCA_MODEL_APPROVAL,PDF_TEXT,False,described,SARTORIUS,"M/s Sartorius Lab Instruments GmbH & Co. KG, Otto-Brenner-Strasse 20, 
37079 Göttingen",IND/09/26/386,Non-automatic weighing instrument,I,", Max",30.0,kg,100 g,0.1,e,5.0,Digital LED/LCD,Strain Gauge type load cell based,Standard Strain Gauge,,C3,,Ver-1.0,,Sealing is done by passing the sealing wire through the holes provided on the body of  the machine. A lead seal is put at the end of the wire for stamping purposes (a typical  schematic diagram of sealing provision to prevent the fraudulent practice of the model is given  above as Figure (2). A dip switch has been provided in the motherboard/PCB to disable access  to external calibration.,,500 to 10000,5g or more,100.0
387,24220,2026-08-11,I-21/245/2026-W&M Section,SARTORIUS INDIA PRIVATE LIMITED,Non-automatic weighing instrument,387.pdf,https://lm.doca.gov.in/ModelApproval/Certificates/2026/387.pdf,DOCA_MODEL_APPROVAL,PDF_TEXT,False,described,SARTORIUS,"M/s Sartorius Lab Instruments GmbH & Co. KG, Otto-Brenner-Strasse 20, 
37079 Göttingen",IND/09/26/387,Non-automatic weighing instrument,I,", Max",30.0,kg,100 g,0.1,e,5.0,Digital LED/LCD,Strain Gauge type load cell based,Standard Strain Gauge,,C3,,Ver-1.0,,Sealing is done by passing the sealing wire through the holes provided on the body of  the machine. A lead seal is put at the end of the wire for stamping purposes (a typical  schematic diagram of sealing provision to prevent the fraudulent practice of the model is given  above as Figure (2). A dip switch has been provided in the motherboard/PCB to disable access  to external calibration.,,500 to 10000,5g or more,100.0
388,25275,2026-08-11,I-21/250/2026-W&M Section,KRAB INTERNATIONAL,Non-automatic weighing instrument,388.pdf,https://lm.doca.gov.in/ModelApproval/Certificates/2026/388.pdf,DOCA_MODEL_APPROVAL,PDF_TEXT,False,KI-M7-003AL,STAR,"M/s. Krab International, 
Plot No.-19, Khata No.- 150",IND/09/26/,Non-automatic weighing instrument,Class III,30 kg,30.0,kg,100 g,0.1,5 g,5.0,Digital LED/LCD,Strain Gauge type load cell based,Standard Strain Gauge,,C3,,Ver-1.0,,Standard lead seal with wire passing through chassis holes.,,500 to 10000,5g or more,100.0
389,25276,2026-08-11,I-21/250/2026-W&M Section,KRAB INTERNATIONAL,Non-automatic weighing instrument,389.pdf,https://lm.doca.gov.in/ModelApproval/Certificates/2026/389.pdf,DOCA_MODEL_APPROVAL,PDF_TEXT,False,KI-M7-005AL,STAR,"M/s. Krab International, 
Plot No.-19, Khata No.- 150",IND/09/26/,Non-automatic weighing instrument,Class III,30 kg,30.0,kg,100 g,0.1,5 g,5.0,Digital LED/LCD,Strain Gauge type load cell based,Standard Strain Gauge,,C3,,Ver-1.0,,Standard lead seal with wire passing through chassis holes.,,500 to 10000,5g or more,100.0
390,25249,2026-08-14,I-21/252/2026-W&M Section,AGRAWAL NIRMAN,Non-automatic weighing instrument,390.pdf,https://lm.doca.gov.in/ModelApproval/Certificates/2026/390.pdf,DOCA_MODEL_APPROVAL,PDF_TEXT,False,AGJS-II,AGRAWAL DIGITAL SCALE,"M/s, AGRAWAL NIRMAN, Plot",IND/09/26/390,Table top type,Class II,600g,0.6,kg,200mg,200.0,10mg,10.0,LED,Strain Gauge Type Load Cell Based,Based   Load Cell Details,,C3,,weigh22.hex,e66b6339cc5e216751abce64727e72392d299b2fc955f33,Sealing is done by passing the sealing wire through the holes provided on the body of  machine. A lead seal is put at the end of the wire for stamping purpose (Sealing diagram and  photograph to prevent the fraudulent practices of the model is given above as Figure 2). A dip  switch has also been provided in mother board/PCB to disable access to external calibration.,"shall also cover the weighing instruments of  similar make, accuracy and performance of same series with capacity up to 10kg with number  of verification scale interval (n)  in the range of 5000 to 60000 for ‘e’ value of 100mg or more  and with number of verification scale interval (n) in the range of 100 to 60000 for ‘e’ value  of 1mg to 50mg with ‘e’ value of 1x10k, 2x10k or  5x10k, where  k is a positive or negative  whole number or equal to zero manufactured by the same manufacturer in accordance with",5000 to 60000,100mg or more,100.0
391,24111,2026-08-14,I-21/251/2026-W&M Section,SOUTHERN SENSORS,Non-automatic weighing instrument,391.pdf,https://lm.doca.gov.in/ModelApproval/Certificates/2026/391.pdf,DOCA_MODEL_APPROVAL,PDF_TEXT,False,LDSS-11,LOADTRONICS,"M/s SOUTHERN SENSORS, 76A/P1, 11TH Street",IND/09/26/391,Electronic Weighbridge type,Class III,40t,40.0,tonne,200kg,200.0,10kg,10000.0,"LED display (LCD for other parameter like date, time etc)",Strain Gauge Type Load Cell Based,Based  Load Cell,,C3,,8051/STC microcontroller firmware,e24a8d3c12b7f5a89elb2f7c0d95e6f3b7c3d2f9ale0b5,Sealing is done by passing the sealing wire through the holes provided on the body of  machine. A lead seal is put at the end of the wire for stamping purpose (a typical schematic  diagram of sealing provision to prevent the fraudulent practices of the model is given above  as Figure 2). A dip switch has also been provided in mother board/PCB to disable access to  external calibration.,"shall also cover the weighing instruments of  similar make, accuracy and performance of same series with capacity above 5t and up to 150t  with number of verification scale interval (n)  in the range of 500 to 10000 for ‘e’ value of 5g  or more  with ‘e’ value of 1x10k, 2x10k or  5x10k, where  k is a positive or negative whole  number or equal to zero manufactured by the same manufacturer in accordance with the same  principle, design and with the same materials with which, the said approved model has been",500 to 10000,5g,100.0
392,24209,2026-08-14,I-21/253/2026-W&M Section,SHRI TULJAI TRADERS,Non-automatic weighing instrument,392.pdf,https://lm.doca.gov.in/ModelApproval/Certificates/2026/392.pdf,DOCA_MODEL_APPROVAL,PDF_TEXT,False,VP,VPTECH,"M/s SHRI TULJAI TRADERS, AT POST",IND/09/26/392,Electronic Platform Scale (MULTI INTERVAL,Class III,100/200/300 kg,300.0,kg,200g,0.2,10/20/50g,50.0,LED,Strain Gauge Type load Cell based,based  Load Cell,,C3,,v1.5.0.hex,e24a8d3c12b7f5a89e1b22f7c0d95e6f3b7c3d2f9a1e0b5c4,Sealing is done by passing the sealing wire through the holes provided on the body of  machine. A lead seal is put at the end of the wire for stamping purpose (a typical schematic  diagram of sealing provision to prevent the fraudulent practices of the model is given above  as Figure 2). A dip switch has also been provided in mother board/PCB to disable access to  external calibration.,"shall also cover the weighing instruments of similar  make, accuracy and performance of same series with capacity above 50kg and up to 5000kg  with number of verification scale interval (n) in the range of 500 to 10000 for ‘e’ value of 5g  or more with ‘e’ value of 1x10k, 2x10k or 5x10k, where k is a positive or negative whole  number or equal to zero manufactured by the same manufacturer in accordance with the same  principle, design and with the same materials with which, the said approved model has been",500 to 10000,5g,100.0
393,24211,2026-08-14,I-21/253/2026-W&M Section,SHRI TULJAI TRADERS,Non-automatic weighing instrument,393.pdf,https://lm.doca.gov.in/ModelApproval/Certificates/2026/393.pdf,DOCA_MODEL_APPROVAL,PDF_TEXT,False,VT,VPTECH,"M/s SHRI TULJAI TRADERS, AT POST",IND/09/26/393,Electronic Table Top  Scale (MULTI INTERVAL),Class III,10/20/30 kg,30.0,kg,20g,0.02,1/2/5g,5.0,LED,Strain Gauge Type load Cell based,based  Load Cell,,C3,,v1.5.0.hex,e24a8d3c12b7f5a89e1b22f7c0d95e6f3b7c3d2f9a1e0b5c4,Sealing is done by passing the sealing wire through the holes provided on the body of  machine. A lead seal is put at the end of the wire for stamping purpose (a typical schematic,"shall also cover the weighing instruments of similar  make, accuracy and performance of same series with capacity up to 50kg with number of  verification scale interval (n) in the range of 500 to 10000 for ‘e’ value of 5g or more and with  number of verification scale interval (n) in the range of 100 to 10000 for ‘e’ value of 100mg to  2g with ‘e’ value of 1x10k, 2x10k or 5x10k, where k is a positive or negative whole number or  equal to zero manufactured by the same manufacturer in accordance with the same principle,",500 to 10000,5g or more and with,100.0
394,25238,2026-08-14,I-21/254/2026-W&M Section,BARON HEALTH PRIVATE LIMITED,Any other Weight or Measure,394.pdf,https://lm.doca.gov.in/ModelApproval/Certificates/2026/394.pdf,DOCA_MODEL_APPROVAL,PDF_TEXT,False,NWS101,Noren,"M/s Baron Health Private Limited, Plot no. 230, Ground",IND/09/26/394,Person Weighing  Scale,Class III,180kg,180.0,kg,1kg,1.0,50g,50.0,LCD,Strain Gauge  type of Load Cell,"Load Cell   Make -OM-50,  Accuracy Class",,C3,200kg,V1.0,A2B4,Sealing is done by passing the sealing wire through the holes provided on the body of  machine. A lead seal is put at the end of the wire for stamping purpose (a typical schematic  diagram of sealing provision to prevent the fraudulent practices of the model is given above  as Figure 2). A dip switch has also been provided in mother board/PCB to disable access to  external calibration.,"shall also cover the weighing instruments of similar  make, accuracy and performance of same series with capacity above 50kg and up to 200kg with  number of verification scale interval (n) in the range of 500 to 10000 for ‘e’ value of 5g or more  with ‘e’value of 1x10k, 2x10k or 5x10k, where k is a positive or negative whole number or  equal to zero manufactured by the same manufacturer in accordance with the same principle,  design and with the same materials with which, the said approved model has been manufactured",500 to 10000,5g or more,100.0
395,25244,2026-08-14,I-21/254/2026-W&M Section,BARON HEALTH PRIVATE LIMITED,Any other Weight or Measure,395.pdf,https://lm.doca.gov.in/ModelApproval/Certificates/2026/395.pdf,DOCA_MODEL_APPROVAL,PDF_TEXT,False,ANK101PWS,ANK Lifecare,"M/s Baron Health Private Limited, Plot no. 230, Ground",IND/09/26/395,Person Weighing  Scale,Class III,180kg,180.0,kg,1kg,1.0,50g,50.0,LCD,Strain Gauge  type of Load Cell,"Load Cell   Make -OM-50,  Accuracy Class",,C3,200kg,V1.0,A2B4,Sealing is done by passing the sealing wire through the holes provided on the body of  machine. A lead seal is put at the end of the wire for stamping purpose (a typical schematic  diagram of sealing provision to prevent the fraudulent practices of the model is given above  as Figure 2). A dip switch has also been provided in mother board/PCB to disable access to  external calibration.,"shall also cover the weighing instruments of similar  make, accuracy and performance of same series with capacity above 50kg and up to 200kg with  number of verification scale interval (n) in the range of 500 to 10000 for ‘e’ value of 5g or more  with ‘e’value of 1x10k, 2x10k or 5x10k, where k is a positive or negative whole number or  equal to zero manufactured by the same manufacturer in accordance with the same principle,  design and with the same materials with which, the said approved model has been manufactured",500 to 10000,5g or more,100.0
396,23655,2026-08-14,I-21/193/2026-W&M Section,ESSAE DIGITRONICS PRIVATE LIMITED,Automatic Rail Weighbridge,396.pdf,https://lm.doca.gov.in/ModelApproval/Certificates/2026/396.pdf,DOCA_MODEL_APPROVAL,PDF_TEXT,False,ERIM 9000,ESSAE,"M/s. ESSAE DIGITRONICS PRIVATE LIMITED, No 34 & 35 , Bommasandra",IND/09/26/396,Automatic Rail Weighbridge,Class I,35 t,35.0,tonne,2.5 t,2.5,0.2 t,0.2,TFT touch screen display,Strain Gauge type load cell based,ESSAE,Dual Sensor Weigh Rails,C3,40 t,V.1.10,1300BFFC1D2DFE4DD13776DD776EDC6D7D6257,Standard lead seal with wire passing through chassis holes.,"shall also cover the weighing instruments of similar make, accuracy and  performance of same series with capacities upto 140t manufactured by the same manufacturer in  accordance with the same principle, design and with the same materials with which, the said approved  model has been manufactured.    [F.No. I-21/193/2026-W&M Section]",500 to 10000,5g or more,100.0
397,25252,2026-08-18,I-21/249/2026-W&M Section,GOODALL WEIGHING AND AUTOMATION,Non-automatic weighing instrument,397.pdf,https://lm.doca.gov.in/ModelApproval/Certificates/2026/397.pdf,DOCA_MODEL_APPROVAL,PDF_TEXT,False,GDL -PF,GOODALL,"M/s. GOODALL WEIGHING AND 
AUTOMATION, Door No 50/756/3/A, Neelankavil Complex",IND/09/26/397,Platform Type,Class III,200 kg,200.0,kg,1kg,1.0,50g,50.0,LED,Strain Gauge Type load Cell based,based  Load Cell,,C3,,1.2.1,0x000FA954,Sealing is done by passing the sealing wire through the holes provided on the body of  machine. A lead seal is put at the end of the wire for stamping purpose (a typical schematic  diagram of sealing provision to prevent the fraudulent practices of the model is given above  as Figure 2). A dip switch has also been provided in mother board/PCB to disable access to  external calibration.,"shall also cover the weighing instruments of similar  make, accuracy and performance of same series with capacity above 50kg and up to 5000kg  with number of verification scale interval (n) in the range of 500 to 10000 for ‘e’ value of 5g  or more with ‘e’ value of 1x10k, 2x10k or 5x10k, where k is a positive or negative whole  number or equal to zero manufactured by the same manufacturer in accordance with the same  principle, design and with the same materials with which, the said approved model has been",500 to 10000,5g,100.0
398,25253,2026-08-18,I-21/249/2026-W&M Section,GOODALL WEIGHING AND AUTOMATION,Non-automatic weighing instrument,398.pdf,https://lm.doca.gov.in/ModelApproval/Certificates/2026/398.pdf,DOCA_MODEL_APPROVAL,PDF_TEXT,False,GDL -CS,GOODALL,"M/s. GOODALL WEIGHING AND 
AUTOMATION, Door No 50/756/3/A, Neelankavil Complex",IND/09/26/,Bench Type,Class III,300 kg,300.0,kg,1kg,1.0,50g,50.0,LED,Strain Gauge Type load Cell based,based  Load Cell,,C3,,1.2.1,0x000FA954,Sealing is done by passing the sealing wire through the holes provided on the body of  machine. A lead seal is put at the end of the wire for stamping purpose (a typical schematic  diagram of sealing provision to prevent the fraudulent practices of the model is given above  as Figure 2). A dip switch has also been provided in mother board/PCB to disable access to  external calibration.,"shall also cover the weighing instruments of similar  make, accuracy and performance of same series with capacity above 50kg and up to 1000kg  with number of verification scale interval (n) in the range of 500 to 10000 for ‘e’ value of 5g  or more with ‘e’ value of 1x10k, 2x10k or 5x10k, where k is a positive or negative whole  number or equal to zero manufactured by the same manufacturer in accordance with the same  principle, design and with the same materials with which, the said approved model has been",500 to 10000,5g,100.0
399,25254,2026-08-18,I-21/249/2026-W&M Section,GOODALL WEIGHING AND AUTOMATION,Non-automatic weighing instrument,399.pdf,https://lm.doca.gov.in/ModelApproval/Certificates/2026/399.pdf,DOCA_MODEL_APPROVAL,PDF_TEXT,False,GDL -TT,GOODALL,"M/s. GOODALL WEIGHING AND 
AUTOMATION, Door No 50/756/3/A, Neelankavil Complex",IND/09/26/399,Table Top type,Class III,30 kg,30.0,kg,100g,0.1,5g,5.0,LED,Strain Gauge Type load Cell based,based  Load Cell,,C3,,1.2.1,0x000FA954,Sealing is done by passing the sealing wire through the holes provided on the body of  machine. A lead seal is put at the end of the wire for stamping purpose (a typical schematic  diagram of sealing provision to prevent the fraudulent practices of the model is given above  as Figure 2). A dip switch has also been provided in mother board/PCB to disable access to  external calibration.,"shall also cover the weighing instruments of similar  make, accuracy and performance of same series with capacity up to 50kg with number of  verification scale interval (n) in the range of 500 to 10000 for ‘e’ value of 5g or more and with  number of verification scale interval (n) in the range of 100 to 10000 for ‘e’ value of 100mg to  2g with ‘e’ value of 1x10k, 2x10k or 5x10k, where k is a positive or negative whole number or  equal to zero manufactured by the same manufacturer in accordance with the same principle,",500 to 10000,5g or more and with,100.0
400,25255,2026-08-18,I-21/249/2026-W&M Section,GOODALL WEIGHING AND AUTOMATION,Non-automatic weighing instrument,400.pdf,https://lm.doca.gov.in/ModelApproval/Certificates/2026/400.pdf,DOCA_MODEL_APPROVAL,PDF_TEXT,False,GDL –TT2,GOODALL,"M/s. GOODALL WEIGHING AND 
AUTOMATION, Door No 50/756/3/A, Neelankavil Complex",IND/09/26/400,Table top Type,Class II,30 kg,30.0,kg,100g,0.1,2g,2.0,LED,Strain Gauge Type load Cell based,based  Load Cell,,C3,,1.2.1,0x000FA954,Sealing is done by passing the sealing wire through the holes provided on the body of  machine. A lead seal is put at the end of the wire for stamping purpose (a typical schematic  diagram of sealing provision to prevent the fraudulent practices of the model is given above  as Figure 2). A dip switch has also been provided in mother board/PCB to disable access to  external calibration.,"shall also cover the weighing instruments of  similar make, accuracy and performance of same series with capacity up to 50kg with number  of verification scale interval (n)  in the range of 5000 to 60000 for ‘e’ value of 100mg or more  and with number of verification scale interval (n) in the range of 100 to 60000 for ‘e’ value  of 1mg to 50mg with ‘e’ value of 1x10k, 2x10k or  5x10k, where  k is a positive or negative  whole number or equal to zero manufactured by the same manufacturer in accordance with",5000 to 60000,100mg or more,100.0
401,23863,2026-08-18,I-21/230/2026-W&M Section,ESKAY WEIGHING SYSTEMS LLP,Non-automatic weighing instrument,401.pdf,https://lm.doca.gov.in/ModelApproval/Certificates/2026/401.pdf,DOCA_MODEL_APPROVAL,PDF_TEXT,False,ATX210,ATRAX,"M/s Atrax Group New Zealand Ltd., 390 A, Church Street",IND/09/26/401,Platform type,Class III,5000 kg,5000.0,kg,20kg,20.0,1kg,1000.0,LCD,Strain Gauge type load cell based,based  Load Cell,,C3,,1.1,Details,Sealing is done by passing the sealing wire through the holes provided on the body of  machine. A lead seal is put at the end of the wire for stamping purpose (a typical schematic  diagram of sealing provision to prevent the fraudulent practices of the model is given above  as Figure 2). A dip switch has also been provided in mother board/PCB to disable access to  external calibration.,"shall also cover the weighing instruments of  similar make, accuracy and performance of same series with capacity above 50kg and up to  5000kg with number of verification scale interval (n) in the range of 500 to 10000 for ‘e’ value  of 5g or more with ‘e’ value of 1x10k, 2x10k or 5x10k, where k is a positive or negative whole  number or equal to zero manufactured by the same manufacturer in accordance with the same  principle, design and with the same materials with which, the said approved model has been",500 to 10000,5g or more with ‘e’ value of 1x10k,100.0
402,23882,2026-08-18,I-21/257/2026-W&M Section,EVEREST SANITATION (INDIA),Flow Meters,402.pdf,https://lm.doca.gov.in/ModelApproval/Certificates/2026/402.pdf,DOCA_MODEL_APPROVAL,PDF_TEXT,False,ESI-Emag,EVEREST,"M/s. Everest 
Sanitation (India), B-55,Wazirpur Group Industrial Area",IND/09/26/,Flow Meters,0.5 of series “ESI-Emag” and with the,30 kg,30.0,kg,100 g,0.1,5 g,5.0,Graphic LCD,Strain Gauge type load cell based,Standard Strain Gauge,,C3,,V 10.012,A7C4,Sealing is done by passing the lead wire through the holes provided on casing of the meter. A typical  schematic diagram of sealing provision to prevent the fraudulent practices of the model is given above  as Figure 2. A dip switch is provided on the mother board to prevent the external calibration.      [F.No. I-21/257/2026-W&M Section,,500 to 10000,5g or more,100.0
403,18526,2026-08-18,I-21/255/2026-W&M Section,ZENNER AQUAMET INDIA PRIVATE LIMITED,Water Meter,403.pdf,https://lm.doca.gov.in/ModelApproval/Certificates/2026/403.pdf,DOCA_MODEL_APPROVAL,PDF_TEXT,False,IUW,ZENNER,"M/s Zenner 
Aquamet India Private Limited , Plot No.260, Sector-68",IND/09/26/,Water Meter,2 (hereinafter  referred,30 kg,30.0,kg,100 g,0.1,5 g,5.0,LCD,Strain Gauge type load cell based,Standard Strain Gauge,,C3,,1.5.2,1929,Standard lead seal with wire passing through chassis holes.,,500 to 10000,5g or more,100.0
404,24131,2026-08-18,I-21/242/2026-W&M Section,APIT MACHINERY PRIVATE LIMITED,Automatic Gravimetric Filling Instrument,404.pdf,https://lm.doca.gov.in/ModelApproval/Certificates/2026/404.pdf,DOCA_MODEL_APPROVAL,PDF_TEXT,False,ABPB,APIT,"M/s. APIT Machinery Pvt. Ltd No.164&165, Kiadb Industrial",IND/09/26/404,Automatic gravimetric filling instrument (Twin grain blending & filling,"X(x), where x=1 of series “ABPB” and with brand name “APIT” (hereinafter",50kg,50.0,kg,5 kg,5.0,5 g,5.0,LCD,Electronics and load cell based,based  Accuracy class,,C3,,2.3 ; Checksum: 3.2.0,3.2.0,Standard lead seal with wire passing through chassis holes.,,500 to 10000,5g or more,100.0
405,23262,2026-08-18,I-21/256/2026-W&M Section,DAS ELECTRONICS WORK PRIVATE LIMITED,Catch Weighing Instrument (Check Weigher),405.pdf,https://lm.doca.gov.in/ModelApproval/Certificates/2026/405.pdf,DOCA_MODEL_APPROVAL,PDF_TEXT,False,DAS-DCW-KA,DAS,"M/s.Das Electronics 
Work Private Limited Building No. 5A, Unit No.3, Sagar Industrial Estate",IND/09/26/405,Automatic Catch Weighing Instrument(Check Weigher),Class III,50kg,50.0,kg,10 kg,10.0,10 g,10.0,TFT LCD,Electronics and  load cell based,based  Accuracy class,,C3,,Ver-1.0,7C14C0FCCE1A28D81C79C53DF09A63566564A74A49291D6D2609F708,Sealing is done by passing the sealing wire through the two holes provided in the indicator  housing of the device. The dip switch box is sealed with wire and lead seal for calibration. A typical  schematic diagram and photograph of sealing provision to prevent the fraudulent practices of the model  is given above as Figure 2. A dip switch has also been provided in mother board/PCB to disable access  to external calibration.,,500 to 10000,5g or more and,100.0
406,16956,2026-08-18,I-21/258/2026-W&M Section,dodia scale INC,Discontinuous Totalizing Automatic Weighing Instrument (Hopper weigher),406.pdf,https://lm.doca.gov.in/ModelApproval/Certificates/2026/406.pdf,DOCA_MODEL_APPROVAL,PDF_TEXT,False,DSAF-02,AUTOFILER,"M/s. Dodia Scale Inc, 1, Kadambari Estate",IND/09/26/,Automatic gravimetric filling instrument (Liquid Filling type),"X(x), where x=1 of series “DSAF-02” and with brand name “AUTOFILER",50 kg each;,50.0,kg,100 g,0.1,2 g,2.0,LCD,Electronics and  Load cell based,based   Accuracy class,,C3,,v1.1,,Standard lead seal with wire passing through chassis holes.,,500 to 10000,5g or more,100.0
407,24177,2026-08-21,I-21/262/2026-W&M Section,A&D INSTRUMENTS INDIA PRIVATE LIMITED,Non-automatic weighing instrument,407.pdf,https://lm.doca.gov.in/ModelApproval/Certificates/2026/407.pdf,DOCA_MODEL_APPROVAL,PDF_TEXT,False,MC-A,A & D,"M/s A & D Company Limited, 3-23-14 Higashi",IND/09/26/407,Table Top Type,Class I,6200g,6.2,kg,1g,0.001,0.01g,0.01,LCD with reverse backlight,Strain Gauge Type of load Cell,Software Version   1.509,,C3,,1.509,CRC-32:32CA4605,Sealing is done by passing the sealing wire through the holes provided on the body  of machine. A lead seal is put at the end of the wire for stamping purpose (a typical  schematic diagram of sealing provision to prevent the fraudulent practices of the model is  given above as Figure 2). A dip switch has also been provided in mother board/PCB to  disable access to external calibration.,"shall also cover the weighing instruments of  similar make, accuracy and performance of same series with capacity up to 6200g with  number of verification scale interval (n)  50000 or more for ‘e’ value of 1mg or more with  ‘e’ value of 1x10k, 2x10k or  5x10k, where  k is a positive or negative whole number or  equal to zero manufactured by the same manufacturer in accordance with the same  principle, design and with the same materials with which, the said approved model has been",500 to 10000,1mg or more with,100.0
408,25234,2026-08-25,I-21/261/2026-W&M Section,PRECIOUS WEIGHING SYSTEM,Non-automatic weighing instrument,408.pdf,https://lm.doca.gov.in/ModelApproval/Certificates/2026/408.pdf,DOCA_MODEL_APPROVAL,PDF_TEXT,False,PWS-WB,MeasurePro,"M/s PRECIOUS WEIGHING SYSTEM, 
No.-9/422, K.S.H. COMPLEX ELAMPILLAI",IND/09/26/408,Electronic  Weighbridge,Class III,40000 kg,40000.0,kg,200kg,200.0,10kg,10000.0,One LED  display for weight indication  and One  LCD,Strain Gauge Type of load Cell,KELI,QS-D,C-3,,d2.1.hex,89e1b2f7cod95e6f3b7c3d2fqa1eob5cd6a7b8c9doe1f2a3e2,Sealing is done by passing the sealing wire through the holes provided on the body  of machine. A lead seal is put at the end of the wire for stamping purpose (a typical  schematic diagram of sealing provision to prevent the fraudulent practices of the model is  given above as Figure 2). A dip switch has also been provided in mother board/PCB to  disable access to external calibration.,"shall also cover the Weighing instruments of  similar make, accuracy and performance of same series with capacity above 5tonne and up  to 120tonne with number of verification scale intervals (n)in the range of 500 to 10000 for  ‘e’ value of 5g or more with ‘e’ value of 1x10k, 2x10k or 5x10k, where k is a positive or  negative whole number or equal to zero manufactured by the same manufacturer in  accordance with the same principle, design and with the same materials with which, the said",500 to 10000,5g or more with ‘e’ value of 1x10k,100.0
409,24183,2026-08-27,I-21/259/2026-W&M Section,HPL ELECTRIC & POWER LIMITED,Water Meter,409.pdf,https://lm.doca.gov.in/ModelApproval/Certificates/2026/409.pdf,DOCA_MODEL_APPROVAL,PDF_TEXT,False,Neeram Multijet DN,HPL,"M/s HPL Electric & Power Limited, Plot no.",IND/09/26/,Water Meter,B (hereinafter  referred to as the said model) of series “Neeram Multijet DN,30 kg,30.0,kg,100 g,0.1,5 g,5.0,with 9 No. of digits for display intended,Strain Gauge type load cell based,Standard Strain Gauge,,C3,,Ver-1.0,,Standard lead seal with wire passing through chassis holes.,,500 to 10000,5g or more,100.0
410,24184,2026-08-27,I-21/259/2026-W&M Section,HPL ELECTRIC & POWER LIMITED,Water Meter,410.pdf,https://lm.doca.gov.in/ModelApproval/Certificates/2026/410.pdf,DOCA_MODEL_APPROVAL,PDF_TEXT,False,Neeram Multijet DN,HPL,"M/s HPL Electric & Power Limited, Plot no.",IND/09/26/,Water Meter,B (hereinafter  referred to as the said model) of series “Neeram Multijet DN,30 kg,30.0,kg,100 g,0.1,5 g,5.0,with 9 No. of digits for display intended,Strain Gauge type load cell based,Standard Strain Gauge,,C3,,Ver-1.0,,Standard lead seal with wire passing through chassis holes.,,500 to 10000,5g or more,100.0
411,24185,2026-08-27,I-21/259/2026-W&M Section,HPL ELECTRIC & POWER LIMITED,Water Meter,411.pdf,https://lm.doca.gov.in/ModelApproval/Certificates/2026/411.pdf,DOCA_MODEL_APPROVAL,PDF_TEXT,False,Neeram Multijet DN,HPL,"M/s HPL Electric & Power Limited, Plot no.",IND/09/26/,Water Meter,B (hereinafter  referred to as the said model) of series “Neeram Multijet DN,30 kg,30.0,kg,100 g,0.1,5 g,5.0,with 9 No. of digits for display intended,Strain Gauge type load cell based,Standard Strain Gauge,,C3,,Ver-1.0,,Standard lead seal with wire passing through chassis holes.,,500 to 10000,5g or more,100.0
412,25267,2026-08-28,I-21/266/2026-W&M Section,ESSAE DIGITRONICS PRIVATE LIMITED,Automatic Gravimetric Filling Instrument,412.pdf,https://lm.doca.gov.in/ModelApproval/Certificates/2026/412.pdf,DOCA_MODEL_APPROVAL,PDF_TEXT,False,SBFM 50,Essae,"M/s. ESSAE DIGITRONICS PRIVATE LIMITED, No 34 &",IND/09/26/,Automatic Rail Weighbridge,"X(x), where x=1 of series “SBFM 50” and with brand name “Essae” (hereinafter",30 kg,30.0,kg,100 g,0.1,d,5.0,LCD,Strain gauge type load cell based,based  Maximum,,C3,,01.01.30,822E06FCB6ADEB6C003466FC7279323CB336C665C1DD7CCC,Standard lead seal with wire passing through chassis holes.,,500 to 10000,5g or more,100.0
413,24064,2026-08-28,I-21/106/2026-W&M Section,BIOGAS ENGINEERING INDIA PRIVATE LIMITED,Gas Meters,413.pdf,https://lm.doca.gov.in/ModelApproval/Certificates/2026/413.pdf,DOCA_MODEL_APPROVAL,PDF_TEXT,False,described,BIOGAS,"M/s Apix Analytics Miniparc Polytec Immeuble Tramontane 60 rue des Berges FRA 
38000-Grenoble, France and imported and marketed in India without any alteration before or after sale by",IND/09/26/413,Gas Meters,"A   (hereinafter referred to as the said model),",30 kg,30.0,kg,100 g,0.1,5 g,5.0,Digital LED/LCD,Strain Gauge type load cell based,Standard Strain Gauge,,C3,,Checksum,Logiciel PixL Pro,Standard lead seal with wire passing through chassis holes.,,500 to 10000,5g or more,100.0
414,23970,2026-08-28,I-21/49/2026-W&M Section,KIMPEX FLOW PRIVATE LIMITED,Gas Meters,414.pdf,https://lm.doca.gov.in/ModelApproval/Certificates/2026/414.pdf,DOCA_MODEL_APPROVAL,PDF_TEXT,False,described,COMMON S.A.,"M/s COMMON S.A., ul.Aleksandrowska 67/93,91-205",IND/09/26/,Gas Meters,1.0 (hereinafter referred to as the said model),30 kg,30.0,kg,100 g,0.1,5 g,5.0,Digital LED/LCD,Strain Gauge type load cell based,Standard Strain Gauge,,C3,,Ver-1.0,,Standard lead seal with wire passing through chassis holes.,,500 to 10000,5g or more,100.0
415,23873,2026-08-28,I-21/265/2026-W&M Section,V-TECH INNOVATIONS,Flow Meters,415.pdf,https://lm.doca.gov.in/ModelApproval/Certificates/2026/415.pdf,DOCA_MODEL_APPROVAL,PDF_TEXT,False,VT150,V-Tech,"M/s. V-TECH INNOVATIONS, 805 A, 8th Floor",IND/09/26/,Flow Meters,Class 2,30 kg,30.0,kg,100 g,0.1,0.0001 m3,3.0,LCD,Strain Gauge type load cell based,Standard Strain Gauge,,C3,,V 2.5.0,1352106,Standard lead seal with wire passing through chassis holes.,,500 to 10000,5g or more,100.0
416,23868,2026-08-28,I-21/260/2026-W&M Section,MINEBEA INTEC INDIA PRIVATE LIMITED,Catch Weighing Instrument (Check Weigher),416.pdf,https://lm.doca.gov.in/ModelApproval/Certificates/2026/416.pdf,DOCA_MODEL_APPROVAL,PDF_TEXT,False,Essentus Advanced,Minebea Intec,"M/s. MINEBEA INTEC INDIA PRIVATE LIMITED, 26",IND/09/26/,Automatic Catch Weighing Instrument(Check Weigher),Class III,3 kg,3.0,kg,80 g,0.08,0.5 g,0.5,Colour Touch Screen LCD,Strain Gauge type load cell,"Accuracy class  XIII(x), with class desi",,XIII,,001.000.000,f78faa43839a4ec7a3fccac62b72ce226649008f74ac97f669426999a0c9bd95,Standard lead seal with wire passing through chassis holes.,,500 to 10000,5g or more and with number of verification scale,100.0
417,25237,2026-09-02,I-21/268/2026-W&M Section,PRIME SCALE COMPANY,Non-automatic weighing instrument,417.pdf,https://lm.doca.gov.in/ModelApproval/Certificates/2026/417.pdf,DOCA_MODEL_APPROVAL,PDF_TEXT,False,PS-PF-III,PRIME,"M/s 
PRIME SCALE COMPANY, SHOP NO-9-7-162, ASIF KANTEWALA BUILDING",IND/09/26/417,Platform Type,Class III,300 kg,300.0,kg,1kg,1.0,50g,50.0,LED,Strain Gauge Type  load Cell based,based   Load Cell,,C3,,mothercard_firmware_WT-2511,7f168gds5eka30vad90kcauQkmy465rga48ga6af,Sealing is done by passing the sealing wire through the holes provided on the body of  machine. A lead seal is put at the end of the wire for stamping purpose (a typical schematic  diagram of sealing provision to prevent the fraudulent practices of the model is given above  as Figure 2). A dip switch has also been provided in mother board/PCB to disable access to  external calibration.,"shall also cover the weighing instruments of similar  make, accuracy and performance of same series with capacity above 50kg and up to 5000kg  with number of verification scale interval (n) in the range of 500 to 10000 for ‘e’ value of 5g  or more with ‘e’ value of 1x10k, 2x10k or 5x10k, where k is a positive or negative whole  number or equal to zero manufactured by the same manufacturer in accordance with the same  principle, design and with the same materials with which, the said approved model has been",500 to 10000,5g,100.0
418,25266,2026-09-02,I-21/267/2026-W&M Section,DEERGH INSTRUMENTS,Non-automatic weighing instrument,418.pdf,https://lm.doca.gov.in/ModelApproval/Certificates/2026/418.pdf,DOCA_MODEL_APPROVAL,PDF_TEXT,False,DIAS-I,CHAMPION,"M/s Deergh Instruments, 21, Murlidhar Sky",IND/09/26/418,Table top type,Class I,220g,0.22,kg,10mg,10.0,1mg,1.0,LCD,EMFC,Standard Strain Gauge,,C3,,V 1.3,di9asca73565df8604db2056440cdf4a9ccda76326418ac3e,Sealing is done by passing the sealing wire through the holes provided on the body of  machine. A lead seal is put at the end of the wire for stamping purpose (Sealing diagram and  photograph to prevent the fraudulent practices of the model is given above as Figure 2). A dip  switch has also been provided in mother board/PCB to disable access to external calibration.,"shall also cover the weighing instruments of  similar make, accuracy and performance of same series with capacity up to 10kg with number  of verification scale interval (n)  50000 or more for ‘e’ value of 1mg or more with ‘e’ value  of 1x10k, 2x10k or  5x10k, where  k is a positive or negative whole number or equal to zero  manufactured by the same manufacturer in accordance with the same principle, design and  with the same materials with which, the said approved model has been manufactured.",500 to 10000,1mg or more with ‘e’ value,100.0
419,18645,2026-09-02,I-21/212/2026-W&M Section,MEASUREDI TECHNOLOGIES PRIVATE LIMITED,Automatic Rail Weighbridge,419.pdf,https://lm.doca.gov.in/ModelApproval/Certificates/2026/419.pdf,DOCA_MODEL_APPROVAL,PDF_TEXT,False,R8050 M,MEASUREDI,"M/s. Measuredi Technology Private Limited, Plot No. 20/1, 12th",IND/09/26/,Automatic Rail Weighbridge,Class I,35 t,35.0,tonne,2.5 t,2.5,d,5.0,LED for wagon weight and LCD for other information,Strain gauge sensors mounted on rail,MEASUREDI,TFIT-RAIL,C1,40 t x 2 Nos,V.1.10,OCDEH,Standard lead seal with wire passing through chassis holes.,"shall also cover the weighing instruments of similar make, accuracy and  performance of same series with capacities upto 140t manufactured by the same manufacturer in  accordance with the same principle, design and with the same materials with which, the said approved  model has been manufactured.    [F.No. I-21/212/2026-W&M Section]",500 to 10000,5g or more,100.0
420,24222,2026-09-02,I-21/263/2026-W&M Section,S J ELECTRONICS,Non-automatic weighing instrument,420.pdf,https://lm.doca.gov.in/ModelApproval/Certificates/2026/420.pdf,DOCA_MODEL_APPROVAL,PDF_TEXT,False,SJJ,LOYAL,"M/s S J ELECTRONICS, 3/1070 D, VEEPAMARATHUKOTTAI",IND/09/26/,Electronic Table Top Weighing Machine,Class II,30kg,30.0,kg,100g,0.1,2g,2.0,LED,Strain Gauge Type of load Cell,Rudrra sensor,RSL 601 Accuracy,C2,,d2.1.hex,89e1b2f7cod95e6f3b7c3d2fqa1eob5cd6a7b8c9doe1f2a3e24a8,Sealing is done by passing the sealing wire through the holes provided on the body of  machine. A lead seal is put at the end of the wire for stamping purpose (a typical schematic  diagram of sealing provision to prevent the fraudulent practices of the model is given above  as Figure 2). A dip switch has also been provided in mother board/PCB to disable access to  external calibration.,"shall also cover the weighing instruments of  similar make, accuracy and performance of same series with capacity up to 50kg with number  of verification scale interval (n)  in the range of 5000 to 60000 for ‘e’ value of 100mg or more  and with number of verification scale interval (n) in the range of 100 to 60000 for ‘e’ value  of 1mg to 50mg with ‘e’ value of 1x10k, 2x10k or  5x10k, where  k is a positive or negative  whole number or equal to zero manufactured by the same manufacturer in accordance with",5000 to 60000,100mg or more,100.0
421,23865,2026-09-02,I-21/264/2026-W&M Section,PARTH ENTERPRISES,Non-automatic weighing instrument,421.pdf,https://lm.doca.gov.in/ModelApproval/Certificates/2026/421.pdf,DOCA_MODEL_APPROVAL,PDF_TEXT,False,PEC,MICO,"M/s Parth 
Enterprises, KH 58/9, Plot No. 5C/3",IND/09/26/421,Platform Type,Class III,80 kg,80.0,kg,200g,0.2,10g,10.0,LED,Strain Gauge Type  load Cell based,based   Load Cell,,C3,,2.8,A464,Sealing is done by passing the sealing wire through the holes provided on the body of  machine. A lead seal is put at the end of the wire for stamping purpose (a typical schematic  diagram of sealing provision to prevent the fraudulent practices of the model is given above  as Figure 2). A dip switch has also been provided in mother board/PCB to disable access to  external calibration.,"shall also cover the weighing instruments of similar  make, accuracy and performance of same series with capacity above 50kg and up to 500kg with  number of verification scale interval (n) in the range of 500 to 10000 for ‘e’ value of 5g or more  with ‘e’ value of 1x10k, 2x10k or 5x10k, where k is a positive or negative whole number or  equal to zero manufactured by the same manufacturer in accordance with the same principle,  design and with the same materials with which, the said approved model has been",500 to 10000,5g or more,100.0
422,27315,2026-09-07,I-21/269/2026-W&M Section,PANDIT SCALE COMPANY,Non-automatic weighing instrument,422.pdf,https://lm.doca.gov.in/ModelApproval/Certificates/2026/422.pdf,DOCA_MODEL_APPROVAL,PDF_TEXT,False,PSC PRO X,PANDIT,"M/s PANDIT SCALE COMPANY,MILKAT No.-30834, WAGHOLI",IND/09/26/422,Table top type,Class I,220g,0.22,kg,10mg,10.0,1mg,1.0,LCD,EMFC,Standard Strain Gauge,,C3,,DJ-K-30-25RC5.hex,0970,Sealing is done by passing the sealing wire through the holes provided on the body of  machine. A lead seal is put at the end of the wire for stamping purpose (Sealing diagram and  photograph to prevent the fraudulent practices of the model is given above as Figure 2). A dip  switch has also been provided in mother board/PCB to disable access to external calibration.,"shall also cover the weighing instruments of  similar make, accuracy and performance of same series with capacity up to 10kg with number  of verification scale interval (n)  50000 or more for ‘e’ value of 1mg or more with ‘e’ value  of 1x10k, 2x10k or  5x10k, where  k is a positive or negative whole number or equal to zero  manufactured by the same manufacturer in accordance with the same principle, design and  with the same materials with which, the said approved model has been manufactured.",500 to 10000,1mg or more with ‘e’ value,100.0
423,24186,2026-09-07,I-21/270/2026-W&M Section,BHUMI SCALE INDUSTRIES,Non-automatic weighing instrument,423.pdf,https://lm.doca.gov.in/ModelApproval/Certificates/2026/423.pdf,DOCA_MODEL_APPROVAL,PDF_TEXT,False,BSEW,SIGN GOLD,"M/s Bhumi Scale Industries, Jakhal Road, 
Diwana",IND/09/26/423,Electronic  Weighbridge,Class III,40000 kg,40000.0,kg,200kg,200.0,10kg,10000.0,One LED  display for weight indication  and One  LCD,Strain Gauge Type of load Cell,Rudra Sensor Accuracy,,C2,,mothercard_firmware_v1.6.0.hex,e24a8d3c12b7f5a89e1b2f7c0d95e6f3b7c3d2f9a1e0b5c4d,Sealing is done by passing the sealing wire through the holes provided on the body  of machine. A lead seal is put at the end of the wire for stamping purpose (a typical  schematic diagram of sealing provision to prevent the fraudulent practices of the model is  given above as Figure 2). A dip switch has also been provided in mother board/PCB to  disable access to external calibration.,"shall also cover the Weighing instruments of  similar make, accuracy and performance of same series with capacity above 5tonne and up  to 150tonne with number of verification scale intervals (n)in the range of 500 to 10000 for  ‘e’ value of 5g or more with ‘e’ value of 1x10k, 2x10k or 5x10k, where k is a positive or  negative whole number or equal to zero manufactured by the same manufacturer in  accordance with the same principle, design and with the same materials with which, the said",500 to 10000,5g or more with ‘e’ value of 1x10k,100.0
424,23619,2026-09-09,I-21/271/2026-W&M Section,PARKER PLANT INDIA PRIVATE LIMITED,Discontinuous Totalizing Automatic Weighing Instrument (Hopper weigher),424.pdf,https://lm.doca.gov.in/ModelApproval/Certificates/2026/424.pdf,DOCA_MODEL_APPROVAL,PDF_TEXT,False,StarBatch,PARKER PLANT LIMITED,"the same 
manufacturer in accordance with the same principle, design and with the same materials with which, 
the said approved model has been manufactured",IND/09/26/,Discontinuous Totalizing Automatic Weighing Instrument (Hopper weigher),1 of,30 kg,30.0,kg,200kg,200.0,(dt),5.0,LCD,Electronics and  load cell based,based  Max. Capacity,,C3,acity,Parker StarControl as 9.2A,da0acee8f60a460cfb5249e262d3d53211ebc4c777579e99c8202b761541110a,Standard lead seal with wire passing through chassis holes.,"shall also cover the weighing instruments of similar make, accuracy and  performance of same series with maximum capacities upto 160 tonne/hr manufactured by the same  manufacturer in accordance with the same principle, design and with the same materials with which,  the said approved model has been manufactured                                                                                   [F.No. I-21/271/2026-W&M Section]",500 to 10000,5g or more,100.0
425,24161,2026-09-10,21/207/2026,CAELIX INDUSTRIES,Non-automatic weighing instrument,425.pdf,https://lm.doca.gov.in/ModelApproval/Certificates/2026/425.pdf,DOCA_MODEL_APPROVAL,PDF_TEXT,False,CI-CR III,CAELIX,"M/s CAELIX  INDUSTRIES, AMRELI ROAD SAVAKUNDLA-364515",IND/09/26/425,Electronic Crane Scale,Class III,1000kg,1000.0,kg,2000g,2.0,100g,100.0,Seven Segment Light Emitting Diode (LED),Strain Gauge type load cell based.,based.  Load Cell,,C3,,v1.0.0,F3346106C9571B6707,Sealing is done by passing the sealing wire through the holes provided on the body of  machine. A lead seal is put at the end of the wire for stamping purpose (a typical schematic  diagram of sealing provision to prevent the fraudulent practices of the model is given above  as Figure 2). A dip switch has also been provided in mother board/PCB to disable access to  external calibration.,"shall also cover the weighing instruments of  similar make, accuracy and performance of same series with capacity above 50kg and up to  5000kg with number of verification scale interval (n) in the range of 500 to 10000 for ‘e’ value  of 5g or more with ‘e’ value of 1x10k, 2x10k or 5x10k, where k is a positive or negative whole  number or equal to zero manufactured by the same manufacturer in accordance with the same  principle, design and with the same materials with which, the said approved model has been",500 to 10000,5g or more with ‘e’ value of 1x10k,100.0
426,25250,2026-09-10,21/273/2026,MAXTRON INSTRUMENTS,Non-automatic weighing instrument,426.pdf,https://lm.doca.gov.in/ModelApproval/Certificates/2026/426.pdf,DOCA_MODEL_APPROVAL,PDF_TEXT,False,INFANT,MAXTRON,"M/s MAXTRON INSTRUMENTS, 42-A/21,42-A/21-A AND 42-A/22-A",IND/09/26/426,Baby weighing type,Class III,30 kg,30.0,kg,100g,0.1,5g,5.0,Seven  Segment LED,Strain Gauge Type  Load cell Based,Based  Load Cell,,C3,,v1.5.0hex,e24a8d3c12b7f5a89e1b22f7c0d95e6f3b7c3d2f9a1e0b5c4d,Sealing is done by passing the sealing wire through the holes provided on the body of  machine. A lead seal is put at the end of the wire for stamping purpose (a typical schematic  diagram of sealing provision to prevent the fraudulent practices of the model is given above  as Figure 2). A dip switch has also been provided in mother board/PCB to disable access to  external calibration.,"shall also cover the weighing instruments of  similar make, accuracy and performance of same series with capacity up to 50kg with number  of verification scale interval (n) in the range of 500 to 10000 for ‘e’ value of 5g or more and  with number of verification scale interval (n) in the range of 100 to 10000 for ‘e’ value of  100mg to 2g with ‘e’value of 1x10k, 2x10k or 5x10k, where k is a positive or negative whole  number or equal to zero manufactured by the same manufacturer in accordance with the same",500 to 10000,5g or more and,100.0
427,27326,2026-09-10,I-21/274/2026-W&M Section,MEDI WAVES INC,Non-automatic weighing instrument,427.pdf,https://lm.doca.gov.in/ModelApproval/Certificates/2026/427.pdf,DOCA_MODEL_APPROVAL,PDF_TEXT,False,MWI-160,Medi Waves Inc.,"M/s Medi Waves Inc., B-68, G.T. Karnal Road Industrial Area",IND/09/26/,Mechanical Person Weighing Type,Class III,150kg,150.0,kg,5kg,5.0,500g,500.0,Dial Type,Lever based,Standard Strain Gauge,,C3,,Ver-1.0,,"Sealing is done by passing the sealing wire through the spring.  A lead seal is put at  the end of the wire for stamping purpose (Sealing diagram to prevent the fraudulent practices  of the model is given above as Figure 2).    Further, in exercise of the power conferred by sub-rule (9) of rule 8 of the Legal","shall also cover the weighing instruments of  similar make, accuracy and performance of same series with capacity up to 150kg with  number of verification scale interval (n)  in the range of 100 to 1000 for ‘e’ value of 5g or  more with ‘e’ value of 1x10k, 2x10k or  5x10k, where  k is a positive or negative whole number  or equal to zero manufactured by the same manufacturer in accordance with the same  principle, design and with the same materials with which, the said approved model has been",100 to 1000,5g or,100.0
428,25259,2026-09-14,I-21/276/2026-W&M Section,FULLER TECHNOLOGIES CEMENT INDIA LLP,Automatic Gravimetric Filling Instrument,428.pdf,https://lm.doca.gov.in/ModelApproval/Certificates/2026/428.pdf,DOCA_MODEL_APPROVAL,PDF_TEXT,False,EWU,FULLER,"M/s. Fuller Technologies 
Cement India LLP, 358/3, Ekhu Nagar",IND/09/26/,Automatic gravimetric filling instrument,"X(x), where x=1 of series “EWU” and with brand name “FULLER",50 kg,50.0,kg,5 kg,5.0,20 g,20.0,LCD,Electronics and Load cell based,based   Accuracy class,,C3,,Ventodigit 4,,Standard lead seal with wire passing through chassis holes.,,500 to 10000,5g or more,100.0
429,25262,2026-09-14,I-21/276/2026-W&M Section,FULLER TECHNOLOGIES CEMENT INDIA LLP,Automatic Gravimetric Filling Instrument,429.pdf,https://lm.doca.gov.in/ModelApproval/Certificates/2026/429.pdf,DOCA_MODEL_APPROVAL,PDF_TEXT,False,F800,FULLER,"M/s. Fuller Technologies 
Cement India LLP, 358/3, Ekhu Nagar",IND/09/26/,Automatic gravimetric filling instrument,"X(x), where x=1 of series “F800” and with brand name “FULLER",50 kg,50.0,kg,5 kg,5.0,20 g,20.0,LCD,Electronics and Load cell based,based   Accuracy class,,C3,,Unipulse 6.03,,Standard lead seal with wire passing through chassis holes.,,500 to 10000,5g or more,100.0
430,23897,2026-09-14,I-21/277/2026-W&M Section,RUPALI ARORA,Any other Weight or Measure,430.pdf,https://lm.doca.gov.in/ModelApproval/Certificates/2026/430.pdf,DOCA_MODEL_APPROVAL,PDF_TEXT,False,BTT,BAJAJ,"M/s ARORA AND COMPANY, 
Phar Bazar, BIKANER - 334001 (Rajasthan) and which is assigned the approval mark IND/09/26/ 430",IND/09/26/,Electronic Table Top (Multi Interval) Weighing Machine,Class III,10/20/30kg,30.0,kg,20g,0.02,1/2/5g,5.0,LED,Strain Gauge type load cell based.,based.  Load Cell,,C3,,V 2.8 version,0XAE36,Sealing is done by passing the sealing wire through the holes provided on the body of machine.  A lead seal is put at the end of the wire for stamping purpose (a typical schematic diagram of sealing  provision to prevent the fraudulent practices of the model is given above as Figure 2). A dip switch  has also been provided in mother board/PCB to disable access to external calibration.,"shall also cover the weighing instruments of similar make, accuracy and  performance of same series with capacity up to 50kg with number of verification scale interval (n) in  the range of 500 to 10000 for ‘e’ value of 5g or more and with number of verification scale interval  (n) in the range of 100 to 10000 for ‘e’ value of 100mg to 2g with ‘e’ value of 1x10k, 2x10k or 5x10k,  where k is a positive or negative whole number or equal to zero manufactured by the same  manufacturer in accordance with the same principle, design and with the same materials with which,",500 to 10000,5g or more and with number of verification scale interval,100.0
431,23898,2026-09-14,I-21/277/2026-W&M Section,RUPALI ARORA,Any other Weight or Measure,431.pdf,https://lm.doca.gov.in/ModelApproval/Certificates/2026/431.pdf,DOCA_MODEL_APPROVAL,PDF_TEXT,False,BPF,BAJAJ,"M/s ARORA AND COMPANY, 
Phar Bazar, BIKANER - 334001 (Rajasthan) and which is assigned the approval mark IND/09/26/431",IND/09/26/431,Electronic Platform (Multi Interval) Weighing Machine,Class III,100/200/300kg,300.0,kg,200g,0.2,10/20/50g,50.0,LED,Strain Gauge type load cell based.,based.  Load Cell,,C3,,V 2.8 version,0XAE36,Sealing is done by passing the sealing wire through the holes provided on the body of machine.  A lead seal is put at the end of the wire for stamping purpose (a typical schematic diagram of sealing  provision to prevent the fraudulent practices of the model is given above as Figure 2). A dip switch  has also been provided in mother board/PCB to disable access to external calibration.,"shall also cover the weighing instruments of similar make, accuracy and  performance of same series with capacity above 50kg and up to 5000kg with number of verification  scale interval (n) in the range of 500 to 10000 for ‘e’ value of 5g or more with ‘e’ value of 1x10k,  2x10k or 5x10k, where k is a positive or negative whole number or equal to zero manufactured by the  same manufacturer in accordance with the same principle, design and with the same materials with  which, the said approved",500 to 10000,5g or more with ‘e’ value of 1x10k,100.0
432,25286,2026-09-15,I-21/279/2026-W&M Section,VENKATACHALAM&CO,Non-automatic weighing instrument,432.pdf,https://lm.doca.gov.in/ModelApproval/Certificates/2026/432.pdf,DOCA_MODEL_APPROVAL,PDF_TEXT,False,OG,PLUS 9 ONE,"M/s VENKATACHALAM & CO., 590, VYSIAL STREEТ",IND/09/26/432,Electronic Table top type,Class I,3200g,3.2,kg,100mg,100.0,1mg,1.0,Full Colour Touch Screen Display,EMFC,Standard Strain Gauge,,C3,,8051/STC microcontroller firmware,SHA256:25C39E6AB2332DFF4CCB194E98BF62B5DB7F0CEF05,Sealing is done by passing the sealing wire through the holes provided on the body of  machine. A lead seal is put at the end of the wire for stamping purpose (Sealing diagram and  photograph to prevent the fraudulent practices of the model is given above as Figure 2). A dip  switch has also been provided in mother board/PCB to disable access to external calibration.,"shall also cover the weighing instruments of  similar make, accuracy and performance of same series with capacity up to 10kg with number  of verification scale interval (n)  50000 or more for ‘e’ value of 1mg or more with ‘e’ value  of 1x10k, 2x10k or  5x10k, where  k is a positive or negative whole number or equal to zero  manufactured by the same manufacturer in accordance with the same principle, design and  with the same materials with which, the said approved model has been manufactured.",500 to 10000,1mg or more with ‘e’ value,100.0
433,25287,2026-09-15,I-21/279/2026-W&M Section,VENKATACHALAM&CO,Non-automatic weighing instrument,433.pdf,https://lm.doca.gov.in/ModelApproval/Certificates/2026/433.pdf,DOCA_MODEL_APPROVAL,PDF_TEXT,False,TERRA,PLUS 9 ONE,"M/s VENKATACHALAM & CO., 590, VYSIAL STREEТ",IND/09/26/433,Electronic Table top type,Class I,1200g,1.2,kg,100mg,100.0,1mg,1.0,LCD,EMFC,Standard Strain Gauge,,C3,,STC15F2K48S2 microcontroller firmware,422BC6,Sealing is done by passing the sealing wire through the holes provided on the body of  machine. A lead seal is put at the end of the wire for stamping purpose (Sealing diagram and  photograph to prevent the fraudulent practices of the model is given above as Figure 2). A dip  switch has also been provided in mother board/PCB to disable access to external calibration.,"shall also cover the weighing instruments of  similar make, accuracy and performance of same series with capacity up to 10kg with number  of verification scale interval (n)  50000 or more for ‘e’ value of 1mg or more with ‘e’ value  of 1x10k, 2x10k or  5x10k, where  k is a positive or negative whole number or equal to zero  manufactured by the same manufacturer in accordance with the same principle, design and  with the same materials with which, the said approved model has been manufactured.",500 to 10000,1mg or more with ‘e’ value,100.0
434,25291,2026-09-15,I-21/279/2026-W&M Section,VENKATACHALAM&CO,Non-automatic weighing instrument,434.pdf,https://lm.doca.gov.in/ModelApproval/Certificates/2026/434.pdf,DOCA_MODEL_APPROVAL,PDF_TEXT,False,VECTOR,PLUS 9 ONE,"M/s VENKATACHALAM & CO., 590, VYSIAL STREEТ",IND/09/26/434,Electronic Table top type,Class I,600g,0.6,kg,100mg,100.0,1mg,1.0,Monochrome LCD Display with Backlit display,EMFC,Standard Strain Gauge,,C3,,GD32F103,68 74 74 70 ЗА 2F 2F 77 77 77 2E 63 6D 73 6F 66 74 2E,Sealing is done by passing the sealing wire through the holes provided on the body of  machine. A lead seal is put at the end of the wire for stamping purpose (Sealing diagram and  photograph to prevent the fraudulent practices of the model is given above as Figure 2). A dip  switch has also been provided in mother board/PCB to disable access to external calibration.,"shall also cover the weighing instruments of  similar make, accuracy and performance of same series with capacity up to 10Kg with number  of verification scale interval (n)  50000 or more for ‘e’ value of 1mg or more with ‘e’ value  of 1x10k, 2x10k or  5x10k, where  k is a positive or negative whole number or equal to zero  manufactured by the same manufacturer in accordance with the same principle, design and  with the same materials with which, the said approved model has been manufactured.",500 to 10000,1mg or more with ‘e’ value,100.0
435,25269,2026-09-15,I-21/275/2026-W&M Section,MALIK ENTERPRISES,Non-automatic weighing instrument,435.pdf,https://lm.doca.gov.in/ModelApproval/Certificates/2026/435.pdf,DOCA_MODEL_APPROVAL,PDF_TEXT,False,PBT,PRIME,"M/s MALIK 
ENTERPRISES, 
GROUND",IND/09/26/435,Electronic Table Top Weighing Machine,Class III,30kg,30.0,kg,100g,0.1,5g,5.0,LED,Strain Gauge type load cell based.,based.  Load Cell,,C3,,d2.1.hex,89e1b2f7cod95e6f3b7c3d2fqa1eob5cd6a7b8c9doe1f2a3e2,Sealing is done by passing the sealing wire through the holes provided on the body of machine.  A lead seal is put at the end of the wire for stamping purpose (a typical schematic diagram of sealing  provision to prevent the fraudulent practices of the model is given above as Figure 2). A dip switch  has also been provided in mother board/PCB to disable access to external calibration.,"shall also cover the weighing instruments of similar make, accuracy and  performance of same series with capacity up to 50kg with number of verification scale interval (n) in  the range of 500 to 10000 for ‘e’ value of 5g or more and with number of verification scale interval  (n) in the range of 100 to 10000 for ‘e’ value of 100mg to 2g with ‘e’value of 1x10k, 2x10k or 5x10k,  where k is a positive or negative whole number or equal to zero manufactured by the same  manufacturer in accordance with the same principle, design and with the same materials with which,",500 to 10000,5g or more and with number of verification scale interval,100.0
436,25270,2026-09-15,I-21/275/2026-W&M Section,MALIK ENTERPRISES,Non-automatic weighing instrument,436.pdf,https://lm.doca.gov.in/ModelApproval/Certificates/2026/436.pdf,DOCA_MODEL_APPROVAL,PDF_TEXT,False,PBP,PRIME,"M/s MALIK 
ENTERPRISES, 
GROUND",IND/09/26/436,Electronic Platform Weighing Machine,Class III,300kg,300.0,kg,1kg,1.0,50g,50.0,LED,Strain Gauge type load cell based.,based.  Load Cell,,C3,,d2.1.hex,89e1b2f7cod95e6f3b7c3d2fqa1eob5cd6a7b8c9doe1f2a3e2,Sealing is done by passing the sealing wire through the holes provided on the body of machine.  A lead seal is put at the end of the wire for stamping purpose (a typical schematic diagram of sealing  provision to prevent the fraudulent practices of the model is given above as Figure 2). A dip switch  has also been provided in mother board/PCB to disable access to external calibration.,"shall also cover the weighing instruments of similar make, accuracy and  performance of same series with capacity above 50kg and up to 5000kg with number of verification  scale interval (n) in the range of 500 to 10000 for ‘e’ value of 5g or more with ‘e’ value of 1x10k,  2x10k or 5x10k, where k is a positive or negative whole number or equal to zero manufactured by the  same manufacturer in accordance with the same principle, design and with the same materials with  which, the said approved.",500 to 10000,5g or more with ‘e’ value of 1x10k,100.0
437,24116,2026-09-15,I-21/278/2026-W&M Section,MALAVIYA DIGITAL SCALE,Non-automatic weighing instrument,437.pdf,https://lm.doca.gov.in/ModelApproval/Certificates/2026/437.pdf,DOCA_MODEL_APPROVAL,PDF_TEXT,False,WB,MDS,"M/s MALAVIYA DIGITAL SCALE, Sr.No.- 606/1 &",IND/09/26/437,Electronic  Weighbridge,Class III,40000 kg,40000.0,kg,200kg,200.0,10kg,10000.0,One LED  display for weight indication  and One  LCD,Strain Gauge Type of load Cell,KELI,QS-D,C3,30t,d2.1.hex,89e1b2f7cod95e6f3b7c3d2fqa1eob5cd6a7b8c9doe1f,Sealing is done by passing the sealing wire through the holes provided on the body  of machine. A lead seal is put at the end of the wire for stamping purpose (a typical  schematic diagram of sealing provision to prevent the fraudulent practices of the model is  given above as Figure 2). A dip switch has also been provided in mother board/PCB to  disable access to external calibration.,"shall also cover the Weighing instruments of  similar make, accuracy and performance of same series with capacity above 5tonne and up  to 150tonne with number of verification scale intervals (n)in the range of 500 to 10000 for  ‘e’ value of 5g or more with ‘e’ value of 1x10k, 2x10k or 5x10k, where k is a positive or  negative whole number or equal to zero manufactured by the same manufacturer in  accordance with the same principle, design and with the same materials with which, the said",500 to 10000,5g or more with ‘e’ value of 1x10k,100.0
438,27320,2026-09-15,I-21/280/2026-W&M Section,BEURER INDIA PRIVATE LIMITED,Sphygmomanometer (Blood Pressure Meter),438.pdf,https://lm.doca.gov.in/ModelApproval/Certificates/2026/438.pdf,DOCA_MODEL_APPROVAL,PDF_TEXT,False,BM 46,BEURER,"M/s Beurer India Private Limited, Warehouse No.1, DCB Group",IND/09/26/,Sphygmomanometer (Blood Pressure Meter),Class III,30 kg,30.0,kg,100 g,0.1,1mmHg. A LCD display indicates the results of the measurement and the instrument,1.0,indicates the results of the measurement and the instrument,Strain Gauge type load cell based,Standard Strain Gauge,,C3,,of the model is 850100 and checksum  is 46353.,is 46353.,Standard lead seal with wire passing through chassis holes.,,500 to 10000,5g or more,100.0
439,24225,2026-09-15,I-21/280/2026-W&M Section,BEURER INDIA PRIVATE LIMITED,Sphygmomanometer (Blood Pressure Meter),439.pdf,https://lm.doca.gov.in/ModelApproval/Certificates/2026/439.pdf,DOCA_MODEL_APPROVAL,PDF_TEXT,False,BM 32,BEURER,"M/s Beurer India Private Limited, Warehouse No.1, DCB Group",IND/09/26/,Sphygmomanometer (Blood Pressure Meter),Class III,30 kg,30.0,kg,100 g,0.1,1mmHg. A LCD display indicates the results of the measurement and the instrument,1.0,indicates the results of the measurement and the instrument,Strain Gauge type load cell based,Standard Strain Gauge,,C3,,of the model is 870100 and checksum  is 44105.,is 44105.,Standard lead seal with wire passing through chassis holes.,,500 to 10000,5g or more,100.0
440,24232,2026-09-15,I-21/280/2026-W&M Section,BEURER INDIA PRIVATE LIMITED,Sphygmomanometer (Blood Pressure Meter),440.pdf,https://lm.doca.gov.in/ModelApproval/Certificates/2026/440.pdf,DOCA_MODEL_APPROVAL,PDF_TEXT,False,BM 36,BEURER,"M/s Beurer India Private Limited, Warehouse No.1, DCB Group",IND/09/26/440,Sphygmomanometer (Blood Pressure Meter),Class III,30 kg,30.0,kg,100 g,0.1,1mmHg. A LCD display indicates the results of the measurement and the instrument,1.0,indicates the results of the measurement and the instrument,Strain Gauge type load cell based,Standard Strain Gauge,,C3,,of the model is 880100 and checksum  is 46377.,is 46377.,Standard lead seal with wire passing through chassis holes.,,500 to 10000,5g or more,100.0
441,25272,2026-09-17,I-21/234/2026-W&M Section,POLARISGRIDS PRIVATE LIMITED,Gas Meters,441.pdf,https://lm.doca.gov.in/ModelApproval/Certificates/2026/441.pdf,DOCA_MODEL_APPROVAL,PDF_TEXT,False,described,ZENNER,"M/s ZENNER 
Metering Technology(Shanghai) Ltd. No. 800, Songda Road, Qingpu Industrial Zone",IND/09/26/441,Gas Meters,1.5 (hereinafter referred to as the said model) manufactured by M/s ZENNER,30 kg,30.0,kg,100 g,0.1,(m3),3.0,Digital LED/LCD,Strain Gauge type load cell based,Standard Strain Gauge,,C3,,Ver-1.0,,Standard lead seal with wire passing through chassis holes.,,500 to 10000,5g or more,100.0
442,24229,2026-09-17,I-21/282/2026-W&M Section,INBODY INDIA PRIVATE LIMITED,Any other Weight or Measure,442.pdf,https://lm.doca.gov.in/ModelApproval/Certificates/2026/442.pdf,DOCA_MODEL_APPROVAL,PDF_TEXT,False,InBody 120,InBody,"M/s Inbody Co. Ltd., Inbody Building, 625",IND/09/26/442,Personal Weighing Scale Type,Class III,250kg,250.0,kg,2kg,2.0,100g,100.0,LCD,Strain Gauge Type of load Cell,"Load Cell Details  Model: CZL902, Accura",CZL902,C3,acity,120MA-0250,19528c5edce099269af8a334af2461da,Sealing is done by passing the sealing wire through the holes provided on the body  of machine. A lead seal is put at the end of the wire for stamping purpose (a typical  schematic diagram of sealing provision to prevent the fraudulent practices of the model is  given above as Figure 2). A dip switch has also been provided in mother board/PCB to  disable access to external calibration.,"shall also cover the weighing instruments of  similar make, accuracy and performance of same series with capacity above 50kg and up  to 250kg with number of verification scale interval (n)  in the range of 500 to 10000 for ‘e’  value of 5g or more with ‘e’ value of 1x10k, 2x10k or  5x10k, where  k is a positive or  negative whole number or equal to zero manufactured by the same manufacturer in  accordance with the same principle, design and with the same materials with which, the",500 to 10000,5g or more with ‘e’ value of 1x10k,100.0
443,27328,2026-09-17,I-21/285/2026-W&M Section,SHREE GAJANAND SALES,Non-automatic weighing instrument,443.pdf,https://lm.doca.gov.in/ModelApproval/Certificates/2026/443.pdf,DOCA_MODEL_APPROVAL,PDF_TEXT,False,AWSPF-III,ADISON WEIGHING SCALE,"M/s Shree Gajanand Sales, Plot No.11, Near",IND/09/26/443,Electronic Platform type weighing instrument,Class III,300 kg,300.0,kg,1kg,1.0,50 g,50.0,LED,Strain Gauge Type load Cell based,based  Load Cell,,C3,,V3,3F90,Sealing is done by passing the sealing wire through the holes provided on the body of  machine. A lead seal is put at the end of the wire for stamping purpose (a typical schematic  diagram of sealing provision to prevent the fraudulent practices of the model is given above  as Figure 2). A dip switch has also been provided in mother board/PCB to disable access to  external calibration.,"shall also cover the weighing instruments of similar  make, accuracy and performance of same series with capacity above 50kg and up to 5000kg  with number of verification scale interval (n) in the range of 500 to 10000 for ‘e’ value of 5g  or more with ‘e’ value of 1x10k, 2x10k or 5x10k, where k is a positive or negative whole  number or equal to zero manufactured by the same manufacturer in accordance with the same  principle, design and with the same materials with which, the said approved model has been",500 to 10000,5g,100.0
444,27329,2026-09-17,I-21/285/2026-W&M Section,SHREE GAJANAND SALES,Non-automatic weighing instrument,444.pdf,https://lm.doca.gov.in/ModelApproval/Certificates/2026/444.pdf,DOCA_MODEL_APPROVAL,PDF_TEXT,False,AWSTT-III,ADISON WEIGHING SCALE,"M/s Shree Gajanand Sales, Plot No.11, Near",IND/09/26/444,Electronic  Table top type,Class III,30 kg,30.0,kg,100g,0.1,5 g,5.0,LED,Strain Gauge Type load Cell based,based  Load Cell,,C3,,V3,3F90,Sealing is done by passing the sealing wire through the holes provided on the body of  machine. A lead seal is put at the end of the wire for stamping purpose (a typical schematic  diagram of sealing provision to prevent the fraudulent practices of the model is given above  as Figure 2). A dip switch has also been provided in mother board/PCB to disable access to  external calibration.,"shall also cover the weighing instruments of  similar make, accuracy and performance of same series with capacity up to 50kg with number  of verification scale interval (n)  in the range of 500 to 10000 for ‘e’ value of 5g or more and  with number of verification scale interval (n) in the range of 100 to 10000 for ‘e’ value of  100mg to 2g with ‘e’ value of 1x10k, 2x10k or  5x10k, where  k is a positive or negative whole  number or equal to zero manufactured by the same manufacturer in accordance with the same",500 to 10000,5g or more and,100.0
445,24120,2026-09-17,I-21/286/2026-W&M Section,A J KANTA SALES AND SERVICE,Non-automatic weighing instrument,445.pdf,https://lm.doca.gov.in/ModelApproval/Certificates/2026/445.pdf,DOCA_MODEL_APPROVAL,PDF_TEXT,False,AJTT,A J,"M/s A J KANTA SALES AND SERVICE, Near Masjid Darooga",IND/09/26/445,Electronic Table Top Weighing Machine,Class II,30kg,30.0,kg,100g,0.1,2g,2.0,LED,Strain Gauge Type of load Cell,ADI ARCTECH,,C3,,ADS1130,7777,Sealing is done by passing the sealing wire through the holes provided on the body of  machine. A lead seal is put at the end of the wire for stamping purpose (a typical schematic  diagram of sealing provision to prevent the fraudulent practices of the model is given above  as Figure 2). A dip switch has also been provided in mother board/PCB to disable access to  external calibration.,"shall also cover the weighing instruments of  similar make, accuracy and performance of same series with capacity up to 50kg with number  of verification scale interval (n)  in the range of 5000 to 60000 for ‘e’ value of 100mg or more  and with number of verification scale interval (n) in the range of 100 to 60000 for ‘e’ value  of 1mg to 50mg with ‘e’ value of 1x10k, 2x10k or  5x10k, where  k is a positive or negative  whole number or equal to zero manufactured by the same manufacturer in accordance with",5000 to 60000,100mg or more,100.0
446,23985,2026-09-17,I-21/287/2026-W&M Section,OPTIMA MEDITECH PRIVATE LIMITED,Sphygmomanometer (Blood Pressure Meter),446.pdf,https://lm.doca.gov.in/ModelApproval/Certificates/2026/446.pdf,DOCA_MODEL_APPROVAL,PDF_TEXT,False,OBP-113,OPTIMA MEDITECH,"M/s Optima 
Meditech Private Limited, Plot no.169, Sector -68",IND/09/26/,Sphygmomanometer (Blood Pressure Meter),Class III,30 kg,30.0,kg,100 g,0.1,1mmHg. A LCD display indicates the results of the measurement and the,1.0,indicates the results of the measurement and the,Strain Gauge type load cell based,Standard Strain Gauge,,C3,,is wbp122-hv1.0 and checksum,value is WBP122062_HV1.0_CRC32_BF68C17F_FV1.2_20250912.fw.,Standard lead seal with wire passing through chassis holes.,,500 to 10000,5g or more,100.0
447,26292,2026-09-17,I-21/288/2026-W&M Section,CANNAN WEIGHING SYSTEM,Non-automatic weighing instrument,447.pdf,https://lm.doca.gov.in/ModelApproval/Certificates/2026/447.pdf,DOCA_MODEL_APPROVAL,PDF_TEXT,False,ANDCH,AND DIGISCALE,"M/s CANNAN WEIGHING SYSTEM, BA-41, 
MANGOLPURI",IND/09/26/447,Electronic Bench type weighing instrument,Class III,300 kg,300.0,kg,1kg,1.0,50 g,50.0,LED,Strain Gauge Type load Cell based,based  Load Cell,,C3,,d2.1.hex,89e1b2f7cod95e6f3b7c3d2fqa1eob5cd6a7b8c9doe1f2a3e,Sealing is done by passing the sealing wire through the holes provided on the body of  machine. A lead seal is put at the end of the wire for stamping purpose (a typical schematic  diagram of sealing provision to prevent the fraudulent practices of the model is given above  as Figure 2). A dip switch has also been provided in mother board/PCB to disable access to  external calibration.,"shall also cover the weighing instruments of similar  make, accuracy and performance of same series with capacity above 50kg and up to 1000kg  with number of verification scale interval (n) in the range of 500 to 10000 for ‘e’ value of 5g  or more with ‘e’ value of 1x10k, 2x10k or 5x10k, where k is a positive or negative whole  number or equal to zero manufactured by the same manufacturer in accordance with the same  principle, design and with the same materials with which, the said approved model has been",500 to 10000,5g,100.0
448,26291,2026-09-17,I-21/288/2026-W&M Section,CANNAN WEIGHING SYSTEM,Non-automatic weighing instrument,448.pdf,https://lm.doca.gov.in/ModelApproval/Certificates/2026/448.pdf,DOCA_MODEL_APPROVAL,PDF_TEXT,False,ANDT,AND DIGISCALE,"M/s CANNAN WEIGHING SYSTEM, BA-41, 
MANGOLPURI",IND/09/26/448,Electronic  Table top type,Class III,30 kg,30.0,kg,100g,0.1,5 g,5.0,LED,Strain Gauge Type load Cell based,based  Load Cell,,C3,,d2.1.hex,89e1b2f7cod95e6f3b7c3d2fqa1eob5cd6a7b8c9doe1f2a,Sealing is done by passing the sealing wire through the holes provided on the body of  machine. A lead seal is put at the end of the wire for stamping purpose (a typical schematic,"shall also cover the weighing instruments of  similar make, accuracy and performance of same series with capacity up to 50kg with number  of verification scale interval (n)  in the range of 500 to 10000 for ‘e’ value of 5g or more and  with number of verification scale interval (n) in the range of 100 to 10000 for ‘e’ value of  100mg to 2g with ‘e’ value of 1x10k, 2x10k or  5x10k, where  k is a positive or negative whole  number or equal to zero manufactured by the same manufacturer in accordance with the same",500 to 10000,5g or more and,100.0
449,24168,2026-09-18,I-21/208/2026-W&M Section,NILKAMAL LIMITED,Non-automatic weighing instrument,449.pdf,https://lm.doca.gov.in/ModelApproval/Certificates/2026/449.pdf,DOCA_MODEL_APPROVAL,PDF_TEXT,False,BFC,NILKAMAL,"M/s. Ningbo Ruyi Joint Stock Co. Ltd, North Taoyuan Road, Ninghai",IND/09/26/449,Pallet Scale Type,Class III,300kg,300.0,kg,4kg,4.0,200g,200.0,LCD display with LED backlight,Strain Gauge Type of  Load Cell,Load Cell  Make-GREEN,,C3,,Motherboard_Firmware_v1.0.0,F3346106C9571B6707,Sealing is done by passing the sealing wire through the holes provided on the body of  machine. A lead seal is put at the end of the wire for stamping purpose (a typical schematic  diagram of sealing provision to prevent the fraudulent practices of the model is given above  as Figure 2). A dip switch has also been provided in mother board/PCB to disable access to  external calibration.,,500 to 10000,5g or more,100.0
450,24228,2026-09-23,I-21/289/2026-W&M Section,INBODY INDIA PRIVATE LIMITED,Any other Weight or Measure,450.pdf,https://lm.doca.gov.in/ModelApproval/Certificates/2026/450.pdf,DOCA_MODEL_APPROVAL,PDF_TEXT,False,InBody 380,InBody,"M/s Inbody Co. Ltd., Inbody Building, 625",IND/09/26/450,Personal Weighing Scale Type,Class III,300kg,300.0,kg,2kg,2.0,100g,100.0,LCD,Strain Gauge Type of load Cell,"Load Cell Details  Model: 202WA, Accurac",202WA,C3,acity,DN03-380DM,3d849e4dfec3457c5c8c5f8c20ee92b4,Sealing is done by passing the sealing wire through the holes provided on the body  of machine. A lead seal is put at the end of the wire for stamping purpose (a typical  schematic diagram of sealing provision to prevent the fraudulent practices of the model is  given above as Figure 2). A dip switch has also been provided in mother board/PCB to  disable access to external calibration.,,500 to 10000,5g or more,100.0
451,24121,2026-09-23,I-21/290/2026-W&M Section,A J KANTA SALES AND SERVICE,Non-automatic weighing instrument,451.pdf,https://lm.doca.gov.in/ModelApproval/Certificates/2026/451.pdf,DOCA_MODEL_APPROVAL,PDF_TEXT,False,AJPF,A J,"M/s A J KANTA SALES AND SERVICE, Near Masjid Darooga",IND/09/26/451,Electronic Table Top Weighing Machine,Class III,300kg,300.0,kg,1kg,1.0,50g,50.0,LED,Strain Gauge Type of load Cell,ADI ARCTECH,,C3,,ADS1130,7777,Sealing is done by passing the sealing wire through the holes provided on the body of  machine. A lead seal is put at the end of the wire for stamping purpose (a typical schematic  diagram of sealing provision to prevent the fraudulent practices of the model is given above  as Figure 2). A dip switch has also been provided in mother board/PCB to disable access to  external calibration.,"shall also cover the weighing instruments of  similar make, accuracy and performance of same series with capacity above 50kg and up to  5000kg with number of verification scale interval (n) in the range of 500 to 10000 for ‘e’  value of 5g or more with ‘e’ value of 1x10k, 2x10k or 5x10k, where k is a positive or negative  whole number or equal to zero manufactured by the same manufacturer in accordance with  the same principle, design and with the same materials with which, the said approved",500 to 10000,5g or more with ‘e’ value of 1x10k,100.0
23614,23614,2026-01-28,I-21/12/2026-W&M Section,ABINASH DIGITAL SCALES,Non-automatic weighing instrument,23614.pdf,https://lm.doca.gov.in/ModelApproval/Certificates/2026/23614.pdf,DOCA_MODEL_APPROVAL,PDF_TEXT,False,ADSPF,ABINASH,"M/s Abinash Digital Scales, L.K.B. Road, Amulapatty",IND/09/26/41,Platform Type,Class III,300kg,300.0,kg,1kg,1.0,50g,50.0,LED,Strain Gauge type load cell based,based  Load Cell,,C3,,mothercard firmware v1.5.0.hex,e24a8d3c12b7f5a89e1b2f7c0d95e6f3b7c3d2f9a1e0b5,Sealing is done by passing the sealing wire through the holes provided on the body of  machine. A lead seal is put at the end of the wire for stamping purpose (Sealing diagram and  photograph to prevent the fraudulent practices of the model is given above as Figure 2). A dip  switch has also been provided in mother board/PCB to disable access to external calibration.,"shall also cover the weighing instruments of  similar make, accuracy and performance of same series with capacity above 50kg and up to  5000kg with number of verification scale interval (n)  in the range of 500 to 10000 for ‘e’  value of 5g or more with ‘e’ value of 1x10k, 2x10k or  5x10k, where  k is a positive or negative  whole number or equal to zero manufactured by the same manufacturer in accordance with  the same principle, design and with the same materials with which, the said approved model",500 to 10000,5g or more with ‘e’ value of 1x10k,100.0
23621,23621,2026-01-07,I-21/2/2026-W&M Section,QUANTICA ENGINEERING WORKS PRIVATE LIMITED,Non-automatic weighing instrument,23621.pdf,https://lm.doca.gov.in/ModelApproval/Certificates/2026/23621.pdf,DOCA_MODEL_APPROVAL,PDF_TEXT,False,UER 24,TVS,"M/s. Quantica Engineering Works Private Limited, 13/445, Ansariyan",IND/09/26/,Electronic Weighbridge type,Class III,40t,40.0,tonne,200kg,200.0,10kg,10000.0,LED,Strain Gauge type digital load cell based,based  Load Cell,,C3,,Uer24_tvs.hex,00a95a87d49c2efcbb6fefa6ee1125c495d7919d91e,Sealing is done by passing the sealing wire through the holes provided on the body of  machine. A lead seal is put at the end of the wire for stamping purpose (a typical schematic  diagram of sealing provision to prevent the fraudulent practices of the model is given above  as Figure 2). A dip switch has also been provided in mother board/PCB to disable access to  external calibration.,"shall also cover the weighing instruments of  similar make, accuracy and performance of same series with capacity above 5t and up to 150t  with number of verification scale interval (n)  in the range of 500 to 10000 for ‘e’ value of 5g  or more  with ‘e’ value of 1x10k, 2x10k or  5x10k, where  k is a positive or negative whole  number or equal to zero manufactured by the same manufacturer in accordance with the same  principle, design and with the same materials with which, the said approved model has been",500 to 10000,5g,100.0
23678,23678,2026-01-27,I-21/15/2026-W&M Section,SINGHA SCALES,Non-automatic weighing instrument,23678.pdf,https://lm.doca.gov.in/ModelApproval/Certificates/2026/23678.pdf,DOCA_MODEL_APPROVAL,PDF_TEXT,False,SSTT,SINGHA SCALES,"M/s Singha Scales, Vill- West Howdavita,P.O.& P.S-Kharibari",IND/09/26/36,Electronic Table top (Multi Interval) Type,Class III,10kg/20kg/30kg,30.0,kg,20g,0.02,1g/2g/5g,5.0,LED,Strain Gauge type load cell based,based  Load Cell,,C3,,mothercard firmware v1.5.0.hex,e24a8d3c12b7f5a89e1b2f7c0d95e6f3b7c3d2f9a1e0b5,Sealing is done by passing the sealing wire through the holes provided on the body of  machine. A lead seal is put at the end of the wire for stamping purpose (Sealing diagram and  photograph to prevent the fraudulent practices of the model is given above as Figure 2). A dip  switch has also been provided in mother board/PCB to disable access to external calibration.,"shall also cover the weighing instruments of  similar make, accuracy and performance of same series with capacity up to 50kg with number  of verification scale interval (n)  in the range of 500 to 10000 for ‘e’ value of 5g or more and  with number of verification scale interval (n) in the range of 100 to 10000 for ‘e’ value of  100mg to 2g with ‘e’ value of 1x10k, 2x10k or  5x10k, where  k is a positive or negative whole  number or equal to zero manufactured by the same manufacturer in accordance with the same",500 to 10000,5g or more and,100.0
